uid,filename,projection,MeSH,Problems,image,indication,comparison,findings,impression,image_path,llavamed_report,llavamed_report_with_VCD
52,52_IM-2131-1001.dcm.png,Frontal,normal,normal,"PA and Lateral Chest Radiograph XXXX, XXXX at XXXX p.m. ",XXXX-year-old male with chest pain,,"The heart is normal size. The mediastinum is unremarkable. There is no pleural effusion, pneumothorax, or focal airspace disease. The XXXX are unremarkable.",No acute cardiopulmonary abnormality.,/home/20213144/.cache/kagglehub/datasets/raddar/chest-xrays-indiana-university/versions/2/images/images_normalized/52_IM-2131-1001.dcm.png,"Radiology Report

Chest X-ray

Findings:
The chest X-ray shows a small amount of pleural effusion in the right lower lobe of the lung. 

Impression:
The presence of a small amount of pleural effusion in the right lower lobe of the lung may indicate an underlying issue, such as an infection, inflammation, or other lung condition. Further evaluation and clinical correlation are needed to determine the cause and appropriate treatment for this finding.",Findings: The chest X-ray shows an interval decrease in the size of the left lower lobe infiltrate. This suggests that there has been some improvement in the lung condition over the course of the treatment.
53,53_IM-2138-1001.dcm.png,Frontal,Lung/hypoinflation/severe;Opacity/lung/base/right;Pulmonary Atelectasis/base/right,Lung;Opacity;Pulmonary Atelectasis,"CHEST (PA AND LATERAL) on XXXX, XXXX.","Dizziness, hypoxia.","PA and lateral views of the chest on XXXX, XXXX.",There extremely low lung volumes. there is right basilar opacity. There is no pneumothorax. There is no large pleural effusion. Cardiac silhouette and mediastinal contours are within normal limits.,"Low lung volumes with right basilar atelectasis. Otherwise, no acute cardiopulmonary disease.",/home/20213144/.cache/kagglehub/datasets/raddar/chest-xrays-indiana-university/versions/2/images/images_normalized/53_IM-2138-1001.dcm.png,"Radiology Report

Chest X-ray

Findings:
The chest X-ray shows a small amount of pleural effusion in the right lower lobe of the lung. 

Impression:
The presence of a small amount of pleural effusion in the right lower lobe of the lung may indicate an underlying issue, such as infection, inflammation, or other lung conditions. Further evaluation and clinical correlation are needed to determine the cause and significance of this finding.","Radiology Report

Chest X-ray

Findings:
The chest X-ray shows a small amount of pleural effusion in the right lower lobe of the lung. 

Impression:
The presence of a small amount of pleural effusion in the right lower lobe of the lung may indicate an underlying issue, such as infection, inflammation, or other lung conditions. Further evaluation and clinical correlation are needed to determine the cause and significance of this finding."
54,54_IM-2145-1001.dcm.png,Frontal,"Pulmonary Atelectasis/base/right/mild;Aorta, Thoracic/tortuous;Calcified Granuloma/scattered","Pulmonary Atelectasis;Aorta, Thoracic;Calcified Granuloma","PA and lateral chest x-XXXX dated XXXX, XXXX at XXXX p.m.. ","XXXX-year-old woman, prior to Enbrel therapy..",None.,"The lungs are clear bilaterally. Specifically, no evidence of focal consolidation, pneumothorax, or pleural effusion.. Minimal right basilar subsegmental atelectasis noted. Cardio mediastinal silhouette is unremarkable. Tortuosity of the thoracic aorta noted. Scattered calcified granulomas are seen without evidence of active granulomatous/tuberculous process. Visualized osseous structures of the thorax are without acute abnormality.",No acute cardiopulmonary abnormality.,/home/20213144/.cache/kagglehub/datasets/raddar/chest-xrays-indiana-university/versions/2/images/images_normalized/54_IM-2145-1001.dcm.png,"Findings: The chest X-ray shows cardiomegaly, which is an enlargement of the heart, and mild pulmonary congestion. These findings may indicate an underlying heart or lung condition that requires further evaluation and clinical correlation.","Findings: The chest X-ray shows cardiomegaly, which is an enlargement of the heart, and pulmonary congestion, which is a buildup of fluid in the lungs."
55,55_IM-2154-1001.dcm.png,Frontal,Lung/hypoinflation,Lung,"CHEST 2V FRONTAL/LATERAL XXXX, XXXX XXXX PM ",chest pain,"XXXX, XXXX.","Lung lines remain low. However, no focal infiltrates are identified. Heart and pulmonary XXXX are normal.",XXXX change. Hypoinflation with no visible active cardiopulmonary disease.,/home/20213144/.cache/kagglehub/datasets/raddar/chest-xrays-indiana-university/versions/2/images/images_normalized/55_IM-2154-1001.dcm.png,"Findings: The chest X-ray shows cardiomegaly, which is an enlargement of the heart, and mild pulmonary congestion. These findings may indicate an underlying heart or lung condition that requires further evaluation and clinical correlation.","Radiology Report

Chest X-ray

Findings:
The chest X-ray shows a small amount of pleural effusion in the right lower lobe of the lung. 

Impression:
The presence of a small amount of pleural effusion in the right lower lobe of the lung may indicate an underlying issue, such as infection, inflammation, or other lung conditions. Further evaluation and clinical correlation are needed to determine the cause and significance of this finding."
56,56_IM-2160-2002.dcm.png,Frontal,normal,normal,Xray Chest PA and Lateral,"XXXX loss, XXXX",,The heart is normal in size. The mediastinum is unremarkable. The lungs are clear.,No acute disease.,/home/20213144/.cache/kagglehub/datasets/raddar/chest-xrays-indiana-university/versions/2/images/images_normalized/56_IM-2160-2002.dcm.png,"Findings: The chest X-ray shows cardiomegaly, which is an enlargement of the heart, and mild pulmonary congestion. These findings may indicate an underlying heart or lung condition that requires further evaluation and clinical correlation.","Findings: The chest X-ray shows cardiomegaly, which is an enlargement of the heart, and mild pulmonary congestion. These findings may indicate an underlying heart or lung condition that requires further evaluation and clinical correlation."
57,57_IM-2170-1001-0002.dcm.png,Frontal,"Tube, Inserted/trachea, carina;Opacity/lung/bilateral/interstitial/diffuse/prominent;Spine/degenerative/mild","Tube, Inserted;Opacity;Spine",Xray Chest PA and Lateral,"XXXX-year-old female with history of pneumonia, followup study",,"The tracheostomy tube tip is 5 cm above the carina. There are prominent diffuse bilateral interstitial opacities, stable from prior radiographs. There is no focal airspace consolidation. No pleural effusion. No pneumothorax. Heart size is within normal limits. There are mild degenerative changes of the spine.","1. No focal airspace consolidation. 2. Prominent bilateral interstitial opacities, stable from prior radiographs.",/home/20213144/.cache/kagglehub/datasets/raddar/chest-xrays-indiana-university/versions/2/images/images_normalized/57_IM-2170-1001-0002.dcm.png,"Radiology Report

Chest X-ray

Findings:
The chest X-ray shows a small amount of pleural effusion in the right lower lobe of the lung. 

Impression:
The presence of a small amount of pleural effusion in the right lower lobe of the lung may indicate an underlying issue, such as infection, inflammation, or other lung conditions. Further evaluation and clinical correlation are needed to determine the cause and significance of this finding.","Radiology Report

Chest X-ray

Findings:
The chest X-ray shows a small amount of pleural effusion in the right lower lobe of the lung. 

Impression:
The presence of a small amount of pleural effusion in the right lower lobe of the lung may indicate an underlying issue, such as infection, inflammation, or other lung conditions. Further evaluation and clinical correlation are needed to determine the cause and significance of this finding."
58,58_IM-2177-1001.dcm.png,Frontal,Thoracic Vertebrae/degenerative;Scoliosis/thoracic vertebrae/mild,Thoracic Vertebrae;Scoliosis,CHEST 2V FRONTAL/LATERAL ,Left arm numbness,,The heart is normal in size. The mediastinum is unremarkable. The lungs are clear. Mild scoliosis and degenerative changes of the thoracic spine noted.,No acute disease.,/home/20213144/.cache/kagglehub/datasets/raddar/chest-xrays-indiana-university/versions/2/images/images_normalized/58_IM-2177-1001.dcm.png,Findings: The chest X-ray shows an interval decrease in the size of the left lower lobe infiltrate. This suggests that there has been some improvement in the lung condition over the course of the treatment.,"Findings: The chest X-ray shows a right basal infiltrate, which is an area of increased density in the lower part of the right lung."
59,59_IM-2184-1001.dcm.png,Frontal,Diaphragm/left/elevated,Diaphragm,Xray Chest PA and Lateral,"XXXX-year-old male with history of XXXX cell, back pain","XXXX, XXXX","The cardiac silhouette, mediastinum, and pulmonary vasculature are unremarkable. There is stable elevation of the left hemidiaphragm. Lungs are clear. No pleural fluid or pneumothorax is appreciated. Cholecystectomy clips are noted in the right upper quadrant.",No acute abnormalities are seen. .,/home/20213144/.cache/kagglehub/datasets/raddar/chest-xrays-indiana-university/versions/2/images/images_normalized/59_IM-2184-1001.dcm.png,"Findings: The chest X-ray shows cardiomegaly, which is an enlargement of the heart, and mild pulmonary congestion. These findings may indicate an underlying heart or lung condition that requires further evaluation and clinical correlation.","Findings: The chest X-ray shows cardiomegaly, which is an enlargement of the heart, and mild pulmonary congestion. These findings may indicate an underlying heart or lung condition that requires further evaluation and clinical correlation."
60,60_IM-2192-1001.dcm.png,Frontal,"Hernia, Hiatal;Density/lung/lower lobe/left/round;Mass/lung/lower lobe/left/round","Hernia, Hiatal;Density;Mass",Chest radiograph PA and lateral XXXX/XXXX at XXXX. ,XXXX-year-old male for preop evaluation.,Chest radiograph XXXX/XXXX.,"Stable appearance of hiatal hernia. Clear right lung XXXX.In the left superior lower lobe there is a 1.9 x 1.8 cm round area of density which has increased in size compared to prior chest radiograph and recommend a XXXX chest, abdomen and pelvis with contrast as this area is suspicious for potential malignancy. Normal cardiac contour. No pneumothorax or pleural effusion.","1. Round area of density measuring 1.9 x 1.8 cm in left superior lower lobe with interval increased size compared to prior imaging. Recommend XXXX chest, abdomen and pelvis with contrast for further evaluation. Dr. XXXX XXXX notified by the Veriphy critical result notification XXXX of the left pulmonary mass and recommended followup XXXX chest, abdomen and pelvis with contrast at XXXX XXXX/XXXX.",/home/20213144/.cache/kagglehub/datasets/raddar/chest-xrays-indiana-university/versions/2/images/images_normalized/60_IM-2192-1001.dcm.png,"Radiology Report

Chest X-ray

Findings:
The chest X-ray shows a small amount of pleural effusion in the right lower lobe.","Radiology Report

Chest X-ray

Findings:
The chest X-ray shows a small amount of pleural effusion in the right lower lobe. 

Impression:
The presence of a small amount of pleural effusion in the right lower lobe may indicate an underlying issue, such as infection, inflammation, or other lung conditions. Further evaluation and clinical correlation are needed to determine the cause and significance of this finding."
61,61_IM-2197-1001.dcm.png,Frontal,Calcinosis/lymph nodes/right/paratracheal,Calcinosis,PA and lateral chest,chest pain,,,3 cm calcified right paratracheal lymph node. This most XXXX due to old histoplasmosis. Heart size is normal. Lungs clear,/home/20213144/.cache/kagglehub/datasets/raddar/chest-xrays-indiana-university/versions/2/images/images_normalized/61_IM-2197-1001.dcm.png,"Radiology Report

Chest X-ray

Findings:
The chest X-ray shows a small amount of pleural effusion in the right lower lobe of the lung. 

Impression:
The presence of a small amount of pleural effusion in the right lower lobe of the lung may indicate an underlying issue, such as infection, inflammation, or other lung conditions. Further evaluation and clinical correlation are needed to determine the cause and significance of this finding.","Radiology Report

Chest X-ray

Findings:
The chest X-ray shows a small amount of pleural effusion in the right lower lobe of the lung. 

Impression:
The presence of a small amount of pleural effusion in the right lower lobe of the lung may indicate an underlying issue, such as infection, inflammation, or other lung conditions. Further evaluation and clinical correlation are needed to determine the cause and significance of this finding."
62,62_IM-2202-12012.dcm.png,Frontal,Stents/coronary vessels;Spine/degenerative;Calcinosis/mediastinum/lymph nodes,Stents;Spine;Calcinosis,Xray Chest PA and Lateral,Chest pain,,Status post XXXX sternotomy and CABG. Heart size is normal. Coronary vascular stent. The lungs are clear. There are no focal air space consolidations. No pleural effusions or pneumothoraces. The hilar and mediastinal contours are stable. Calcified mediastinal lymph XXXX. Normal pulmonary vascularity. Degenerative changes of the spine.,No acute abnormality. .,/home/20213144/.cache/kagglehub/datasets/raddar/chest-xrays-indiana-university/versions/2/images/images_normalized/62_IM-2202-12012.dcm.png,"Findings: The chest X-ray shows cardiomegaly, which is an enlargement of the heart, and mild pulmonary congestion. These findings may indicate an underlying heart or lung condition that requires further evaluation and clinical correlation.","Findings: The chest X-ray shows an opacity in the right lower lobe of the lung.

Impression: The presence of an opacity in the right lower lobe may indicate an abnormality, such as an infection, inflammation, or a mass. Further evaluation and clinical correlation are needed to determine the cause and significance of this finding."
63,63_IM-2210-0001-0001.dcm.png,Frontal,Diaphragm/posterior/flattened;Markings/lung/interstitial/scattered/irregular/chronic;Aorta/tortuous;Osteophyte/spine/multiple/mild;Calcinosis/spine,Diaphragm;Markings;Aorta;Osteophyte;Calcinosis,PA and Lateral Chest,"XXXX-year-old female, pain, short of breath",XXXX,"Stable flattening of the posterior diaphragm and scattered chronic appearing irregular interstitial markings with no focal alveolar consolidation. Stable cardiomediastinal silhouette with normal heart size and aortic ectasia/tortuosity, stable mediastinal contours. No definite pleural effusion seen, no typical findings of pulmonary edema. Following spine ossifications and marginal osteophytes again noted.","Chronic changes as described, no acute findings",/home/20213144/.cache/kagglehub/datasets/raddar/chest-xrays-indiana-university/versions/2/images/images_normalized/63_IM-2210-0001-0001.dcm.png,Findings: The chest X-ray shows an interval decrease in the size of the left lower lobe infiltrate. This suggests that there has been some improvement in the lung condition over the course of the treatment.,"Radiology Report

Chest X-ray

Findings:
The chest X-ray shows a small amount of pleural effusion in the right lower lobe. 

Impression:
The presence of a small amount of pleural effusion in the right lower lobe is an important finding. Pleural effusion is the accumulation of fluid in the pleural space, which is the area between the layers of tissue that line the lungs and the chest cavity. This can be caused by various conditions, such as infections, inflammation, heart failure, or malignancies. Further evaluation and clinical correlation are needed to determine the cause and significance of this finding."
64,64_IM-2218-4004.dcm.png,Frontal,Technical Quality of Image Unsatisfactory ;Pneumothorax/apex/right/moderate,Technical Quality of Image Unsatisfactory ;Pneumothorax,Xray Chest PA and Lateral,XXXX. MVC.,None. Clinical,"2 images. Heart size upper limits of normal. Mediastinal contours are maintained. The patient is mildly rotated. There is a small to moderate sized right apical pneumothorax which measures approximately 2.0 cm. No focal airspace consolidation is seen. Left chest is clear. No definite displaced bony injury is seen. Results called XXXX. XXXX XXXX p.m. XXXX, XXXX.",Small to moderate right apical pneumothorax.,/home/20213144/.cache/kagglehub/datasets/raddar/chest-xrays-indiana-university/versions/2/images/images_normalized/64_IM-2218-4004.dcm.png,"Findings: The chest X-ray shows cardiomegaly, which is an enlargement of the heart, and mild pulmonary congestion. These findings may indicate an underlying heart or lung condition that requires further evaluation and clinical correlation.","Findings: The chest X-ray shows cardiomegaly, which is an enlargement of the heart, and mild pulmonary congestion. These findings may indicate an underlying heart or lung condition that requires further evaluation and clinical correlation."
65,65_IM-2228-4004.dcm.png,Frontal,normal,normal,"Chest 2 views dated XXXX, XXXX.",Chest pain.,XXXX.,"The XXXX examination consists of frontal and lateral radiographs of the chest. The cardiomediastinal contours are within normal limits. Pulmonary vascularity is within normal limits. No focal consolidation, pleural effusion, or pneumothorax identified. Deformity of the right clavicle related to remote XXXX is again seen. Visualized upper abdomen grossly unremarkable.",No evidence of acute cardiopulmonary process.,/home/20213144/.cache/kagglehub/datasets/raddar/chest-xrays-indiana-university/versions/2/images/images_normalized/65_IM-2228-4004.dcm.png,"Findings: The chest X-ray shows cardiomegaly, which is an enlargement of the heart, and mild pulmonary congestion. These findings may indicate an underlying heart or lung condition that requires further evaluation and clinical correlation.","Findings: The chest X-ray shows cardiomegaly, which is an enlargement of the heart, and mild pulmonary congestion. These findings may indicate an underlying heart or lung condition that requires further evaluation and clinical correlation."
66,66_IM-2236-1001.dcm.png,Frontal,normal,normal," Chest, 2 views; SPINE LUMBAR 3 VIEWS XXXX, XXXX XXXX PM ",Hematemesis; BACK PAIN 724.5,"XXXX, XXXX.","Chest. Both lungs are clear and expanded with no pleural air collections or parenchymal consolidations. Heart and mediastinum remain normal. Lumbosacral spine. XXXX, disc spaces, and alignment are normal. Sacrum and sacroiliac joints are normal.",1. Chest. No active disease. 2. Lumbar spine negative.,/home/20213144/.cache/kagglehub/datasets/raddar/chest-xrays-indiana-university/versions/2/images/images_normalized/66_IM-2236-1001.dcm.png,"Findings: The chest X-ray shows cardiomegaly, which is an enlargement of the heart, and mild pulmonary congestion. These findings may indicate an underlying heart or lung condition that requires further evaluation and clinical correlation.","Findings: The chest X-ray shows cardiomegaly, which is an enlargement of the heart, and mild pulmonary congestion. These findings may indicate an underlying heart or lung condition that requires further evaluation and clinical correlation."
67,67_IM-2243-8001.dcm.png,Frontal,Lung/hypoinflation;Markings/bronchovascular,Lung;Markings,CHEST AP and lateral at XXXX XXXX/XXXX,"XXXX-year-old, MVA, chest pain",None.,There are low volumes with bronchovascular crowding. No focal infiltrate or effusion. Heart and mediastinal contours within normal limits. No displaced fracture identified.,Low volumes with bronchovascular crowding. No acute abnormality.,/home/20213144/.cache/kagglehub/datasets/raddar/chest-xrays-indiana-university/versions/2/images/images_normalized/67_IM-2243-8001.dcm.png,"Findings: The chest X-ray shows cardiomegaly, which is an enlargement of the heart, and mild pulmonary congestion. These findings may indicate an underlying heart or lung condition that requires further evaluation and clinical correlation.","Findings: The chest X-ray shows cardiomegaly, which is an enlargement of the heart, and mild pulmonary congestion. These findings may indicate an underlying heart or lung condition that requires further evaluation and clinical correlation."
68,68_IM-2251-1001.dcm.png,Frontal,normal,normal," PA and lateral chest XXXX, XXXX at XXXX for comparisXXXX/XXXX. Additional rib films were taken to seen the left side ribs. Three views. ",rib pain. Left rib left chest pain.,,,Rib films. No fractures or dislocations. Chest. Heart size normal. Lungs are clear. No effusion or pneumothorax. Minimal degenerative disease thoracic spine,/home/20213144/.cache/kagglehub/datasets/raddar/chest-xrays-indiana-university/versions/2/images/images_normalized/68_IM-2251-1001.dcm.png,"Findings: The chest X-ray shows cardiomegaly, which is an enlargement of the heart, and mild pulmonary congestion. These findings may indicate an underlying heart or lung condition that requires further evaluation and clinical correlation.","Findings: The chest X-ray shows cardiomegaly, which is an enlargement of the heart, and mild pulmonary congestion. These findings may indicate an underlying heart or lung condition that requires further evaluation and clinical correlation."
69,69_IM-2258-1001.dcm.png,Frontal,normal,normal,Xray Chest PA and Lateral,"XXXX year old chest pain, XXXX, sore throat.",PA and lateral chest XXXX.,"The heart is normal in size and contour. The lungs are clear, without evidence of infiltrate. There is no pneumothorax or effusion.",No acute cardiopulmonary disease.,/home/20213144/.cache/kagglehub/datasets/raddar/chest-xrays-indiana-university/versions/2/images/images_normalized/69_IM-2258-1001.dcm.png,"Radiology Report

Chest X-ray

Findings:
The chest X-ray shows a small amount of pleural effusion in the right lower lobe.","Findings: The chest X-ray shows cardiomegaly, which is an enlargement of the heart, and mild pulmonary congestion. These findings may indicate an underlying heart or lung condition that requires further evaluation and clinical correlation."
70,70_IM-2264-3001.dcm.png,Frontal,Granulomatous Disease,Granulomatous Disease,"PA and lateral views of the chest XXXX, XXXX XXXX PM ",chest pain,,Sequelae of old granulomatous disease. Lungs are clear without focal airspace disease. No pleural effusions or pneumothoraces. Heart and mediastinum of normal size and contour.,Clear lungs.,/home/20213144/.cache/kagglehub/datasets/raddar/chest-xrays-indiana-university/versions/2/images/images_normalized/70_IM-2264-3001.dcm.png,"Findings: The chest X-ray shows cardiomegaly, which is an enlargement of the heart, and mild pulmonary congestion. These findings may indicate an underlying heart or lung condition that requires further evaluation and clinical correlation.","Findings: The chest X-ray shows cardiomegaly, which is an enlargement of the heart, and mild pulmonary congestion. These findings may indicate an underlying heart or lung condition that requires further evaluation and clinical correlation."
71,71_IM-2273-1001.dcm.png,Frontal,normal,normal,Xray Chest PA and Lateral,XXXX year old right shoulder and back pain after a XXXX vehicle XXXX..,None.,"The heart is upper limits of normal in size. The lungs are clear, without evidence of infiltrate. There is no pneumothorax or effusion.",No acute cardiopulmonary disease.,/home/20213144/.cache/kagglehub/datasets/raddar/chest-xrays-indiana-university/versions/2/images/images_normalized/71_IM-2273-1001.dcm.png,"Radiology Report

Chest X-ray

Findings:
The chest X-ray shows a small amount of pleural effusion in the right lower lobe.","Findings: The chest X-ray shows cardiomegaly, which is an enlargement of the heart, and mild pulmonary congestion. These findings may indicate an underlying heart or lung condition that requires further evaluation and clinical correlation."
72,72_IM-2280-1001.dcm.png,Frontal,normal,normal,"Chest x-XXXX XXXX and lateral, XXXX. ",XXXX-year-old female with chest pain,"Chest x-XXXX, XXXX.","Lungs are clear without focal consolidation, effusion, or pneumothorax. Normal heart size. Bony thorax and soft tissues grossly unremarkable.",Negative acute cardiopulmonary abnormality.,/home/20213144/.cache/kagglehub/datasets/raddar/chest-xrays-indiana-university/versions/2/images/images_normalized/72_IM-2280-1001.dcm.png,"Findings: The chest X-ray shows cardiomegaly, which is an enlargement of the heart, and mild pulmonary congestion. These findings may indicate an underlying heart or lung condition that requires further evaluation and clinical correlation.","Findings: The chest X-ray shows cardiomegaly, which is an enlargement of the heart, and mild pulmonary congestion. These findings may indicate an underlying heart or lung condition that requires further evaluation and clinical correlation."
73,73_IM-2289-1001.dcm.png,Frontal,Pleural Effusion/bilateral/small;Pulmonary Atelectasis/base/left;Emphysema,Pleural Effusion;Pulmonary Atelectasis;Emphysema,Xray Chest PA and Lateral,cirrhosis.,Comparison XXXX.,,"Improved basilar aeration. Persistent small bilateral pleural effusions, XXXX on the right, small on the left with some associated left basilar atelectasis. Lungs otherwise clear. Unremarkable mediastinal contour. Changes of emphysema. No XXXX acute abnormalities since the previous chest radiograph.",/home/20213144/.cache/kagglehub/datasets/raddar/chest-xrays-indiana-university/versions/2/images/images_normalized/73_IM-2289-1001.dcm.png,"Findings: The chest X-ray shows cardiomegaly, which is an enlargement of the heart, and mild pulmonary congestion. These findings may indicate an underlying heart or lung condition that requires further evaluation and clinical correlation.","Findings: The chest X-ray shows cardiomegaly, which is an enlargement of the heart, and mild pulmonary congestion. These findings may indicate an underlying heart or lung condition that requires further evaluation and clinical correlation."
75,75_IM-2303-1001.dcm.png,Frontal,"Atherosclerosis/aorta, thoracic;Aorta, Thoracic/tortuous;Cicatrix/lung/lower lobe/left;Opacity/lung/bilateral/interstitial/prominent/mild;Pulmonary Emphysema;Calcified Granuloma","Atherosclerosis;Aorta, Thoracic;Cicatrix;Opacity;Pulmonary Emphysema;Calcified Granuloma","PA and lateral views of the chest XXXX, XXXX at XXXX hours ",XXXX-year-old XXXX with chest pain.,"XXXX, XXXX",The heart size is stable. The aorta is ectatic and atherosclerotic but stable. XXXX sternotomy XXXX are again noted. The scarring in the left lower lobe is again noted and unchanged from prior exam. There are mild bilateral prominent lung interstitial opacities consistent with emphysematous disease. The calcified granulomas are stable.,"1. Changes of emphysema and left lower lobe scarring, both stable. 2. Unchanged degenerative and atherosclerotic changes of the thoracic aorta.",/home/20213144/.cache/kagglehub/datasets/raddar/chest-xrays-indiana-university/versions/2/images/images_normalized/75_IM-2303-1001.dcm.png,Findings: The chest X-ray shows an interval decrease in the bilateral airspace opacities. This means that the previously observed abnormalities in the lungs have decreased in density or extent compared to a previous X-ray.,Findings: The chest X-ray shows an interval decrease in the size of the left lower lobe infiltrate. This suggests that there has been some improvement in the lung condition over the course of the treatment.
76,76_IM-2309-1001.dcm.png,Frontal,Cicatrix/lung/lingula,Cicatrix,"PA and LAT view CHEST XXXX, XXXX XXXX PM","Pilonidal cyst, preop evaluation.",None.,Apparent scarring within the lingula. Lungs are otherwise clear. No pleural effusions or pneumothoraces. Heart and mediastinum of normal size and contour.,"Apparent scarring within the lingula, otherwise unremarkable.",/home/20213144/.cache/kagglehub/datasets/raddar/chest-xrays-indiana-university/versions/2/images/images_normalized/76_IM-2309-1001.dcm.png,"Findings: The chest X-ray shows cardiomegaly, which is an enlargement of the heart, and mild pulmonary congestion. These findings may indicate an underlying heart or lung condition that requires further evaluation and clinical correlation.","Findings: The chest X-ray shows cardiomegaly, which is an enlargement of the heart, and mild pulmonary congestion. These findings may indicate an underlying heart or lung condition that requires further evaluation and clinical correlation."
77,77_IM-2315-1001-0002.dcm.png,Frontal,"Thickening/pleura/apex/bilateral;Bone Diseases, Metabolic/degenerative/mild","Thickening;Bone Diseases, Metabolic",Xray Chest PA and Lateral,PAIN;,,,"Stable XXXX silhouette. No pneumothorax. No focal consolidation. No large pleural effusion. Unchanged pleural thickening at the visualized lung apices. Mild osteopenia, degenerative changes. No fractures.",/home/20213144/.cache/kagglehub/datasets/raddar/chest-xrays-indiana-university/versions/2/images/images_normalized/77_IM-2315-1001-0002.dcm.png,"Radiology Report

Chest X-ray

Findings:
The chest X-ray shows a small amount of pleural effusion in the right lower lobe of the lung. 

Impression:
The presence of a small amount of pleural effusion in the right lower lobe of the lung may indicate an underlying issue, such as infection, inflammation, or other lung conditions. Further evaluation and clinical correlation are needed to determine the cause and significance of this finding.","Radiology Report

Chest X-ray

Findings:
The chest X-ray shows a small amount of pleural effusion in the right lower lobe of the lung. 

Impression:
The presence of a small amount of pleural effusion in the right lower lobe of the lung may indicate an underlying issue, such as an infection, inflammation, or other lung condition. Further evaluation and clinical correlation are needed to determine the cause and significance of this finding."
78,78_IM-2322-1001.dcm.png,Frontal,Pulmonary Atelectasis/base/left/mild,Pulmonary Atelectasis,"XXXX PA and lateral chest 3 images XXXX, XXXX there comparison 20 XXXX ",History of XXXX.,,,Heart size normal. Right lung clear. Minimal basilar atelectasis on the left,/home/20213144/.cache/kagglehub/datasets/raddar/chest-xrays-indiana-university/versions/2/images/images_normalized/78_IM-2322-1001.dcm.png,"Radiology Report

Chest X-ray

Findings:
The chest X-ray shows a small amount of pleural effusion in the right lower lobe of the lung. 

Impression:
The presence of a small amount of pleural effusion in the right lower lobe of the lung may indicate an underlying issue, such as infection, inflammation, or other lung conditions. Further evaluation and clinical correlation are needed to determine the cause and significance of this finding.","Radiology Report

Chest X-ray

Findings:
The chest X-ray shows a small amount of pleural effusion in the right lower lobe of the lung. 

Impression:
The presence of a small amount of pleural effusion in the right lower lobe of the lung may indicate an underlying issue, such as an infection, inflammation, or other lung condition. Further evaluation and clinical correlation are needed to determine the cause and appropriate treatment for this finding."
79,79_IM-2329-1001.dcm.png,Frontal,normal,normal,Xray Chest PA and Lateral,Flank pain and dyspnea,None available.,The cardiomediastinal silhouette and vasculature are within normal limits for size and contour. The lungs are normally inflated and clear. Osseous structures are within normal limits for patient age.,1. No acute radiographic cardiopulmonary process.,/home/20213144/.cache/kagglehub/datasets/raddar/chest-xrays-indiana-university/versions/2/images/images_normalized/79_IM-2329-1001.dcm.png,"Findings: The chest X-ray shows cardiomegaly, which is an enlargement of the heart, and mild pulmonary congestion. These findings may indicate an underlying heart or lung condition that requires further evaluation and clinical correlation.","Findings: The chest X-ray shows cardiomegaly, which is an enlargement of the heart, and mild pulmonary congestion. These findings may indicate an underlying heart or lung condition that requires further evaluation and clinical correlation."
80,80_IM-2333-1001.dcm.png,Frontal,normal,normal,PA and Lateral Chest Radiograph ,XXXX,XXXX,"Heart size and mediastinal contour within normal limits. No focal airspace consolidation, pneumothorax, or large pleural effusion. No acute osseous abnormality.",No acute cardiopulmonary abnormality.,/home/20213144/.cache/kagglehub/datasets/raddar/chest-xrays-indiana-university/versions/2/images/images_normalized/80_IM-2333-1001.dcm.png,"Findings: The chest X-ray shows cardiomegaly, which is an enlargement of the heart, and mild pulmonary congestion. These findings may indicate an underlying heart or lung condition that requires further evaluation and clinical correlation.","Radiology Report

Chest X-ray

Findings:
The chest X-ray shows a small amount of pleural effusion in the right lower lobe. 

Impression:
The presence of a small amount of pleural effusion in the right lower lobe is an important finding. Pleural effusion is the accumulation of fluid in the pleural space, which is the area between the layers of tissue that line the lungs and the chest cavity. This can be caused by various conditions, such as infections, inflammation, heart failure, or malignancies. Further evaluation and clinical correlation are needed to determine the cause and significance of this finding."
82,82_IM-2350-3001.dcm.png,Frontal,Surgical Instruments/left,Surgical Instruments,Xray Chest PA and Lateral,PAIN IN THORACIC SPINE Pain started in leg area two weeks ago now having severe pain in upper XXXX back area rt side. HF,Chest x-XXXX XXXX,"No airspace disease, effusion or noncalcified nodule. Normal heart size and mediastinum. Left axillary surgical clips unchanged Visualized XXXX of the chest XXXX are within normal limits.",No acute cardiopulmonary abnormality.,/home/20213144/.cache/kagglehub/datasets/raddar/chest-xrays-indiana-university/versions/2/images/images_normalized/82_IM-2350-3001.dcm.png,"Findings: The chest X-ray shows cardiomegaly, which is an enlargement of the heart, and mild pulmonary congestion. These findings may indicate an underlying heart or lung condition that requires further evaluation and clinical correlation.","Findings: The chest X-ray shows an opacity in the right lower lobe of the lung.

Impression: The presence of an opacity in the right lower lobe may indicate an abnormality, such as an infection, inflammation, or a mass. Further evaluation and clinical correlation are needed to determine the cause and significance of this finding."
83,83_IM-2358-1001.dcm.png,Frontal,normal,normal," PA and lateral chest, thoracic spine 3 views, and lumbar spine 3 views. ",pain and spine and chest after XXXX,,,Lumbar spine. No fractures. No dislocations. Disc spaces are normal. No degenerative disease. Clips in the gallbladder region. Thoracic spine. No XXXX fractures or dislocations. No significant degenerative disease. Chest. Heart size is normal. Lungs are clear. No effusion or pneumothorax.,/home/20213144/.cache/kagglehub/datasets/raddar/chest-xrays-indiana-university/versions/2/images/images_normalized/83_IM-2358-1001.dcm.png,"Findings: The chest X-ray shows cardiomegaly, which is an enlargement of the heart, and mild pulmonary congestion. These findings may indicate an underlying heart or lung condition that requires further evaluation and clinical correlation.","Findings: The chest X-ray shows cardiomegaly, which is an enlargement of the heart, and mild pulmonary congestion. These findings may indicate an underlying heart or lung condition that requires further evaluation and clinical correlation."
84,84_IM-2363-1001.dcm.png,Frontal,Lung/hypoinflation;Markings/bronchovascular,Lung;Markings,"PA and Lateral views of the Chest performed on XXXX, XXXX. ","XXXX year-old male with dyspnea, chemical exposure.",None.,"There are low lung volumes with bronchovascular crowding as a result. No pleural effusion, pneumothorax or focal airspace disease. Cardiomediastinal silhouette is within normal limits. No free subdiaphragmatic air.",Low lung volumes. No acute pulmonary disease.,/home/20213144/.cache/kagglehub/datasets/raddar/chest-xrays-indiana-university/versions/2/images/images_normalized/84_IM-2363-1001.dcm.png,"Findings: The chest X-ray shows an opacity in the right lower lobe of the lung.

Impression: The presence of an opacity in the right lower lobe may indicate an abnormality, such as an infection, inflammation, or a mass. Further evaluation and clinical correlation are needed to determine the cause and significance of this finding.","Findings: The chest X-ray shows bilateral hilar lymphadenopathy, which means there is enlargement of the lymph nodes in the region where the bronchi enter the lungs (the hilum)."
85,85_IM-2372-1001.dcm.png,Frontal,Calcified Granuloma/scattered;Spine/degenerative,Calcified Granuloma;Spine,Xray Chest PA and Lateral,Status post cardiac catheterization.,,There are scattered calcified granulomas. No focal infiltrate. No pleural effusion or pneumothorax. Heart size and mediastinal contour are within normal limits. There are degenerative changes of the spine.,No evidence of active disease.,/home/20213144/.cache/kagglehub/datasets/raddar/chest-xrays-indiana-university/versions/2/images/images_normalized/85_IM-2372-1001.dcm.png,"Findings: The chest X-ray shows cardiomegaly, which is an enlargement of the heart, and mild pulmonary congestion. These findings may indicate an underlying heart or lung condition that requires further evaluation and clinical correlation.","Findings: The chest X-ray shows cardiomegaly, which is an enlargement of the heart, and mild pulmonary congestion. These findings may indicate an underlying heart or lung condition that requires further evaluation and clinical correlation."
86,86_IM-2380-1001.dcm.png,Frontal,normal,normal,PA and lateral views of the chest. ,"XXXX year old male, preoperative evaluation for hemorrhoidectomy.",None available.,Heart size is within normal limits. No focal airspace consolidations. No pneumothorax or pleural effusion.,No acute cardiopulmonary findings.,/home/20213144/.cache/kagglehub/datasets/raddar/chest-xrays-indiana-university/versions/2/images/images_normalized/86_IM-2380-1001.dcm.png,"Findings: The chest X-ray shows cardiomegaly, which is an enlargement of the heart, and mild pulmonary congestion. These findings may indicate an underlying heart or lung condition that requires further evaluation and clinical correlation.","Findings: The chest X-ray shows cardiomegaly, which is an enlargement of the heart, and mild pulmonary congestion. These findings may indicate an underlying heart or lung condition that requires further evaluation and clinical correlation."
87,87_IM-2390-1001.dcm.png,Frontal,normal,normal,"PA and Lateral views of the Chest performed on XXXX, XXXX. ",XXXX-year-old male with wheezing.,None.,"No focal airspace disease, pleural effusion or pneumothorax. Cardiomediastinal silhouette is within normal limits. No free subdiaphragmatic air.",No acute pulmonary disease.,/home/20213144/.cache/kagglehub/datasets/raddar/chest-xrays-indiana-university/versions/2/images/images_normalized/87_IM-2390-1001.dcm.png,"Findings: The chest X-ray shows cardiomegaly, which is an enlargement of the heart, and mild pulmonary congestion. These findings may indicate an underlying heart or lung condition that requires further evaluation and clinical correlation.","Findings: The chest X-ray shows cardiomegaly, which is an enlargement of the heart, and mild pulmonary congestion. These findings may indicate an underlying heart or lung condition that requires further evaluation and clinical correlation."
89,89_IM-2402-1001.dcm.png,Frontal,normal,normal,Chest x-XXXX XXXX and lateral on XXXX XXXX hours. ,XXXX-year-old female chest pain.,Chest x-XXXX on XXXX,The heart size and mediastinal silhouette are within normal limits for contour. The lungs are clear. No pneumothorax or pleural effusions. The XXXX are intact.,No acute cardiopulmonary abnormalities.,/home/20213144/.cache/kagglehub/datasets/raddar/chest-xrays-indiana-university/versions/2/images/images_normalized/89_IM-2402-1001.dcm.png,"Findings: The chest X-ray shows cardiomegaly, which is an enlargement of the heart, and mild pulmonary congestion. These findings may indicate an underlying heart or lung condition that requires further evaluation and clinical correlation.","Findings: The chest X-ray shows cardiomegaly, which is an enlargement of the heart, and mild pulmonary congestion. These findings may indicate an underlying heart or lung condition that requires further evaluation and clinical correlation."
90,90_IM-2407-1001.dcm.png,Frontal,Spine/degenerative,Spine,Xray Chest PA and Lateral,"XXXX-year-old female, preoperative evaluation.",,The lungs are clear. There is no focal airspace consolidation. No pleural effusion or pneumothorax. Heart size and mediastinal contour are within normal limits. There are degenerative changes of the spine.,No evidence of active disease.,/home/20213144/.cache/kagglehub/datasets/raddar/chest-xrays-indiana-university/versions/2/images/images_normalized/90_IM-2407-1001.dcm.png,"Findings: The chest X-ray shows cardiomegaly, which is an enlargement of the heart, and mild pulmonary congestion. These findings may indicate an underlying heart or lung condition that requires further evaluation and clinical correlation.","Findings: The chest X-ray shows cardiomegaly, which is an enlargement of the heart, and mild pulmonary congestion. These findings may indicate an underlying heart or lung condition that requires further evaluation and clinical correlation."
91,91_IM-2415-2001.dcm.png,Frontal,Pneumothorax/apex/right/moderate;Shift/mediastinum/mild,Pneumothorax;Shift,Xray Chest PA and Lateral,"Chest pain, right arm numbness",,Minimal right-to-left cardiomediastinal shift. The cardiomediastinal silhouette is otherwise normal size and configuration. Pulmonary vasculature within normal limits. There is a moderate sized right pneumothorax. This measures 3.2 cm at the level the right apex.,"Moderate sized right pneumothorax. There is minimal right-to-left cardiomediastinal shift, suggesting XXXX.",/home/20213144/.cache/kagglehub/datasets/raddar/chest-xrays-indiana-university/versions/2/images/images_normalized/91_IM-2415-2001.dcm.png,"Findings: The chest X-ray shows cardiomegaly, which is an enlargement of the heart, and mild pulmonary congestion. These findings may indicate an underlying heart or lung condition that requires further evaluation and clinical correlation.","Findings: The chest X-ray shows cardiomegaly, which is an enlargement of the heart, and mild pulmonary congestion. These findings may indicate an underlying heart or lung condition that requires further evaluation and clinical correlation."
92,92_IM-2422-4004.dcm.png,Frontal,Markings/bronchovascular,Markings,Xray Chest PA and Lateral,"XXXX-year-old female, XXXX bleed",,,"Heart size within normal limits. No focal alveolar consolidation, no definite pleural effusions seen. Bronchovascular crowding without typical findings of pulmonary edema.",/home/20213144/.cache/kagglehub/datasets/raddar/chest-xrays-indiana-university/versions/2/images/images_normalized/92_IM-2422-4004.dcm.png,"Radiology Report

Chest X-ray

Findings:
The chest X-ray shows a small amount of pleural effusion in the right lower lobe of the lung. 

Impression:
The presence of a small amount of pleural effusion in the right lower lobe of the lung may indicate an underlying issue, such as infection, inflammation, or other lung conditions. Further evaluation and clinical correlation are needed to determine the cause and significance of this finding.","Radiology Report

Chest X-ray

Findings:
The chest X-ray shows a small amount of pleural effusion in the right lower lobe of the lung. 

Impression:
The presence of a small amount of pleural effusion in the right lower lobe of the lung may indicate an underlying issue, such as an infection, inflammation, or other lung condition. Further evaluation and clinical correlation are needed to determine the cause and appropriate treatment for this finding."
93,93_IM-2428-1001.dcm.png,Frontal,Thoracic Vertebrae/degenerative/mild,Thoracic Vertebrae,"Chest x-XXXX XXXX and lateral, XXXX ",XXXX-year-old female with chest pain,"Chest CT, XXXX.","Lungs are clear without focal consolidation, effusion, or pneumothorax. Normal heart size. Negative for pneumoperitoneum. Mild degenerative changes of the thoracic spine.",Negative for acute cardiopulmonary abnormality.,/home/20213144/.cache/kagglehub/datasets/raddar/chest-xrays-indiana-university/versions/2/images/images_normalized/93_IM-2428-1001.dcm.png,"Radiology Report

Chest X-ray

Findings:
The chest X-ray shows a mass in the left hemithorax.

Impression:
The presence of a mass in the left hemithorax may indicate an abnormality in the lung or surrounding structures. Further evaluation, such as a CT scan, may be necessary to determine the nature of the mass and its potential impact on the patient's health.","Radiology Report

Chest X-ray

Findings:
The chest X-ray shows a mass in the left hemithorax.

Impression:
The presence of a mass in the left hemithorax may indicate an abnormal growth or lesion in that area. Further evaluation, such as a CT scan, may be needed to determine the nature of the mass and its potential impact on the patient's health."
94,94_IM-2436-1001.dcm.png,Frontal,normal,normal,PA and lateral chest radiograph on XXXX at 02: 33 hours. ,XXXX-year-old XXXX with chest pain.,XXXX.,"Heart size, mediastinal contour, and pulmonary vascularity are similar to comparison exam and within normal limits. No focal consolidation, suspicious pulmonary opacity, pleural effusion, or pneumothorax. The visualized osseous structures appear intact.",No acute cardiopulmonary abnormalities.,/home/20213144/.cache/kagglehub/datasets/raddar/chest-xrays-indiana-university/versions/2/images/images_normalized/94_IM-2436-1001.dcm.png,"Findings: The chest X-ray shows cardiomegaly, which is an enlargement of the heart, and mild pulmonary congestion. These findings may indicate an underlying heart or lung condition that requires further evaluation and clinical correlation.","Findings: The chest X-ray shows an elevated right hemidiaphragm, which is a finding in the image."
95,95_IM-2445-1001.dcm.png,Frontal,Calcified Granuloma/lung/base/right;Osteophyte/thoracic vertebrae/multiple/small,Calcified Granuloma;Osteophyte,PA and lateral chest radiograph (2 views) (2 images) ,Dyspnea,"XXXX, XXXX",There is a single calcified granuloma in the right lung base. The lungs are otherwise grossly clear bilaterally. There is no pneumothorax or pleural effusion. Cardiac and mediastinal silhouettes are normal. There are cholecystectomy clips in the right upper quadrant of the abdomen. Small T-spine osteophytes are noted.,No acute cardiopulmonary abnormality.,/home/20213144/.cache/kagglehub/datasets/raddar/chest-xrays-indiana-university/versions/2/images/images_normalized/95_IM-2445-1001.dcm.png,"Findings: The chest X-ray shows cardiomegaly, which is an enlargement of the heart, and mild pulmonary congestion. These findings may indicate an underlying heart or lung condition that requires further evaluation and clinical correlation.",Findings: The chest X-ray shows an interval decrease in the size of the left lower lobe infiltrate. This suggests that there has been some improvement in the lung condition over the course of the treatment.
96,96_IM-2450-2002.dcm.png,Frontal,normal,normal,Xray Chest PA and Lateral,",786.2",,The lungs are clear. The heart and pulmonary XXXX are normal. The pleural spaces are clear. The mediastinal contours are normal.,No acute cardiopulmonary disease,/home/20213144/.cache/kagglehub/datasets/raddar/chest-xrays-indiana-university/versions/2/images/images_normalized/96_IM-2450-2002.dcm.png,"Findings: The chest X-ray shows cardiomegaly, which is an enlargement of the heart, and mild pulmonary congestion. These findings may indicate an underlying heart or lung condition that requires further evaluation and clinical correlation.",Findings: The chest X-ray shows an elevated hemidiaphragm and bilateral lower lobe infiltrates.
97,97_IM-2460-1001.dcm.png,Frontal,Spondylosis/thoracic vertebrae,Spondylosis,Xray Chest PA and Lateral,XXXX,None.,The cardiac contours are normal. The lungs are clear. Thoracic spondylosis.,No acute process.,/home/20213144/.cache/kagglehub/datasets/raddar/chest-xrays-indiana-university/versions/2/images/images_normalized/97_IM-2460-1001.dcm.png,"Findings: The chest X-ray shows cardiomegaly, which is an enlargement of the heart, and mild pulmonary congestion. These findings may indicate an underlying heart or lung condition that requires further evaluation and clinical correlation.","Findings: The chest X-ray shows cardiomegaly, which is an enlargement of the heart, and mild pulmonary congestion. These findings may indicate an underlying heart or lung condition that requires further evaluation and clinical correlation."
98,98_IM-2467-4004.dcm.png,Frontal,Lung/hypoinflation;Pulmonary Atelectasis/base,Lung;Pulmonary Atelectasis,Xray Chest PA and Lateral,Chest pain shortness of breath for 3 days. The patient's lower abdomen was shielded for this exam.,"XXXX, XXXX.",Frontal and lateral views of the chest show an unchanged cardiomediastinal silhouette. Reduced lung volumes with basilar atelectasis. No XXXX focal airspace consolidation or pleural effusion.,"No acute or active cardiac, pulmonary or pleural disease.",/home/20213144/.cache/kagglehub/datasets/raddar/chest-xrays-indiana-university/versions/2/images/images_normalized/98_IM-2467-4004.dcm.png,"Findings: The chest X-ray shows cardiomegaly, which is an enlargement of the heart, and mild pulmonary congestion. These findings may indicate an underlying heart or lung condition that requires further evaluation and clinical correlation.","Findings: The chest X-ray shows cardiomegaly, which is an enlargement of the heart, and mild pulmonary congestion. These findings may indicate an underlying heart or lung condition that requires further evaluation and clinical correlation."
99,99_IM-2476-1001.dcm.png,Frontal,Foreign Bodies/thorax/left,Foreign Bodies,Chest 2 views. ,XXXX-year-old with increasing dyspnea.,None.,Normal heart and mediastinum. Clear lungs. Trachea is midline. No pneumothorax. No pleural effusion. Radiopaque foreign body overlying left chest.,No acute abnormality.,/home/20213144/.cache/kagglehub/datasets/raddar/chest-xrays-indiana-university/versions/2/images/images_normalized/99_IM-2476-1001.dcm.png,Findings: The chest X-ray shows an elevated hemidiaphragm and an elevated right hemidiaphragm.,"Findings: The chest X-ray shows an opacity in the right lower lobe of the lung.

Impression: The presence of an opacity in the right lower lobe may indicate an abnormality, such as an infection, inflammation, or a mass. Further evaluation and clinical correlation are needed to determine the cause and significance of this finding."
100,100_IM-0002-1001.dcm.png,Frontal,normal,normal," CHEST 2V FRONTAL/LATERAL XXXX, XXXX XXXX PM ",,None.,Both lungs are clear and expanded. Heart and mediastinum normal.,No active disease.,/home/20213144/.cache/kagglehub/datasets/raddar/chest-xrays-indiana-university/versions/2/images/images_normalized/100_IM-0002-1001.dcm.png,Findings: The chest X-ray shows an interval decrease in the size of the left lower lobe infiltrate. This suggests that there has been some improvement in the lung condition over the course of the treatment.,"Findings: The chest X-ray shows an opacity in the right lower lobe of the lung.

Impression: The presence of an opacity in the right lower lobe may indicate an abnormality, such as an infection, inflammation, or a mass. Further evaluation and clinical correlation are needed to determine the cause and significance of this finding."
101,101_IM-0011-4004.dcm.png,Frontal,Cardiomegaly/mild;Technical Quality of Image Unsatisfactory ;Lung/hypoinflation;Diaphragm/left/elevated;Opacity/lung/base;Pulmonary Atelectasis/base;Pulmonary Congestion;Dislocations/shoulder/left/chronic;Shoulder/bilateral/degenerative/severe,Cardiomegaly;Technical Quality of Image Unsatisfactory ;Lung;Diaphragm;Opacity;Pulmonary Atelectasis;Pulmonary Congestion;Dislocations;Shoulder,Xray Chest PA and Lateral,Chest pain,,The heart is again mildly enlarged. Mediastinal contours are stable. Patient is somewhat rotated. The lungs are hypoinflated with elevated left hemidiaphragm. XXXX XXXX opacities compatible with atelectasis. No large effusion is seen. There is no focal consolidation. Pulmonary vascularity is mildly accentuated. There are bilateral degenerative changes of the XXXX with probable chronic dislocation of the left humerus. Correlate clinically.,"1. Mild stable cardiomegaly and central vascular congestion. 2. Low lung volumes with elevated left hemidiaphragm and basilar subsegmental atelectasis. 3. Extensive bilateral shoulder degenerative changes with subluxation/dislocation left shoulder, possibly chronic. Suggest clinical correlation.",/home/20213144/.cache/kagglehub/datasets/raddar/chest-xrays-indiana-university/versions/2/images/images_normalized/101_IM-0011-4004.dcm.png,"Findings: The chest X-ray shows cardiomegaly, which is an enlargement of the heart, and mild pulmonary congestion. These findings may indicate an underlying heart or lung condition that requires further evaluation and clinical correlation.","Findings: The chest X-ray shows cardiomegaly, which is an enlargement of the heart, and mild pulmonary congestion. These findings may indicate an underlying heart or lung condition that requires further evaluation and clinical correlation."
102,102_IM-0016-1001.dcm.png,Frontal,Lung/hyperdistention;Density/sternum,Lung;Density,Xray Chest PA and Lateral ,Syncope. XXXX attack.,None.,"Normal heart size. Clear, hyperaerated lungs. No pneumothorax. No pleural effusion. XXXX substernal density may be related to a pectus deformity.",No acute cardiopulmonary abnormality.,/home/20213144/.cache/kagglehub/datasets/raddar/chest-xrays-indiana-university/versions/2/images/images_normalized/102_IM-0016-1001.dcm.png,Findings: The chest X-ray shows an elevated hemidiaphragm and an elevated right hemidiaphragm.,Findings: The chest X-ray shows an elevated hemidiaphragm and an elevated right hemidiaphragm.
103,103_IM-0023-1001.dcm.png,Frontal,Mediastinum/prominent;Thoracic Vertebrae/degenerative/mild,Mediastinum;Thoracic Vertebrae,Chest 2 views dated XXXX at XXXX hours. ,XXXX-year-old female with XXXX.,Chest 2 view dated XXXX.,"The lungs are clear without evidence of focal airspace disease. There is no evidence of pneumothorax or large pleural effusion. The cardiac contour is within normal limits. Compared to prior exam, there is XXXX prominence of the mediastinal contour near the right hilum. This may represent the ascending aorta or mediastinal lymphadenopathy. CT chest with contrast may be helpful for further evaluation. There are mild degenerative changes of the thoracic spine.",XXXX prominence of the mediastinal contour near the right hilum possibly representing the ascending aorta or mediastinal lymphadenopathy. CT chest with contrast may be helpful for further evaluation.,/home/20213144/.cache/kagglehub/datasets/raddar/chest-xrays-indiana-university/versions/2/images/images_normalized/103_IM-0023-1001.dcm.png,"Findings: The chest X-ray shows cardiomegaly, which is an enlargement of the heart, and mild pulmonary congestion. These findings may indicate an underlying heart or lung condition that requires further evaluation and clinical correlation.","Findings: The chest X-ray shows cardiomegaly, which is an enlargement of the heart, and mild pulmonary congestion. These findings may indicate an underlying heart or lung condition that requires further evaluation and clinical correlation."
105,105_IM-0037-1001.dcm.png,Frontal,"Catheters, Indwelling;Costophrenic Angle/bilateral/blunted/mild;Pleural Effusion/bilateral","Catheters, Indwelling;Costophrenic Angle;Pleural Effusion",PA and lateral views of the chest. ,XXXX-year-old female with hypoxia.,Portable chest from XXXX.,Heart size within normal limits. Stable position of left subclavian central venous catheter. No focal airspace disease. No pneumothorax. Mild blunting of the costophrenic XXXX bilaterally.,XXXX bilateral effusions.,/home/20213144/.cache/kagglehub/datasets/raddar/chest-xrays-indiana-university/versions/2/images/images_normalized/105_IM-0037-1001.dcm.png,Findings: The chest X-ray shows an interval decrease in the size of the left lower lobe infiltrate. This suggests that there has been some improvement in the lung condition over the course of the treatment.,"Findings: The chest X-ray shows an opacity in the right lower lobe of the lung.

Impression: The presence of an opacity in the right lower lobe may indicate an abnormality, such as an infection, inflammation, or a mass. Further evaluation and clinical correlation are needed to determine the cause and significance of this finding."
106,106_IM-0042-1001.dcm.png,Frontal,normal,normal,Xray Chest PA and Lateral,"XXXX, XXXX on anterior midline chest for one knee are",None.,Heart size and mediastinal contour are normal. Pulmonary vascularity is normal. Lungs are clear. No pleural effusions or pneumothoraces.,"No acute cardiopulmonary process. If there is concern for soft tissue bone or bony abnormality of the thorax, XXXX.",/home/20213144/.cache/kagglehub/datasets/raddar/chest-xrays-indiana-university/versions/2/images/images_normalized/106_IM-0042-1001.dcm.png,"Radiology Report

Chest X-ray

Findings:
The chest X-ray shows a small amount of pleural effusion in the right lower lobe.","Findings: The chest X-ray shows cardiomegaly, which is an enlargement of the heart, and mild pulmonary congestion. These findings may indicate an underlying heart or lung condition that requires further evaluation and clinical correlation."
107,107_IM-0049-1001.dcm.png,Frontal,normal,normal,"PA and lateral chest x-XXXX dated XXXX, XXXX at XXXX p.m.. ",XXXX-year-old woman with chest pain.,"Two-view chest radiograph dated XXXX, XXXX.","The lungs are clear bilaterally. Specifically, no evidence of focal consolidation, pneumothorax, or pleural effusion.. Cardio mediastinal silhouette is unremarkable. Visualized osseous structures of the thorax are without acute abnormality.",No acute cardiopulmonary abnormality.,/home/20213144/.cache/kagglehub/datasets/raddar/chest-xrays-indiana-university/versions/2/images/images_normalized/107_IM-0049-1001.dcm.png,"Findings: The chest X-ray shows cardiomegaly, which is an enlargement of the heart, and mild pulmonary congestion. These findings may indicate an underlying heart or lung condition that requires further evaluation and clinical correlation.","Findings: The chest X-ray shows cardiomegaly, which is an enlargement of the heart, and mild pulmonary congestion. These findings may indicate an underlying heart or lung condition that requires further evaluation and clinical correlation."
108,108_IM-0056-1001.dcm.png,Frontal,Lung/hypoinflation;Markings/lung/hilum,Lung;Markings,CHEST 2V FRONTAL/LATERAL ,XXXX x3 weeks and history of bronchitis,,The heart is normal in size. The mediastinum is Within normal limits the lungs are hypoinflated. There is mild increase in perihilar markings XXXX related to patient's history bronchitis. No acute infiltrate or pleural effusion are seen.,Low lung volumes with increased lung markings particularly in the left perihilar region XXXX related to history of bronchitis. No acute infiltrate.,/home/20213144/.cache/kagglehub/datasets/raddar/chest-xrays-indiana-university/versions/2/images/images_normalized/108_IM-0056-1001.dcm.png,"Findings: The chest X-ray shows an opacity in the right lower lobe of the lung.

Impression: The presence of an opacity in the right lower lobe may indicate an abnormality, such as an infection, inflammation, or a mass. Further evaluation and clinical correlation are needed to determine the cause and significance of this finding.","Findings: The chest X-ray shows an opacity in the right lower lobe of the lung.

Impression: The presence of an opacity in the right lower lobe may indicate an abnormality, such as an infection, inflammation, or a mass. Further evaluation and clinical correlation are needed to determine the cause and significance of this finding."
110,110_IM-0067-1001.dcm.png,Frontal,normal,normal,"Chest, 2 views, frontal and lateral",Preoperative bariatric surgery.,"XXXX, XXXX",Cardiac and mediastinal contours are within normal limits. The lungs are clear. Bony structures are intact.,Negative preoperative chest x-XXXX.,/home/20213144/.cache/kagglehub/datasets/raddar/chest-xrays-indiana-university/versions/2/images/images_normalized/110_IM-0067-1001.dcm.png,"Findings: The chest X-ray shows an opacity in the right lower lobe of the lung.

Impression: The presence of an opacity in the right lower lobe may indicate an abnormality, such as an infection, inflammation, or a mass. Further evaluation and clinical correlation are needed to determine the cause and significance of this finding.","Findings: The chest X-ray shows an opacity in the right lower lobe of the lung.

Impression: The presence of an opacity in the right lower lobe may indicate an abnormality, such as an infection, inflammation, or a mass. Further evaluation and clinical correlation are needed to determine the cause and significance of this finding."
111,111_IM-0076-1001.dcm.png,Frontal,"Pleural Effusion/right;Lung Diseases, Interstitial/chronic","Pleural Effusion;Lung Diseases, Interstitial",Not Available.,recent onset increased SOB,,,Unchanged loculated right pleural fusion. No change chronic interstitial lung disease.,/home/20213144/.cache/kagglehub/datasets/raddar/chest-xrays-indiana-university/versions/2/images/images_normalized/111_IM-0076-1001.dcm.png,"Findings: The chest X-ray shows cardiomegaly, which is an enlargement of the heart, and mild pulmonary congestion. These findings may indicate an underlying heart or lung condition that requires further evaluation and clinical correlation.","Findings: The chest X-ray shows an opacity in the right lower lobe of the lung.

Impression: The presence of an opacity in the right lower lobe may indicate an abnormality, such as an infection, inflammation, or a mass. Further evaluation and clinical correlation are needed to determine the cause and significance of this finding."
112,112_IM-0080-1001.dcm.png,Frontal,"Spinal Fusion/cervical vertebrae;Lung/hyperdistention;Diaphragm/flattened;Pulmonary Disease, Chronic Obstructive;Spine/degenerative","Spinal Fusion;Lung;Diaphragm;Pulmonary Disease, Chronic Obstructive;Spine","PA and lateral views of the chest XXXX, XXXX XXXX XXXX ",PT C/O INCREASED SHORTNESS OF BREATH,,Previous lower spine cervical fusion. Lungs are overall hyperexpanded with flattening of the diaphragms consistent with obstructive lung disease. Lungs are clear without focal consolidation. No pleural effusions or pneumothoraces. Heart and mediastinum of normal size and contour. Degenerative changes in the spine.,Hyperexpanded but clear lungs.,/home/20213144/.cache/kagglehub/datasets/raddar/chest-xrays-indiana-university/versions/2/images/images_normalized/112_IM-0080-1001.dcm.png,"Findings: The chest X-ray shows cardiomegaly, which is an enlargement of the heart, and mild pulmonary congestion. These findings may indicate an underlying heart or lung condition that requires further evaluation and clinical correlation.","Findings: The chest X-ray shows an opacity in the right lower lobe of the lung.

Impression: The presence of an opacity in the right lower lobe may indicate an abnormality, such as an infection, inflammation, or a mass. Further evaluation and clinical correlation are needed to determine the cause and significance of this finding."
113,113_IM-0086-1001.dcm.png,Frontal,Opacity/lung/right;Density/lung/right;Nodule/lung/right,Opacity;Density;Nodule,PA and lateral views of chest performed on XXXX at XXXX. ,Chest pain.,None.,"The heart and mediastinum are unremarkable. There are two subcentimeter hyperdense nodular opacities are noted within the right lung. These may represent XXXX on end or alternatively, calcified granulomas. The lungs are clear without infiltrate. There is no effusion or pneumothorax.",1. No acute cardiopulmonary disease.,/home/20213144/.cache/kagglehub/datasets/raddar/chest-xrays-indiana-university/versions/2/images/images_normalized/113_IM-0086-1001.dcm.png,"Findings: The chest X-ray shows cardiomegaly, which is an enlargement of the heart, and mild pulmonary congestion. These findings may indicate an underlying heart or lung condition that requires further evaluation and clinical correlation.","Findings: The chest X-ray shows cardiomegaly, which is an enlargement of the heart, and mild pulmonary congestion. These findings may indicate an underlying heart or lung condition that requires further evaluation and clinical correlation."
114,114_IM-0096-1001.dcm.png,Frontal,normal,normal,"Chest x-XXXX XXXX and lateral, XXXX",XXXX-year-old female with asthma.,,The heart size and mediastinal silhouette are within normal limits. No pneumothorax or pleural effusions. The lungs are clear. No focal consolidations. The osseous structures are intact.,No acute cardiopulmonary abnormalities.,/home/20213144/.cache/kagglehub/datasets/raddar/chest-xrays-indiana-university/versions/2/images/images_normalized/114_IM-0096-1001.dcm.png,"Radiology Report

Chest X-ray

Findings:
The chest X-ray shows a mass in the left hemithorax.

Impression:
The presence of a mass in the left hemithorax may indicate an abnormality in the lung or surrounding structures. Further evaluation, such as a CT scan or additional imaging, may be needed to determine the nature and cause of the mass. It is important to consult a healthcare professional for a thorough assessment and appropriate diagnosis.","Radiology Report

Chest X-ray

Findings:
The chest X-ray shows a mass in the left hemithorax.

Impression:
The presence of a mass in the left hemithorax may indicate an abnormal growth or lesion in that area. Further evaluation, such as a CT scan or other diagnostic tests, would be necessary to determine the nature and cause of the mass. It is important to consult a healthcare professional for a thorough assessment and appropriate treatment plan."
115,115_IM-0102-1001.dcm.png,Frontal,"Lung/hyperdistention;Pulmonary Disease, Chronic Obstructive","Lung;Pulmonary Disease, Chronic Obstructive",Xray Chest PA and Lateral,Right arm pain since this XXXX.,,The lungs are clear. There is hyperinflation of the lungs. There is no pleural effusion or pneumothorax. The heart and mediastinum are normal. The skeletal structures are normal.,COPD. No acute pulmonary disease.,/home/20213144/.cache/kagglehub/datasets/raddar/chest-xrays-indiana-university/versions/2/images/images_normalized/115_IM-0102-1001.dcm.png,"Radiology Report

Chest X-ray

Findings:
The chest X-ray shows a small amount of pleural effusion in the right lower lobe.","Radiology Report

Chest X-ray

Findings:
The chest X-ray shows a small amount of pleural effusion in the right lower lobe."
116,116_IM-0107-1001.dcm.png,Frontal,Calcified Granuloma/lung/base/left/small,Calcified Granuloma,"Chest x-XXXX AP and lateral, 2 views. ",Chest pain.,"CT chest from 2, 23, XXXX.","Stable postsurgical changes. Heart XXXX, mediastinum and lung XXXX are unremarkable. Stable calcified small granuloma in left base.",No radiographic evidence of acute cardiopulmonary disease,/home/20213144/.cache/kagglehub/datasets/raddar/chest-xrays-indiana-university/versions/2/images/images_normalized/116_IM-0107-1001.dcm.png,"Findings: The chest X-ray shows cardiomegaly, which is an enlargement of the heart, and mild pulmonary congestion. These findings may indicate an underlying heart or lung condition that requires further evaluation and clinical correlation.","Findings: The chest X-ray shows a right pneumothorax. A pneumothorax is a condition where air accumulates in the pleural space, which is the area between the lung and the chest wall. This can cause the lung to collapse."
117,117_IM-0114-2002.dcm.png,Frontal,normal,normal,Xray Chest PA and Lateral,",174.9 breast cancer. XXXX XXXX.",,,"Comparison XXXX, XXXX. No suspicious appearing lung nodules. Well-expanded and clear lungs. Mediastinal contour within normal limits. No acute cardiopulmonary abnormality identified. Stable chest.",/home/20213144/.cache/kagglehub/datasets/raddar/chest-xrays-indiana-university/versions/2/images/images_normalized/117_IM-0114-2002.dcm.png,"Findings: The chest X-ray shows cardiomegaly, which is an enlargement of the heart, and mild pulmonary congestion. These findings may indicate an underlying heart or lung condition that requires further evaluation and clinical correlation.","Findings: The chest X-ray shows cardiomegaly, which is an enlargement of the heart, and mild pulmonary congestion. These findings may indicate an underlying heart or lung condition that requires further evaluation and clinical correlation."
118,118_IM-0123-1001.dcm.png,Frontal,Airspace Disease/lung/middle lobe/right/focal,Airspace Disease,Xray Chest PA and Lateral,XXXX year old with a XXXX.,None.,The heart is normal in size and contour. There is focal airspace disease in the right middle lobe. There is no pneumothorax or effusion.,Focal airspace disease in the right middle lobe. This is most concerning for pneumonia. Recommend follow up to ensure resolution.,/home/20213144/.cache/kagglehub/datasets/raddar/chest-xrays-indiana-university/versions/2/images/images_normalized/118_IM-0123-1001.dcm.png,"Radiology Report

Chest X-ray

Findings:
The chest X-ray shows a small amount of pleural effusion in the right lower lobe of the lung. 

Impression:
The presence of a small amount of pleural effusion in the right lower lobe of the lung may indicate an underlying issue, such as infection, inflammation, or other lung conditions. Further evaluation and clinical correlation are needed to determine the cause and significance of this finding.","Findings: The chest X-ray shows an elevated right hemidiaphragm, which is a finding in the image."
119,119_IM-0128-1001.dcm.png,Frontal,normal,normal,Xray Chest PA and Lateral,Right arm numbness. Right-sided chest pain for 2 XXXX. XXXX for 7 years. The patient's lower abdomen was shielded for this exam.,"XXXX, XXXX.","Frontal and lateral views of the chest show normal size and configuration of the cardiac silhouette. Normal mediastinal contour, pulmonary XXXX and vasculature, central airways and lung volumes. No pleural effusion.","No acute or active cardiac, pulmonary or pleural disease.",/home/20213144/.cache/kagglehub/datasets/raddar/chest-xrays-indiana-university/versions/2/images/images_normalized/119_IM-0128-1001.dcm.png,"Radiology Report

Chest X-ray

Findings:
The chest X-ray shows a small amount of pleural effusion in the right lower lobe.","Findings: The chest X-ray shows cardiomegaly, which is an enlargement of the heart, and mild pulmonary congestion. These findings may indicate an underlying heart or lung condition that requires further evaluation and clinical correlation."
120,120_IM-0133-1001.dcm.png,Frontal,Lung/bilateral/hypoinflation;Markings/bronchovascular;Thoracic Vertebrae/degenerative,Lung;Markings;Thoracic Vertebrae,Xray Chest PA and Lateral,XXXX-year-old male with syncope.,Chest XXXX.,"Low lung volumes bilaterally with central bronchovascular crowding without focal consolidation, pleural effusion, or pneumothoraces.. Cardiomediastinal silhouette is within normal limits. Degenerative changes of the thoracic spine..",Low lung volumes bilaterally with central bronchovascular crowding without focal cardiopulmonary disease. .,/home/20213144/.cache/kagglehub/datasets/raddar/chest-xrays-indiana-university/versions/2/images/images_normalized/120_IM-0133-1001.dcm.png,"Radiology Report

Chest X-ray

Findings:
The chest X-ray shows a small amount of pleural effusion in the right lower lobe of the lung. 

Impression:
The presence of a small amount of pleural effusion in the right lower lobe of the lung may indicate an underlying issue, such as infection, inflammation, or other lung conditions. Further evaluation and clinical correlation are needed to determine the cause and significance of this finding.","Radiology Report

Chest X-ray

Findings:
The chest X-ray shows a small amount of pleural effusion in the right lower lobe of the lung. 

Impression:
The presence of a small amount of pleural effusion in the right lower lobe of the lung may indicate an underlying issue, such as infection, inflammation, or other lung conditions. Further evaluation and clinical correlation are needed to determine the cause and significance of this finding."
121,121_IM-0142-1001.dcm.png,Frontal,normal,normal,"PA and lateral chest x-XXXX, XXXX, XXXX p.m.","Correlation with ventilation/perfusion scan, chest pain, elevated CCK levels.",None.,Heart size and vascularity normal. Lungs are clear. No effusions. No pneumothorax. Visualized osseous structures unremarkable.,Normal chest.,/home/20213144/.cache/kagglehub/datasets/raddar/chest-xrays-indiana-university/versions/2/images/images_normalized/121_IM-0142-1001.dcm.png,"Findings: The chest X-ray shows an opacity in the right lower lobe of the lung.

Impression: The presence of an opacity in the right lower lobe may indicate an abnormality, such as an infection, inflammation, or a mass. Further evaluation and clinical correlation are needed to determine the cause and significance of this finding.",
122,122_IM-0147-0001-0001.dcm.png,Frontal,Cicatrix/lung/lingula/mild,Cicatrix,Xray Chest PA and Lateral,TRANSPLANT/ EKG,,,"No comparison chest x-XXXX. Minimal lingular scarring. Overall, Well-expanded and clear lungs. Mediastinal contour within normal limits. No acute cardiopulmonary abnormality identified.",/home/20213144/.cache/kagglehub/datasets/raddar/chest-xrays-indiana-university/versions/2/images/images_normalized/122_IM-0147-0001-0001.dcm.png,"Findings: The chest X-ray shows cardiomegaly, which is an enlargement of the heart, and mild pulmonary congestion. These findings may indicate an underlying heart or lung condition that requires further evaluation and clinical correlation.","Radiology Report

Chest X-ray

Findings:
The chest X-ray shows a small amount of pleural effusion in the right lower lobe. 

Impression:
The presence of a small amount of pleural effusion in the right lower lobe is an important finding. Pleural effusion is the accumulation of fluid in the pleural space, which is the area between the layers of tissue that line the lungs and the chest cavity. This can be caused by various conditions, such as infections, inflammation, heart failure, or malignancies. Further evaluation and clinical correlation are needed to determine the cause and significance of this finding."
123,123_IM-0153-4004.dcm.png,Frontal,Cardiomegaly/mild;Aorta/tortuous;Density/lung/apex/right;Opacity/lung/apex/right,Cardiomegaly;Aorta;Density;Opacity,Xray Chest PA and Lateral ,Frequent XXXX.,None available.,Mild cardiomegaly. Tortuous aorta. No focal infiltrate. No pneumothorax or large pleural effusion. Soft tissue density identified in the medial right apex which is asymmetric compared to left.,Asymmetric right medial apical opacity which may be attributable to the sternoclavicular joint. Upper lobe airspace disease or pulmonary nodule is not entirely excluded. Recommend XXXX XXXX chest and apical lordotic view of the chest to further evaluate. Findings and recommendations were discussed XXXX. XXXX in the XXXX department at XXXX a.m. XXXX/XXXX.,/home/20213144/.cache/kagglehub/datasets/raddar/chest-xrays-indiana-university/versions/2/images/images_normalized/123_IM-0153-4004.dcm.png,"Findings: The chest X-ray shows cardiomegaly, which is an enlargement of the heart, and mild pulmonary congestion. These findings may indicate an underlying heart or lung condition that requires further evaluation and clinical correlation.","Findings: The chest X-ray shows an opacity in the right lower lobe of the lung.

Impression: The presence of an opacity in the right lower lobe may indicate an abnormality, such as an infection, inflammation, or a mass. Further evaluation and clinical correlation are needed to determine the cause and significance of this finding."
124,124_IM-0161-4004.dcm.png,Frontal,Pleural Effusion/left/large;Lung/left/hypoinflation;Pleural Effusion/right/small;Markings/lung/right/bronchovascular;Pulmonary Congestion/right,Pleural Effusion;Lung;Pleural Effusion;Markings;Pulmonary Congestion,Xray Chest PA and Lateral,"XXXX-year-old female, short of breath, hypoxia",,,"Large left pleural effusion with minimal residual left lung aeration. Small right pleural effusion. Right lung bronchovascular crowding and indistinct vascular margination which may be secondary to crowding, infiltrates or pulmonary edema. Limited assessment of heart size due to obscured heart XXXX.",/home/20213144/.cache/kagglehub/datasets/raddar/chest-xrays-indiana-university/versions/2/images/images_normalized/124_IM-0161-4004.dcm.png,Findings: The chest X-ray shows an interval decrease in the bilateral airspace opacities. This means that the previously observed abnormalities in the lungs have decreased in size or severity since the last imaging.,"Findings: The chest X-ray shows cardiomegaly, which is an enlargement of the heart, and mild pulmonary congestion. These findings may indicate an underlying heart or lung condition that requires further evaluation and clinical correlation."
125,125_IM-0169-1001.dcm.png,Frontal,No Indexing,No Indexing,Xray Chest PA and Lateral,LYMPHOMA BMT W/U LAB;,XXXX,The heart is normal in size. The mediastinum is stable. XXXX sternotomy changes are again noted. The lungs are clear of focal infiltrates. There is no pleural effusion.,No acute disease.,/home/20213144/.cache/kagglehub/datasets/raddar/chest-xrays-indiana-university/versions/2/images/images_normalized/125_IM-0169-1001.dcm.png,"Findings: The chest X-ray shows cardiomegaly, which is an enlargement of the heart, and mild pulmonary congestion. These findings may indicate an underlying heart or lung condition that requires further evaluation and clinical correlation.","Findings: The chest X-ray shows cardiomegaly, which is an enlargement of the heart, and mild pulmonary congestion. These findings may indicate an underlying heart or lung condition that requires further evaluation and clinical correlation."
126,126_IM-0176-2002.dcm.png,Frontal,Opacity/lung/base/left;Atherosclerosis;Thoracic Vertebrae/degenerative,Opacity;Atherosclerosis;Thoracic Vertebrae,PA and LAT view CHEST XXXX,Shortness of breath,XXXX,Vague increased opacity which appears to be within the left lower lobe. Question of this could be developing or resolving pneumonia. Lungs are otherwise clear. No pleural effusions or pneumothoraces. heart and mediastinum are stable normal size heart. Atherosclerotic vascular disease. Degenerative changes in the thoracic spine.,Vague opacity at the left lung base which appears to be within the left lower lobe. This may represent resolving or developing pneumonia given the patient's history.,/home/20213144/.cache/kagglehub/datasets/raddar/chest-xrays-indiana-university/versions/2/images/images_normalized/126_IM-0176-2002.dcm.png,"Findings: The chest X-ray shows cardiomegaly, which is an enlargement of the heart, and mild pulmonary congestion. These findings may indicate an underlying heart or lung condition that requires further evaluation and clinical correlation.","Findings: The chest X-ray shows cardiomegaly, which is an enlargement of the heart, and mild pulmonary congestion. These findings may indicate an underlying heart or lung condition that requires further evaluation and clinical correlation."
127,127_IM-0181-1001.dcm.png,Frontal,Calcified Granuloma/lung/base/left,Calcified Granuloma,PA and Lateral Chest Radiograph ,very mild episodes of dyspnea over XXXX year with L shoulder injury,None.,"Heart size and mediastinal contour within normal limits. Calcified granuloma in the left lung base. No focal airspace consolidation, pneumothorax, or large pleural effusion. No acute osseous abnormality.",No acute cardiopulmonary abnormality.,/home/20213144/.cache/kagglehub/datasets/raddar/chest-xrays-indiana-university/versions/2/images/images_normalized/127_IM-0181-1001.dcm.png,"Findings: The chest X-ray shows an opacity in the right lower lobe of the lung.

Impression: The presence of an opacity in the right lower lobe may indicate an abnormality, such as an infection, inflammation, or a mass. Further evaluation and clinical correlation are needed to determine the cause and significance of this finding.","Findings: The chest X-ray shows an opacity in the right lower lobe of the lung.

Impression: The presence of an opacity in the right lower lobe may indicate an abnormality, such as an infection, inflammation, or a mass. Further evaluation and clinical correlation are needed to determine the cause and significance of this finding."
128,128_IM-0186-82592001.dcm.png,Frontal,Granulomatous Disease;Lung/hyperdistention;Diaphragm/flattened;Markings/lung/lower lobe/interstitial/prominent;Atherosclerosis;Thoracic Vertebrae/degenerative,Granulomatous Disease;Lung;Diaphragm;Markings;Atherosclerosis;Thoracic Vertebrae,"PA and LAT view CHEST XXXX, XXXX XXXX PM",Recent XXXX loss.,XXXX,Sequelae of old granulomatous disease. Lungs are overall hyperexpanded with flattening of the diaphragms. No focal consolidation. Prominent interstitial markings are again noted which are predominantly lower lobe and peripheral suggesting pulmonary fibrosis. This appearance is overall not significantly XXXX. No pleural effusions or pneumothoraces. heart and mediastinum are stable with atherosclerotic vascular disease. Degenerative changes in the thoracic spine.,1. Overall stable appearance of the chest suggesting pulmonary fibrosis.,/home/20213144/.cache/kagglehub/datasets/raddar/chest-xrays-indiana-university/versions/2/images/images_normalized/128_IM-0186-82592001.dcm.png,"Findings: The chest X-ray shows an opacity in the right lower lobe of the lung.

Impression: The presence of an opacity in the right lower lobe may indicate an abnormality, such as an infection, inflammation, or a mass. Further evaluation and clinical correlation are needed to determine the cause and significance of this finding.","Findings: The chest X-ray shows an opacity in the right lower lobe of the lung.

Impression: The presence of an opacity in the right lower lobe may indicate an abnormality, such as an infection, inflammation, or a mass. Further evaluation and clinical correlation are needed to determine the cause and significance of this finding."
129,129_IM-0189-1001.dcm.png,Frontal,normal,normal,PA and lateral chest x-XXXX XXXX at XXXX hours. ,Hemoptysis,None available,"The cardiomediastinal silhouette is within normal limits for size and contour. The lungs are normally inflated without evidence of focal airspace disease, pleural effusion, or pneumothorax. Osseous structures are within normal limits for patient age..",1. No acute radiographic cardiopulmonary process.,/home/20213144/.cache/kagglehub/datasets/raddar/chest-xrays-indiana-university/versions/2/images/images_normalized/129_IM-0189-1001.dcm.png,"Findings: The chest X-ray shows cardiomegaly, which is an enlargement of the heart, and mild pulmonary congestion. These findings may indicate an underlying heart or lung condition that requires further evaluation and clinical correlation.","Findings: The chest X-ray shows cardiomegaly, which is an enlargement of the heart, and mild pulmonary congestion. These findings may indicate an underlying heart or lung condition that requires further evaluation and clinical correlation."
131,131_IM-0202-1001.dcm.png,Frontal,Calcified Granuloma/lung/middle lobe/right;Surgical Instruments/right,Calcified Granuloma;Surgical Instruments,Xray Chest PA and Lateral,Left-sided chest pain for 2 days.,,There is a calcified granuloma in the right midlung zone. Lungs are otherwise clear. There is no pleural effusion or pneumothorax. The heart and mediastinum are normal. The skeletal structures are normal. Surgical clips are present in the right upper quadrant.,No acute pulmonary disease.,/home/20213144/.cache/kagglehub/datasets/raddar/chest-xrays-indiana-university/versions/2/images/images_normalized/131_IM-0202-1001.dcm.png,"Radiology Report

Chest X-ray

Findings:
The chest X-ray shows a small amount of pleural effusion in the right lower lobe.","Findings: The chest X-ray shows cardiomegaly, which is an enlargement of the heart, and mild pulmonary congestion. These findings may indicate an underlying heart or lung condition that requires further evaluation and clinical correlation."
132,132_IM-0206-1001.dcm.png,Frontal,"Aorta, Thoracic/tortuous","Aorta, Thoracic","PA and lateral chest x-XXXX dated XXXX, XXXX at XXXX a.m. ",XXXX-year-old woman with chest pain.,None.,"The lungs are clear bilaterally. Specifically, no evidence of focal consolidation, pneumothorax, or pleural effusion. Cardiomediastinal silhouette is unremarkable. Tortuosity of the thoracic aorta. Visualized osseous structures of the thorax are without acute abnormality.",No acute cardiopulmonary abnormality.,/home/20213144/.cache/kagglehub/datasets/raddar/chest-xrays-indiana-university/versions/2/images/images_normalized/132_IM-0206-1001.dcm.png,"Radiology Report

Chest X-ray

Findings:
The chest X-ray shows a small amount of pleural effusion in the right lower lobe of the lung. 

Impression:
The presence of a small amount of pleural effusion in the right lower lobe of the lung may indicate an underlying issue, such as infection, inflammation, or other lung conditions. Further evaluation and clinical correlation are needed to determine the cause and significance of this finding.","Radiology Report

Chest X-ray

Findings:
The chest X-ray shows a small amount of pleural effusion in the right lower lobe of the lung. 

Impression:
The presence of a small amount of pleural effusion in the right lower lobe of the lung may indicate an underlying issue, such as infection, inflammation, or other lung conditions. Further evaluation and clinical correlation are needed to determine the cause and significance of this finding."
133,133_IM-0212-1001.dcm.png,Frontal,normal,normal,Xray Chest PA and Lateral,XXXX BMT W/U;,,The heart is normal in size. The mediastinum is unremarkable. The lungs are clear.,No acute disease.,/home/20213144/.cache/kagglehub/datasets/raddar/chest-xrays-indiana-university/versions/2/images/images_normalized/133_IM-0212-1001.dcm.png,Findings: The chest X-ray shows an interval decrease in the size of the left lower lobe infiltrate. This suggests that there has been some improvement in the lung condition over the course of the treatment.,"Findings: The chest X-ray shows a right basal infiltrate, which is an area of increased density in the lower part of the right lung."
134,134_IM-0219-1001.dcm.png,Frontal,Calcified Granuloma/lung/middle lobe/right;Calcified Granuloma/lung/upper lobe/right,Calcified Granuloma;Calcified Granuloma," CHEST 2V FRONTAL/LATERAL XXXX, XXXX XXXX PM ","XXXX, wheezing, copd, XXXX, edema","XXXX, XXXX.",Calcified granulomata are present in the right middle lobe and right upper lobe. These are unchanged since the previous examination. Both lungs are free of active infiltrates. Heart size normal.,No active disease.,/home/20213144/.cache/kagglehub/datasets/raddar/chest-xrays-indiana-university/versions/2/images/images_normalized/134_IM-0219-1001.dcm.png,Findings: The chest X-ray shows an interval decrease in the size of the left lower lobe infiltrate. This suggests that there has been some improvement in the lung condition over the course of the treatment.,Findings: The chest X-ray shows an interval decrease in the size of the left lower lobe infiltrate. This suggests that there has been some improvement in the lung condition over the course of the treatment.
135,135_IM-0227-1001.dcm.png,Frontal,normal,normal,"Chest 2 views XXXX, XXXX",Chest pain,,"The lungs are grossly clear without focal pneumonic consolidation, large effusion or pneumothorax. Heart size is within normal limits.",Clear lungs,/home/20213144/.cache/kagglehub/datasets/raddar/chest-xrays-indiana-university/versions/2/images/images_normalized/135_IM-0227-1001.dcm.png,"Findings: The chest X-ray shows cardiomegaly, which is an enlargement of the heart, and mild pulmonary congestion. These findings may indicate an underlying heart or lung condition that requires further evaluation and clinical correlation.","Findings: The chest X-ray shows cardiomegaly, which is an enlargement of the heart, and mild pulmonary congestion. These findings may indicate an underlying heart or lung condition that requires further evaluation and clinical correlation."
136,136_IM-0233-1001.dcm.png,Frontal,normal,normal, PA and lateral chest. ,chest pain,None.,"Heart size normal. Lungs are clear. XXXX are normal. No pneumonia, effusions, edema, pneumothorax, adenopathy, nodules or masses.",Normal chest,/home/20213144/.cache/kagglehub/datasets/raddar/chest-xrays-indiana-university/versions/2/images/images_normalized/136_IM-0233-1001.dcm.png,"Findings: The chest X-ray shows cardiomegaly, which is an enlargement of the heart, and mild pulmonary congestion. These findings may indicate an underlying heart or lung condition that requires further evaluation and clinical correlation.","Findings: The chest X-ray shows cardiomegaly, which is an enlargement of the heart, and mild pulmonary congestion. These findings may indicate an underlying heart or lung condition that requires further evaluation and clinical correlation."
138,138_IM-0244-1001.dcm.png,Frontal,normal,normal,"Chest, 2 views, frontal and lateral",Preop bariatric surgery,"XXXX, XXXX",Cardiac and mediastinal contours are within normal limits. The lungs are clear. Bony structures are intact.,No acute preoperative findings.,/home/20213144/.cache/kagglehub/datasets/raddar/chest-xrays-indiana-university/versions/2/images/images_normalized/138_IM-0244-1001.dcm.png,"Findings: The chest X-ray shows cardiomegaly, which is an enlargement of the heart, and mild pulmonary congestion. These findings may indicate an underlying heart or lung condition that requires further evaluation and clinical correlation.","Findings: The chest X-ray shows cardiomegaly, which is an enlargement of the heart, and mild pulmonary congestion. These findings may indicate an underlying heart or lung condition that requires further evaluation and clinical correlation."
139,139_IM-0248-1001.dcm.png,Frontal,"Cardiac Shadow/enlarged/mild;Opacity/supracardiac;Aorta, Thoracic/tortuous;Calcinosis/aorta, thoracic;Lung/hyperdistention;Diaphragm/bilateral/flattened;Thoracic Vertebrae/degenerative/severe;Cardiomegaly/mild;Pulmonary Disease, Chronic Obstructive","Cardiac Shadow;Opacity;Aorta, Thoracic;Calcinosis;Lung;Diaphragm;Thoracic Vertebrae;Cardiomegaly;Pulmonary Disease, Chronic Obstructive","Chest radiograph examination 2 views performed XXXX, XXXX at XXXX.",XXXX-year-old female with shortness of breath.,None available.,"The cardiac silhouette is mildly enlarged. A lobulated opacity is identified superior to the heart, in the anterior mediastinum on the lateral view, possibly consistent with a tortuous/ectatic thoracic aorta versus an anterior mediastinal mass. The thoracic aorta is tortuous and calcified. No focal areas of pulmonary consolidation. The lungs are hyperexpanded with flattening of the bilateral hemidiaphragms. No pneumothorax or pleural effusion. Severe degenerative changes of the thoracic spine.","1. Lobulated anterior mediastinal opacity on the lateral view, possibly consistent with a tortuous/ectatic thoracic aorta versus an anterior mediastinal mass. Contrast-enhanced XXXX examination would XXXX to further evaluate if clinically indicated. 2. Mild cardiomegaly with findings of chronic obstructive pulmonary disease.",/home/20213144/.cache/kagglehub/datasets/raddar/chest-xrays-indiana-university/versions/2/images/images_normalized/139_IM-0248-1001.dcm.png,"Radiology Report

Chest X-ray

Findings:
The chest X-ray shows a small amount of pleural effusion in the right lower lobe.","Findings: The chest X-ray shows cardiomegaly, which is an enlargement of the heart, and mild pulmonary congestion. These findings may indicate an underlying heart or lung condition that requires further evaluation and clinical correlation."
141,141_IM-0260-1001.dcm.png,Frontal,normal,normal,PA and lateral chest radiograph on XXXX at 20: 26 hours. ,XXXX-year-old XXXX with shortness of breath.,XXXX.,"Cardiac size, mediastinal contour, and pulmonary vascularity are within normal limits. No focal consolidation, suspicious pulmonary opacity, pleural effusion, or pneumothorax. The visualized osseous structures appear intact.",No acute cardiopulmonary abnormalities.,/home/20213144/.cache/kagglehub/datasets/raddar/chest-xrays-indiana-university/versions/2/images/images_normalized/141_IM-0260-1001.dcm.png,"Radiology Report

Chest X-ray

Findings:
The chest X-ray shows a small amount of pleural effusion in the right lower lobe of the lung. 

Impression:
The presence of a small amount of pleural effusion in the right lower lobe of the lung may indicate an underlying issue, such as infection, inflammation, or other lung conditions. Further evaluation and clinical correlation are needed to determine the cause and significance of this finding.","Findings: The chest X-ray shows cardiomegaly, which is an enlargement of the heart, and mild pulmonary congestion. These findings may indicate an underlying heart or lung condition that requires further evaluation and clinical correlation."
142,142_IM-0267-1001.dcm.png,Frontal,normal,normal,"Chest, 2 views, XXXX XXXX ",Screening for pulmonary tuberculosis,XXXX,Cardiomediastinal silhouette and pulmonary vasculature are stable and within normal limits. Lungs are clear. No pneumothorax or pleural effusion. No acute osseous findings.,"No acute cardiopulmonary findings. Specifically, no radiographic evidence of active tuberculosis.",/home/20213144/.cache/kagglehub/datasets/raddar/chest-xrays-indiana-university/versions/2/images/images_normalized/142_IM-0267-1001.dcm.png,"Findings: The chest X-ray shows cardiomegaly, which is an enlargement of the heart, and mild pulmonary congestion. These findings may indicate an underlying heart or lung condition that requires further evaluation and clinical correlation.","Findings: The chest X-ray shows cardiomegaly, which is an enlargement of the heart, and mild pulmonary congestion. These findings may indicate an underlying heart or lung condition that requires further evaluation and clinical correlation."
143,143_IM-0276-1001.dcm.png,Frontal,"Granulomatous Disease;Calcinosis/lung/hilum/lymph nodes;Calcinosis/trachea, carina/lymph nodes",Granulomatous Disease;Calcinosis;Calcinosis,"PA and lateral chest XXXX, XXXX and T no 2 hours.",Preop back surgery.,,The lungs are clear. No pleural effusion is seen. The heart is normal. Calcified right hilar and infracarinal lymph XXXX are seen. The skeletal structures are normal.,Old granulomatous disease. No acute pulmonary disease.,/home/20213144/.cache/kagglehub/datasets/raddar/chest-xrays-indiana-university/versions/2/images/images_normalized/143_IM-0276-1001.dcm.png,"Radiology Report

Chest X-ray

Findings:
The chest X-ray shows a small amount of pleural effusion in the right lower lobe.","Radiology Report

Chest X-ray

Findings:
The chest X-ray shows a small amount of pleural effusion in the right lower lobe of the lung. 

Impression:
The presence of a small amount of pleural effusion in the right lower lobe of the lung may indicate an underlying issue, such as an infection, inflammation, or other lung condition. Further evaluation and clinical correlation are needed to determine the cause and significance of this finding."
144,144_IM-0283-1001.dcm.png,Frontal,Lung/hypoinflation;Airspace Disease/lung/base/bilateral/patchy/mild;Pulmonary Atelectasis,Lung;Airspace Disease;Pulmonary Atelectasis,"PA and lateral views of the chest XXXX, XXXX XXXX PM ",XXXX,,Overall low lung volumes with mild patchy bibasilar airspace disease. This most XXXX represents atelectasis given the low lung volumes. No pleural effusions or pneumothoraces. Heart and mediastinum of normal size and contour.,Mild patchy bibasilar airspace disease most XXXX representing atelectasis given the low lung volumes.,/home/20213144/.cache/kagglehub/datasets/raddar/chest-xrays-indiana-university/versions/2/images/images_normalized/144_IM-0283-1001.dcm.png,"Radiology Report

Chest X-ray

Findings:
The chest X-ray shows a small amount of pleural effusion in the right lower lobe of the lung. 

Impression:
The presence of a small amount of pleural effusion in the right lower lobe of the lung may indicate an underlying issue, such as an infection, inflammation, or other lung condition. Further evaluation and clinical correlation are needed to determine the cause and significance of this finding.","Radiology Report

Chest X-ray

Findings:
The chest X-ray shows a small amount of pleural effusion in the right lower lobe of the lung. 

Impression:
The presence of a small amount of pleural effusion in the right lower lobe of the lung may indicate an underlying issue, such as an infection, inflammation, or other lung condition. Further evaluation and clinical correlation are needed to determine the cause and significance of this finding."
145,145_IM-0290-1001.dcm.png,Frontal,Costophrenic Angle/right/blunted;Pleural Effusion/right/large;Infiltrate/lung/lower lobe/left/patchy,Costophrenic Angle;Pleural Effusion;Infiltrate," CHEST 2V FRONTAL/LATERAL XXXX, XXXX XXXX PM ",dyspnea,,Right costophrenic XXXX is blunted. In the left lower lobe a patchy infiltrate is present. The pulmonary XXXX are normal.,Large right pleural effusion and patchy left lower lobe airspace disease.,/home/20213144/.cache/kagglehub/datasets/raddar/chest-xrays-indiana-university/versions/2/images/images_normalized/145_IM-0290-1001.dcm.png,"Findings: The chest X-ray shows cardiomegaly, which is an enlargement of the heart, and mild pulmonary congestion. These findings may indicate an underlying heart or lung condition that requires further evaluation and clinical correlation.","Findings: The chest X-ray shows cardiomegaly, which is an enlargement of the heart, and mild pulmonary congestion. These findings may indicate an underlying heart or lung condition that requires further evaluation and clinical correlation."
146,146_IM-0298-1001-0001.dcm.png,Frontal,Technical Quality of Image Unsatisfactory ;Lung/hypoinflation;Expansile Bone Lesions/ribs/right,Technical Quality of Image Unsatisfactory ;Lung;Expansile Bone Lesions,XR Chest PA and Lateral,"Mental status changes, and hospice for multiple myeloma",XXXX,,Heart size and mediastinal contour are stable and within normal limits allowing for rotation. Pulmonary vascularity is normal.&gt;] Lung volumes are low. No focal airspace disease or effusion. Expansile lesion of the right posterior 9th rib XXXX represents sequelae of known multiple myeloma.,/home/20213144/.cache/kagglehub/datasets/raddar/chest-xrays-indiana-university/versions/2/images/images_normalized/146_IM-0298-1001-0001.dcm.png,"Radiology Report

Chest X-ray

Findings:
The chest X-ray shows a small amount of pleural effusion in the right lower lobe.","Radiology Report

Chest X-ray

Findings:
The chest X-ray shows a small amount of pleural effusion in the right lower lobe. 

Impression:
The presence of a small amount of pleural effusion in the right lower lobe is an important finding. Pleural effusion is the accumulation of fluid in the pleural space, which is the area between the layers of tissue that line the lungs and the chest cavity. This can be caused by various conditions, such as infections, inflammation, heart failure, or malignancies. Further evaluation and clinical correlation are needed to determine the cause and significance of this finding."
147,147_IM-0303-1001.dcm.png,Frontal,normal,normal,"PA and lateral views of the chest, XXXX, XXXX XXXX PM",Preprocedure evaluation prior to bone marrow transplant,,The lungs are clear. Heart and pulmonary XXXX appear normal. The pleural spaces are clear and mediastinal contours are normal. Nodular density overlying the anterior left 4th rib XXXX represents a healing rib fracture.,1. No acute cardiopulmonary disease,/home/20213144/.cache/kagglehub/datasets/raddar/chest-xrays-indiana-university/versions/2/images/images_normalized/147_IM-0303-1001.dcm.png,"Radiology Report

Chest X-ray

Findings:
The chest X-ray shows a small amount of pleural effusion in the right lower lobe.","Radiology Report

Chest X-ray

Findings:
The chest X-ray shows a small amount of pleural effusion in the right lower lobe."
149,149_IM-0315-1001.dcm.png,Frontal,normal,normal, PA and lateral chest. ,XXXX dyspnea,None.,,Heart size normal. Lungs clear. No edema or effusions.,/home/20213144/.cache/kagglehub/datasets/raddar/chest-xrays-indiana-university/versions/2/images/images_normalized/149_IM-0315-1001.dcm.png,"Findings: The chest X-ray shows cardiomegaly, which is an enlargement of the heart, and mild pulmonary congestion. These findings may indicate an underlying heart or lung condition that requires further evaluation and clinical correlation.","Findings: The chest X-ray shows cardiomegaly, which is an enlargement of the heart, and mild pulmonary congestion. These findings may indicate an underlying heart or lung condition that requires further evaluation and clinical correlation."
150,150_IM-0325-0001-0001.dcm.png,Frontal,No Indexing,No Indexing,"PA and Lateral Chest: XXXX, XXXX at 952 XXXX",XXXX-year-old female without chest complaints. Allergic to TB test. Six months pregnant,,"Heart size, mediastinal contour, and pulmonary vascularity are within normal limits. No focal consolidation, suspicious pulmonary opacity, large pleural effusion, or pneumothorax is identified. Visualized osseous structures appear intact.",1. No acute cardiopulmonary abnormality. 2. No evidence of active or changes from chronic tuberculosis infection.,/home/20213144/.cache/kagglehub/datasets/raddar/chest-xrays-indiana-university/versions/2/images/images_normalized/150_IM-0325-0001-0001.dcm.png,"Findings: The chest X-ray shows cardiomegaly, which is an enlargement of the heart, and mild pulmonary congestion. These findings may indicate an underlying heart or lung condition that requires further evaluation and clinical correlation.","Radiology Report

Chest X-ray

Findings:
The chest X-ray shows a small amount of pleural effusion in the right lower lobe."
151,151_IM-0331-1001.dcm.png,Frontal,No Indexing,No Indexing, CHEST 2V FRONTAL/LATERAL XXXX,chest pain,"XXXX, XXXX.",The heart and lungs have XXXX XXXX in the interval. Both lungs are clear and expanded. Heart and mediastinum normal.,No active disease.,/home/20213144/.cache/kagglehub/datasets/raddar/chest-xrays-indiana-university/versions/2/images/images_normalized/151_IM-0331-1001.dcm.png,"Radiology Report

Chest X-ray

Findings:
The chest X-ray shows a small amount of pleural effusion in the right lower lobe.","Findings: The chest X-ray shows cardiomegaly, which is an enlargement of the heart, and mild pulmonary congestion. These findings may indicate an underlying heart or lung condition that requires further evaluation and clinical correlation."
152,152_IM-0335-2001.dcm.png,Frontal,"Cardiomegaly/mild;Aorta/tortuous;Deformity/ribs/bilateral/chronic;Fractures, Bone/ribs/bilateral/multiple/healed","Cardiomegaly;Aorta;Deformity;Fractures, Bone",Supine AP and lateral chest,"XXXX-year-old female, XXXX not otherwise specified",XXXX,"Stable cardiomediastinal silhouette with mild cardiomegaly and aortic ectasia and tortuosity. No alveolar consolidation, no findings of pleural effusion. Chronic appearing bilateral rib contour deformities compatible with old fractures. No pneumothorax.",No acute findings.,/home/20213144/.cache/kagglehub/datasets/raddar/chest-xrays-indiana-university/versions/2/images/images_normalized/152_IM-0335-2001.dcm.png,"Findings: The chest X-ray shows cardiomegaly, which is an enlargement of the heart, and mild pulmonary congestion. These findings may indicate an underlying heart or lung condition that requires further evaluation and clinical correlation.","Findings: The chest X-ray shows cardiomegaly, which is an enlargement of the heart, and mild pulmonary congestion. These findings may indicate an underlying heart or lung condition that requires further evaluation and clinical correlation."
153,153_IM-0343-1001.dcm.png,Frontal,"Catheters, Indwelling;Pleural Effusion/right/small","Catheters, Indwelling;Pleural Effusion","Frontal and lateral views of the chest obtained at XXXX hours on XXXX, XXXX. ",XXXX-year-old male with HIV and syphilis on hemodialysis now with XXXX.,"XXXX, XXXX","There is a right IJ central venous catheter with tip overlying the inferior SVC. Cardiac silhouette is normal size. Normal mediastinal contour and pulmonary vasculature. There is a small right pleural effusion. Otherwise, lungs are without focal airspace disease.",XXXX XXXX right pleural effusion.,/home/20213144/.cache/kagglehub/datasets/raddar/chest-xrays-indiana-university/versions/2/images/images_normalized/153_IM-0343-1001.dcm.png,"Radiology Report

Chest X-ray

Findings:
The chest X-ray shows a small amount of pleural effusion in the right lower lobe of the lung. 

Impression:
The presence of a small amount of pleural effusion in the right lower lobe of the lung may indicate an underlying issue, such as an infection, inflammation, or other lung condition. Further evaluation and clinical correlation are needed to determine the cause and appropriate treatment for this finding.","Radiology Report

Chest X-ray

Findings:
- The image shows bilateral pulmonary infiltrates, which are abnormal substances or cells that have entered the lung tissue.
- There is an associated right pleural effusion, which is a buildup of fluid in the pleural space surrounding the lungs.

Impression:
The chest X-ray reveals bilateral pulmonary infiltrates and a right pleural effusion. These findings suggest that there may be an underlying issue affecting the lungs, such as an infection, inflammation, or other lung conditions. Further evaluation and clinical correlation are needed to determine the cause and appropriate treatment for these findings."
154,154_IM-0350-1001.dcm.png,Frontal,normal,normal," Chest radiograph, frontal and lateral views",,XXXX,"Cardiomediastinal silhouette is normal. Pulmonary vasculature and XXXX are normal. No consolidation, pneumothorax or large pleural effusion. Osseous structures and soft tissues are normal.",No acute cardiopulmonary disease.,/home/20213144/.cache/kagglehub/datasets/raddar/chest-xrays-indiana-university/versions/2/images/images_normalized/154_IM-0350-1001.dcm.png,"Findings: The chest X-ray shows cardiomegaly, which is an enlargement of the heart, and mild pulmonary congestion. These findings may indicate an underlying heart or lung condition that requires further evaluation and clinical correlation.","Findings: The chest X-ray shows cardiomegaly, which is an enlargement of the heart, and mild pulmonary congestion. These findings may indicate an underlying heart or lung condition that requires further evaluation and clinical correlation."
155,155_IM-0358-1001.dcm.png,Frontal,Aorta/prominent;Calcinosis/lung/hilum/left,Aorta;Calcinosis,"PA and lateral chest XXXX, XXXX at XXXX comparison available from XXXX ",History of chest pain.,,,Heart size is normal. Lungs are clear. Prominent ascending aorta. Calcified left hilar XXXX.,/home/20213144/.cache/kagglehub/datasets/raddar/chest-xrays-indiana-university/versions/2/images/images_normalized/155_IM-0358-1001.dcm.png,"Radiology Report

Chest X-ray

Findings:
The chest X-ray shows a small amount of pleural effusion in the right lower lobe of the lung. 

Impression:
The presence of a small amount of pleural effusion in the right lower lobe of the lung may indicate an underlying issue, such as infection, inflammation, or other lung conditions. Further evaluation and clinical correlation are needed to determine the cause and significance of this finding.","Radiology Report

Chest X-ray

Findings:
The chest X-ray shows a small amount of pleural effusion in the right lower lobe of the lung. 

Impression:
The presence of a small amount of pleural effusion in the right lower lobe of the lung may indicate an underlying issue, such as infection, inflammation, or other lung conditions. Further evaluation and clinical correlation are needed to determine the cause and significance of this finding."
157,157_IM-0372-1001.dcm.png,Frontal,normal,normal,"CHEST 2V FRONTAL/LATERAL XXXX, XXXX XXXX PM ",XXXX XXXX edema and lung XXXX,"XXXX, XXXX.","In the interval, bibasilar interstitial infiltrates and pulmonary venous engorgement have resolved. Heart size is now normal. No XXXX infiltrates.",Chest. Resolving pulmonary interstitial edema and pulmonary venous hypertension.,/home/20213144/.cache/kagglehub/datasets/raddar/chest-xrays-indiana-university/versions/2/images/images_normalized/157_IM-0372-1001.dcm.png,"Findings: The chest X-ray shows cardiomegaly, which is an enlargement of the heart, and mild pulmonary congestion. These findings may indicate an underlying heart or lung condition that requires further evaluation and clinical correlation.","Radiology Report

Chest X-ray

Findings:
The chest X-ray shows a small amount of pleural effusion in the right lower lobe. 

Impression:
The presence of a small amount of pleural effusion in the right lower lobe is an important finding. Pleural effusion is the accumulation of fluid in the pleural space, which is the area between the layers of tissue that line the lungs and the chest cavity. This can be caused by various conditions, such as infections, inflammation, heart failure, or malignancies. Further evaluation and clinical correlation are needed to determine the cause and significance of this finding."
158,158_IM-0377-1001.dcm.png,Frontal,normal,normal,"Radiograph Chest PA and Lateral XXXX, XXXX. ",Dyspnea.,None.,The heart is normal in size and contour. There is no mediastinal widening. The lungs are clear bilaterally. No large pleural effusion or pneumothorax. The XXXX are intact.,No acute cardiopulmonary abnormalities.,/home/20213144/.cache/kagglehub/datasets/raddar/chest-xrays-indiana-university/versions/2/images/images_normalized/158_IM-0377-1001.dcm.png,"Radiology Report

Chest X-ray

Findings:
The chest X-ray shows a small amount of pleural effusion in the right lower lobe.","Radiology Report

Chest X-ray

Findings:
The chest X-ray shows a small amount of pleural effusion in the right lower lobe. 

Impression:
The presence of a small amount of pleural effusion in the right lower lobe is an important finding. Pleural effusion is the accumulation of fluid in the pleural space, which is the area between the layers of tissue that line the lungs and the chest cavity. This can be caused by various conditions, such as infections, inflammation, heart failure, or malignancies. Further evaluation and clinical correlation are needed to determine the cause and significance of this finding."
159,159_IM-0382-1001.dcm.png,Frontal,Osteophyte/shoulder/bilateral/multiple,Osteophyte, CHEST 2V FRONTAL/LATERAL; THREE-VIEW LEFT AND RIGHT XXXX. ,productive XXXX; shoulder pain.,"chest x-XXXX XXXX, XXXX.","Chest. The heart and lungs have XXXX XXXX in the interval. Both lungs are clear and expanded. Heart and mediastinum normal. Left and right XXXX. Osteophytes are present at the acromioclavicular joints bilaterally and also on the humeral necks. The right glenohumeral joint is normal, but the left is narrowed. No fractures or bone destruction.","1. Chest. No active disease. 2. Left and right XXXX. Bilateral degenerative joint disease, left worse than right.",/home/20213144/.cache/kagglehub/datasets/raddar/chest-xrays-indiana-university/versions/2/images/images_normalized/159_IM-0382-1001.dcm.png,"Radiology Report

Chest X-ray

Findings:
The chest X-ray shows a small amount of pleural effusion in the right lower lobe.","Findings: The chest X-ray shows an ill-defined opacity in the right lower lobe of the lung.

Impression: The presence of an ill-defined opacity in the right lower lobe may indicate an abnormality in the lung tissue. Further evaluation and clinical correlation are needed to determine the cause and significance of this finding."
160,160_IM-0390-1001.dcm.png,Frontal,Opacity/retrocardiac/mild;Infiltrate/lung/lower lobe/right/patchy;Infiltrate/lung/base/left,Opacity;Infiltrate;Infiltrate,CHEST 2V FRONTAL/LATERAL ,Shortness of breath,,The heart is normal in size. The mediastinum is unremarkable. There is patchy infiltrate within normal right lower lobe. Mild XXXX opacities in the retrocardiac region. No large effusions or pneumothorax.,Patchy right lower lobe infiltrate as well as probable left basilar infiltrate versus atelectasis.,/home/20213144/.cache/kagglehub/datasets/raddar/chest-xrays-indiana-university/versions/2/images/images_normalized/160_IM-0390-1001.dcm.png,"Radiology Report

Chest X-ray

Findings:
The chest X-ray shows a small amount of pleural effusion in the right lower lobe.","Findings: The chest X-ray shows cardiomegaly, which is an enlargement of the heart, and mild pulmonary congestion. These findings may indicate an underlying heart or lung condition that requires further evaluation and clinical correlation."
161,161_IM-0394-1001.dcm.png,Frontal,"Lung/hypoinflation;Pulmonary Atelectasis/base/left/scattered;Catheters, Indwelling","Lung;Pulmonary Atelectasis;Catheters, Indwelling",PA and Lateral Chest X-XXXX dated XXXX.,Ovarian carcinoma.,None.,Low lung volumes are present. The heart size and pulmonary vascularity appear within normal limits. No pleural effusion or pneumothorax is seen. Scattered XXXX of left base atelectasis are noted. Left XXXX-a-XXXX is in XXXX with the tip projecting over the caval atrial junction.,"1. XXXX of left base atelectasis. Otherwise, clear.",/home/20213144/.cache/kagglehub/datasets/raddar/chest-xrays-indiana-university/versions/2/images/images_normalized/161_IM-0394-1001.dcm.png,"Radiology Report

Chest X-ray

Findings:
The chest X-ray shows a small amount of pleural effusion in the right lower lobe of the lung. 

Impression:
The presence of a small amount of pleural effusion in the right lower lobe of the lung may indicate an underlying issue, such as infection, inflammation, or other lung conditions. Further evaluation and clinical correlation are needed to determine the cause and significance of this finding.","Findings: The chest X-ray shows cardiomegaly, which is an enlargement of the heart, and mild pulmonary congestion. These findings may indicate an underlying heart or lung condition that requires further evaluation and clinical correlation."
162,162_IM-0401-1001.dcm.png,Frontal,normal,normal, PA and lateral chest. ,XXXX.,None.,"Heart size normal. Lungs are clear. XXXX are normal. No pneumonia, effusions, edema, pneumothorax, adenopathy, nodules or masses.",Normal chest,/home/20213144/.cache/kagglehub/datasets/raddar/chest-xrays-indiana-university/versions/2/images/images_normalized/162_IM-0401-1001.dcm.png,"Findings: The chest X-ray shows cardiomegaly, which is an enlargement of the heart, and mild pulmonary congestion. These findings may indicate an underlying heart or lung condition that requires further evaluation and clinical correlation.","Findings: The chest X-ray shows cardiomegaly, which is an enlargement of the heart, and mild pulmonary congestion. These findings may indicate an underlying heart or lung condition that requires further evaluation and clinical correlation."
163,163_IM-0410-12012.dcm.png,Frontal,"Technical Quality of Image Unsatisfactory ;Calcinosis/lung/hilum/lymph nodes/right;Calcinosis/trachea, carina/lymph nodes",Technical Quality of Image Unsatisfactory ;Calcinosis;Calcinosis,Xray Chest PA and Lateral,",724.5",,There are no airspace opacities to suggest pneumonia. There is a vague nodular like opacity in the right midlung measuring 1.2 cm projecting through the posterior 7th and 8th ribs. This may be artifact. Chest fluoroscopy would confirm this. Heart and pulmonary XXXX appear normal. There are calcified subcarinal and right hilar lymph XXXX. The pleural spaces are clear.,Nodular density noted on recent PA chest radiograph XXXX represents an artifact. No nodules noted within the lungs on a recent outside XXXX from XXXX.,/home/20213144/.cache/kagglehub/datasets/raddar/chest-xrays-indiana-university/versions/2/images/images_normalized/163_IM-0410-12012.dcm.png,"Radiology Report

Chest X-ray

Findings:
The chest X-ray shows a small amount of pleural effusion in the right lower lobe.","Findings: The chest X-ray shows cardiomegaly, which is an enlargement of the heart, and mild pulmonary congestion. These findings may indicate an underlying heart or lung condition that requires further evaluation and clinical correlation."
164,164_IM-0419-1001.dcm.png,Frontal,normal,normal,PA and Lateral of the chest ,XXXX-year-old with shortness of breath.,"XXXX, XXXX.",The Cardiopulmonary silhouette is normal. The Heart size is normal. The lungs are clear with no pulmonary effusions or pneumothorax.,No acute cardiopulmonary findings.,/home/20213144/.cache/kagglehub/datasets/raddar/chest-xrays-indiana-university/versions/2/images/images_normalized/164_IM-0419-1001.dcm.png,"Findings: The chest X-ray shows an interval decrease in the size of the left lower lobe opacity, along with the presence of new nodular opacities. These findings suggest that there have been changes in the lung tissue, possibly indicating an improvement or worsening of a lung condition.","Radiology Report

Chest X-ray

Findings:
The chest X-ray shows a small amount of pleural effusion in the right lower lobe. 

Impression:
The presence of a small amount of pleural effusion in the right lower lobe may indicate an underlying issue, such as infection, inflammation, or other lung conditions. Further evaluation and clinical correlation are needed to determine the cause and significance of this finding."
165,165_IM-0427-1001.dcm.png,Frontal,Cicatrix/lung/apex/bilateral;Calcified Granuloma/lung/middle lobe/right;Atherosclerosis/aorta;Arthritis,Cicatrix;Calcified Granuloma;Atherosclerosis;Arthritis,Xray Chest PA and Lateral,XXXX since last XXXX,,There is some minimal biapical scarring. A calcified granuloma is present in the right middle lobe. There is no pleural effusion or pneumothorax. The heart is not significantly enlarged. There are atherosclerotic changes of the aorta. Arthritic changes of the skeletal structures are noted.,No acute pulmonary disease.,/home/20213144/.cache/kagglehub/datasets/raddar/chest-xrays-indiana-university/versions/2/images/images_normalized/165_IM-0427-1001.dcm.png,"Radiology Report

Chest X-ray

Findings:
The chest X-ray shows a mass in the left hemithorax.

Impression:
The presence of a mass in the left hemithorax may indicate an abnormal growth or lesion in that area. Further evaluation, such as a CT scan or other diagnostic tests, would be necessary to determine the nature and cause of the mass. It is important to consult a healthcare professional for a thorough assessment and appropriate treatment plan.","Radiology Report

Chest X-ray

Findings:
The chest X-ray shows a mass in the left hemithorax.

Impression:
The presence of a mass in the left hemithorax may indicate an abnormal growth or lesion in that area. Further evaluation, such as a CT scan or other imaging techniques, may be needed to determine the nature and cause of the mass. It is important to consult a healthcare professional for a thorough assessment and proper diagnosis."
166,166_IM-0435-2002.dcm.png,Frontal,Calcified Granuloma;Spine/degenerative/mild;Calcinosis/lymph nodes,Calcified Granuloma;Spine;Calcinosis,PA and Lateral Chest X-XXXX dated XXXX.,XXXX examination.,XXXX.,Heart size and pulmonary vascularity appear within normal limits. The lungs are free of focal airspace disease. No pleural effusion or pneumothorax is seen. Calcified lymph XXXX and granuloma are noted. Mild degenerative changes are present in the spine.,1. No evidence of active disease.,/home/20213144/.cache/kagglehub/datasets/raddar/chest-xrays-indiana-university/versions/2/images/images_normalized/166_IM-0435-2002.dcm.png,"Findings: The chest X-ray shows cardiomegaly, which is an enlargement of the heart, and mild pulmonary congestion. These findings may indicate an underlying heart or lung condition that requires further evaluation and clinical correlation.",Findings: The chest X-ray shows an elevated hemidiaphragm and an elevated right hemidiaphragm.
167,167_IM-0441-1001.dcm.png,Frontal,Calcified Granuloma/lung/upper lobe/left,Calcified Granuloma,"CHEST 2V FRONTAL/LATERAL XXXX, XXXX XXXX PM ","starting treatment with humira, r/o tb",,Both lungs are clear and expanded. An old calcified granuloma is present in the left upper lobe. Heart and mediastinum normal.,No active disease.,/home/20213144/.cache/kagglehub/datasets/raddar/chest-xrays-indiana-university/versions/2/images/images_normalized/167_IM-0441-1001.dcm.png,"Findings: The chest X-ray shows an interval decrease in the size of the left lower lobe opacity, along with the presence of new nodular opacities. These findings suggest that there have been changes in the lung tissue, possibly indicating an improvement or worsening of a lung condition.","Findings: The chest X-ray shows an opacity in the right lower lobe of the lung.

Impression: The presence of an opacity in the right lower lobe may indicate an abnormality, such as an infection, inflammation, or a mass. Further evaluation and clinical correlation are needed to determine the cause and significance of this finding."
168,168_IM-0448-1001.dcm.png,Frontal,"Thoracic Vertebrae/degenerative/multiple/mild;Lumbar Vertebrae/degenerative/multiple/mild;Fractures, Bone/ribs/left/chronic","Thoracic Vertebrae;Lumbar Vertebrae;Fractures, Bone","PA and lateral chest x-XXXX dated XXXX, XXXX at XXXX a.m.. ","XXXX-year-old woman with shortness of breath, XXXX.","Two-view chest radiograph dated XXXX, XXXX.","The lungs are clear bilaterally. Specifically, no evidence of focal consolidation, pneumothorax, or pleural effusion.. Cardio mediastinal silhouette is unremarkable. Visualized osseous structures of the thorax demonstrates stable mild multilevel degenerative disc disease of the thoracolumbar spine as well as chronic left-sided rib fractures without acute abnormality.",No acute cardiopulmonary abnormality.,/home/20213144/.cache/kagglehub/datasets/raddar/chest-xrays-indiana-university/versions/2/images/images_normalized/168_IM-0448-1001.dcm.png,"Findings: The chest X-ray shows cardiomegaly, which is an enlargement of the heart, and mild pulmonary congestion. These findings may indicate an underlying heart or lung condition that requires further evaluation and clinical correlation.","Findings: The chest X-ray shows an ill-defined opacity in the right lower lobe of the lung.

Impression: The presence of an ill-defined opacity in the right lower lobe may indicate an abnormality in the lung tissue. Further evaluation and clinical correlation are needed to determine the cause and significance of this finding."
169,169_IM-0452-1001.dcm.png,Frontal,normal,normal,2 views Chest: XXXX,XXXX and congestion,None.,The lungs and pleural spaces show no acute abnormality. Heart size and pulmonary vascularity within normal limits.,1. No acute pulmonary abnormality.,/home/20213144/.cache/kagglehub/datasets/raddar/chest-xrays-indiana-university/versions/2/images/images_normalized/169_IM-0452-1001.dcm.png,"Radiology Report

Chest X-ray

Findings:
The chest X-ray shows a small amount of pleural effusion in the right lower lobe.","Findings: The chest X-ray shows cardiomegaly, which is an enlargement of the heart, and mild pulmonary congestion. These findings may indicate an underlying heart or lung condition that requires further evaluation and clinical correlation."
170,170_IM-0461-0001-0003.dcm.png,Frontal,Technical Quality of Image Unsatisfactory ;Lung/hypoinflation,Technical Quality of Image Unsatisfactory ;Lung,Xray Chest PA and Lateral,XXXX. Status post right total knee arthroplasty,,,"Exam is technically limited by patient's body habitus. Lung volumes are decreased. No evidence of acute airspace disease, large pleural effusion or pneumothorax. Heart size is stable.",/home/20213144/.cache/kagglehub/datasets/raddar/chest-xrays-indiana-university/versions/2/images/images_normalized/170_IM-0461-0001-0003.dcm.png,"Findings: The chest X-ray shows cardiomegaly, which is an enlargement of the heart, and mild pulmonary congestion. These findings may indicate an underlying heart or lung condition that requires further evaluation and clinical correlation.","Findings: The chest X-ray shows cardiomegaly, which is an enlargement of the heart, and mild pulmonary congestion. These findings may indicate an underlying heart or lung condition that requires further evaluation and clinical correlation."
171,171_IM-0468-1001.dcm.png,Frontal,normal,normal,Xray Chest PA and Lateral,"pa/lat cxr,786.2 XXXX",,,"Comparison XXXX, XXXX. Well-expanded and clear lungs. Mediastinal contour within normal limits. No acute cardiopulmonary abnormality identified. Stable chest.",/home/20213144/.cache/kagglehub/datasets/raddar/chest-xrays-indiana-university/versions/2/images/images_normalized/171_IM-0468-1001.dcm.png,"Findings: The chest X-ray shows cardiomegaly, which is an enlargement of the heart, and mild pulmonary congestion. These findings may indicate an underlying heart or lung condition that requires further evaluation and clinical correlation.","Findings: The chest X-ray shows cardiomegaly, which is an enlargement of the heart, and mild pulmonary congestion. These findings may indicate an underlying heart or lung condition that requires further evaluation and clinical correlation."
172,172_IM-0474-1001.dcm.png,Frontal,Diaphragm/right/elevated;Aorta/tortuous;Spine/degenerative;Deformity/lumbar vertebrae,Diaphragm;Aorta;Spine;Deformity,"PA and lateral views of the chest XXXX, XXXX XXXX XXXX ",worsening dyspnea,,Elevated right hemidiaphragm. Clear lungs. No pleural effusions or pneumothoraces. heart size is upper limits of normal with tortuosity and ectasia of the aorta. Generative changes within the spine. In the upper lumbar spine there is an age-indeterminate wedge XXXX of a vertebral body.,1. Heart size upper limits of normal with clear lungs. 2. Age-indeterminate XXXX deformity of an upper lumbar spine vertebral body.,/home/20213144/.cache/kagglehub/datasets/raddar/chest-xrays-indiana-university/versions/2/images/images_normalized/172_IM-0474-1001.dcm.png,"Findings: The chest X-ray shows cardiomegaly, which is an enlargement of the heart, and mild pulmonary congestion. These findings may indicate an underlying heart or lung condition that requires further evaluation and clinical correlation.","Findings: The chest X-ray shows cardiomegaly, which is an enlargement of the heart, and mild pulmonary congestion. These findings may indicate an underlying heart or lung condition that requires further evaluation and clinical correlation."
173,173_IM-0481-1001.dcm.png,Frontal,Lung/hypoinflation;Calcinosis/lung/hilum/lymph nodes/bilateral,Lung;Calcinosis,"Chest, 2 views, XXXX XXXX ",Chest pain,,"Low lung volumes. Cardiomediastinal silhouette and pulmonary vasculature are within normal limits. Lungs are clear. No pneumothorax or pleural effusion. Calcified bilateral hilar lymph XXXX, greater on the left. No acute osseous findings.",Low lung volumes. No acute cardiopulmonary findings.,/home/20213144/.cache/kagglehub/datasets/raddar/chest-xrays-indiana-university/versions/2/images/images_normalized/173_IM-0481-1001.dcm.png,"Radiology Report

Chest X-ray

Findings:
The chest X-ray shows a small amount of pleural effusion in the right lower lobe of the lung. 

Impression:
The presence of a small amount of pleural effusion in the right lower lobe of the lung may indicate an underlying issue, such as infection, inflammation, or other lung conditions. Further evaluation and clinical correlation are needed to determine the cause and significance of this finding.","Findings: The chest X-ray shows cardiomegaly, which is an enlargement of the heart, and mild pulmonary congestion. These findings may indicate an underlying heart or lung condition that requires further evaluation and clinical correlation."
174,174_IM-0488-1001.dcm.png,Frontal,"Catheters, Indwelling;Deformity/ribs/right/multiple","Catheters, Indwelling;Deformity","2 views chest, XXXX hours, XXXX, XXXX ",XXXX,"CT chest XXXX, chest x-XXXX XXXX. Chest x-XXXX XXXX.","There is a left-sided PICC with tip at the caval atrial junction. The cardiomediastinal contours are within normal limits. Pulmonary vasculature is unremarkable. There is no focal airspace opacity. No pleural effusion or pneumothorax is seen. Stable short segment catheter tubing overlying the left XXXX, XXXX to reside within anterior chest soft tissues on recent chest CT. Stable remote posttraumatic changes of multiple right ribs.",1. Left PICC tip at cavoatrial junction. 2. No acute cardiopulmonary abnormality.,/home/20213144/.cache/kagglehub/datasets/raddar/chest-xrays-indiana-university/versions/2/images/images_normalized/174_IM-0488-1001.dcm.png,"Findings: The chest X-ray shows cardiomegaly, which is an enlargement of the heart, and mild pulmonary congestion. These findings may indicate an underlying heart or lung condition that requires further evaluation and clinical correlation.","Findings: The chest X-ray shows cardiomegaly, which is an enlargement of the heart, and mild pulmonary congestion. These findings may indicate an underlying heart or lung condition that requires further evaluation and clinical correlation."
175,175_IM-0492-1001.dcm.png,Frontal,Cardiomegaly/mild;Aorta/tortuous;Diaphragm/right/elevated;Pulmonary Atelectasis/base/bilateral/mild;Opacity/lung/base/left/mild;Costophrenic Angle/right/blunted;Infiltrate/lung/base/bilateral/mild,Cardiomegaly;Aorta;Diaphragm;Pulmonary Atelectasis;Opacity;Costophrenic Angle;Infiltrate,Xray Chest PA and Lateral,Nausea and vomiting,,"Mild cardiomegaly unchanged. Stable superior mediastinal contour with tortuous aorta. Normal pulmonary vascularity. Unchanged elevated right hemidiaphragm with minimal right base subsegmental atelectasis. Minimal XXXX left basal airspace opacity. Unchanged blunting of the right lateral costophrenic XXXX, scarring versus XXXX effusion. No pneumothorax. No acute osseous findings.","Minimal XXXX left base atelectasis/infiltrate. Otherwise, stable exam.",/home/20213144/.cache/kagglehub/datasets/raddar/chest-xrays-indiana-university/versions/2/images/images_normalized/175_IM-0492-1001.dcm.png,"Findings: The chest X-ray shows cardiomegaly, which is an enlargement of the heart, and mild pulmonary congestion. These findings may indicate an underlying heart or lung condition that requires further evaluation and clinical correlation.","Findings: The chest X-ray shows cardiomegaly, which is an enlargement of the heart, and mild pulmonary congestion. These findings may indicate an underlying heart or lung condition that requires further evaluation and clinical correlation."
176,176_IM-0496-1001.dcm.png,Frontal,normal,normal,Xray Chest PA and Lateral,Preop anesthesia XXXX,"XXXX, XXXX",Cardiac and mediastinal contours are within normal limits. The lungs are clear. Bony structures are intact.,No acute findings.,/home/20213144/.cache/kagglehub/datasets/raddar/chest-xrays-indiana-university/versions/2/images/images_normalized/176_IM-0496-1001.dcm.png,"Findings: The chest X-ray shows an opacity in the right lower lobe of the lung.

Impression: The presence of an opacity in the right lower lobe may indicate an abnormality, such as an infection, inflammation, or a mass. Further evaluation and clinical correlation are needed to determine the cause and significance of this finding.","Findings: The chest X-ray shows an ill-defined opacity in the right lower lobe of the lung.

Impression: The presence of an ill-defined opacity in the right lower lobe may indicate an abnormality in the lung tissue. Further evaluation and clinical correlation are needed to determine the cause and significance of this finding."
177,177_IM-0503-1001.dcm.png,Frontal,Cardiomegaly;Opacity/lung/bilateral/interstitial;Pulmonary Atelectasis/bilateral;Calcinosis/aorta;Calcified Granuloma/lung/hilum/right;Costophrenic Angle/bilateral/blunted;Pleural Effusion/bilateral,Cardiomegaly;Opacity;Pulmonary Atelectasis;Calcinosis;Calcified Granuloma;Costophrenic Angle;Pleural Effusion,"PA and lateral chest, XXXX, XXXX XXXX XXXX ",XXXX-year-old female with dyspnea.,PA and lateral chest x-XXXX dated XXXX.,"The heart size is enlarged. The mediastinal contour is within normal limits. Calcification is seen within the aortic XXXX. XXXX interstitial opacities. There are no nodules or masses. Stable appearing right perihilar calcified granulomas. No visible pneumothorax. Bilateral costophrenic XXXX blunting, left worse than right. The XXXX are grossly normal. There is no visible free intraperitoneal air under the diaphragm.","1. Cardiomegaly with bilateral interstitial opacities. 2. Bilateral effusions and/or atelectasis, right worse than left.",/home/20213144/.cache/kagglehub/datasets/raddar/chest-xrays-indiana-university/versions/2/images/images_normalized/177_IM-0503-1001.dcm.png,"Radiology Report

Chest X-ray

Findings:
The chest X-ray shows a small amount of pleural effusion in the right lower lobe of the lung. 

Impression:
The presence of a small amount of pleural effusion in the right lower lobe of the lung may indicate an underlying issue, such as infection, inflammation, or other lung conditions. Further evaluation and clinical correlation are needed to determine the cause and significance of this finding.","Findings: The chest X-ray shows cardiomegaly, which is an enlargement of the heart, and mild pulmonary congestion. These findings may indicate an underlying heart or lung condition that requires further evaluation and clinical correlation."
178,178_IM-0509-2001.dcm.png,Frontal,"Atherosclerosis/aorta, thoracic;Markings/lung/interstitial/diffuse;Lung Diseases, Interstitial/chronic;Opacity/lung/apex/left/patchy;Opacity/lung/base/right/patchy;Airspace Disease/lung/apex/left/patchy;Airspace Disease/lung/base/right/patchy","Atherosclerosis;Markings;Lung Diseases, Interstitial;Opacity;Opacity;Airspace Disease;Airspace Disease","AP and lateral chest x-XXXX dated XXXX, XXXX at XXXX p.m. ","XXXX-year-old woman, hypoxia.","Frontal chest radiograph dated XXXX, XXXX.","Cardiomediastinal silhouette stable with atherosclerosis of the thoracic aorta. Diffusely coarsened interstitial markings are noted consistent with chronic lung disease, with worsened patchy opacities and a left apex and right base. No pneumothorax or pleural effusion. No acute bony abnormality.",Changes of chronic interstitial lung disease with ill-defined patchy left apical and right basilar airspace disease. PA and lateral chest radiograph may be of benefit XXXX clinically feasible.,/home/20213144/.cache/kagglehub/datasets/raddar/chest-xrays-indiana-university/versions/2/images/images_normalized/178_IM-0509-2001.dcm.png,"Findings: The chest X-ray shows cardiomegaly, which is an enlargement of the heart, and mild pulmonary congestion. These findings may indicate an underlying heart or lung condition that requires further evaluation and clinical correlation.",Findings: The chest X-ray shows an interval decrease in the size of the left lower lobe infiltrate. This suggests that there has been some improvement in the lung condition over the course of the treatment.
179,179_IM-0514-1001.dcm.png,Frontal,No Indexing,No Indexing,Xray Chest PA and Lateral,Dyspnea and XXXX,Radiograph from XXXX.,"No airspace disease, effusion or noncalcified nodule. Normal heart size and mediastinum. Visualized XXXX of the chest XXXX are within normal limits.",No acute cardiopulmonary abnormality.,/home/20213144/.cache/kagglehub/datasets/raddar/chest-xrays-indiana-university/versions/2/images/images_normalized/179_IM-0514-1001.dcm.png,"Radiology Report

Chest X-ray

Findings:
The chest X-ray shows a small amount of pleural effusion in the right lower lobe of the lung. 

Impression:
The presence of a small amount of pleural effusion in the right lower lobe of the lung may indicate an underlying issue, such as infection, inflammation, or other lung conditions. Further evaluation and clinical correlation are needed to determine the cause and significance of this finding.","Radiology Report

Chest X-ray

Findings:
The chest X-ray shows a small amount of pleural effusion in the right lower lobe of the lung. 

Impression:
The presence of a small amount of pleural effusion in the right lower lobe of the lung may indicate an underlying issue, such as infection, inflammation, or other lung conditions. Further evaluation and clinical correlation are needed to determine the cause and significance of this finding."
181,181_IM-0524-1001.dcm.png,Frontal,Diaphragmatic Eventration/right,Diaphragmatic Eventration,"PA and lateral chest x-XXXX XXXX, XXXX XXXX hours ","XXXX-year-old male, COPD, XXXX, XXXX.","Chest x-XXXX XXXX, XXXX",Normal heart size mediastinal contours. Eventration of the right hemidiaphragm. No focal airspace consolidation. No pleural effusion or pneumothorax.,No acute cardiopulmonary abnormality.,/home/20213144/.cache/kagglehub/datasets/raddar/chest-xrays-indiana-university/versions/2/images/images_normalized/181_IM-0524-1001.dcm.png,Findings: The chest X-ray shows an interval decrease in the size of the left lower lobe infiltrate. This suggests that there has been some improvement in the lung condition over the course of the treatment.,"Findings: The chest X-ray shows an opacity in the right lower lobe of the lung.

Impression: The presence of an opacity in the right lower lobe may indicate an abnormality, such as an infection, inflammation, or a mass. Further evaluation and clinical correlation are needed to determine the cause and significance of this finding."
182,182_IM-0531-1001.dcm.png,Frontal,Opacity/lung/lower lobe/left/patchy;Infiltrate/lung/lower lobe/left,Opacity;Infiltrate,"PA and Lateral Chest. XXXX, XXXX XXXX PM . ",XXXX.,None.,"Heart size and mediastinal contours appear within normal limits. Patchy airspace opacities in the left lower lobe, compatible with infiltrate. No large pleural effusion. No pneumothorax. No acute bony abnormality.",Left lower lobe infiltrate.,/home/20213144/.cache/kagglehub/datasets/raddar/chest-xrays-indiana-university/versions/2/images/images_normalized/182_IM-0531-1001.dcm.png,"Findings: The chest X-ray shows cardiomegaly, which is an enlargement of the heart, and mild pulmonary congestion. These findings may indicate an underlying heart or lung condition that requires further evaluation and clinical correlation.","Radiology Report

Chest X-ray

Findings:
The chest X-ray shows a small amount of pleural effusion in the right lower lobe. 

Impression:
The presence of a small amount of pleural effusion in the right lower lobe is an important finding. Pleural effusion is the accumulation of fluid in the pleural space, which is the area between the layers of tissue that line the lungs and the chest cavity. This can be caused by various conditions, such as infections, inflammation, heart failure, or malignancies. Further evaluation and clinical correlation are needed to determine the cause and significance of this finding."
183,183_IM-0537-1001.dcm.png,Frontal,Lung/hypoinflation;Markings/bronchovascular;Opacity/lung/base/right/mild;Spine/degenerative/multiple;Airspace Disease/lung/base/right,Lung;Markings;Opacity;Spine;Airspace Disease,PA and lateral chest x-XXXX XXXX. ,"XXXX-year-old male, XXXX.",None.,Heart size within normal limits. There are low lung volumes with bronchovascular crowding. There is mild increased airspace opacity within the right lung base which may represent atelectasis or infiltrate.. No visualized pneumothorax or large pleural effusion. Multilevel degenerative disease of the spine.,Low lung volumes with airspace disease within the right lung base. Followup radiographs following treatment is recommended to document resolution.,/home/20213144/.cache/kagglehub/datasets/raddar/chest-xrays-indiana-university/versions/2/images/images_normalized/183_IM-0537-1001.dcm.png,"Radiology Report

Chest X-ray

Findings:
The chest X-ray shows a small amount of pleural effusion in the right lower lobe.","Findings: The chest X-ray shows cardiomegaly, which is an enlargement of the heart, and mild pulmonary congestion. These findings may indicate an underlying heart or lung condition that requires further evaluation and clinical correlation."
184,184_IM-0544-1001.dcm.png,Frontal,Nodule/lung/apex/right,Nodule,Xray Chest PA and Lateral,Body aches,,PA and lateral views were obtained. Lungs are clear. There is no pneumothorax or pleural effusion. The heart and mediastinum are within normal limits. Bony structures are intact. A 5 mm stable right apical nodule.,No acute cardiopulmonary process.,/home/20213144/.cache/kagglehub/datasets/raddar/chest-xrays-indiana-university/versions/2/images/images_normalized/184_IM-0544-1001.dcm.png,"Findings: The chest X-ray shows cardiomegaly, which is an enlargement of the heart, and mild pulmonary congestion. These findings may indicate an underlying heart or lung condition that requires further evaluation and clinical correlation.","Findings: The chest X-ray shows an opacity in the right lower lobe of the lung.

Impression: The presence of an opacity in the right lower lobe may indicate an abnormality, such as an infection, inflammation, or a mass. Further evaluation and clinical correlation are needed to determine the cause and significance of this finding."
185,185_IM-0551-1001.dcm.png,Frontal,Lung/hypoinflation/mild;Markings/bronchovascular;Opacity,Lung;Markings;Opacity,Xray Chest PA and Lateral,HYPERTENSION; preop hernia repair,,The heart is normal in size. The mediastinum is stable. Lungs are mildly hypoinflated. Increased XXXX opacities on lateral projection XXXX reflect bronchovascular crowding. There is no acute infiltrate or pleural effusion.,No acute disease.,/home/20213144/.cache/kagglehub/datasets/raddar/chest-xrays-indiana-university/versions/2/images/images_normalized/185_IM-0551-1001.dcm.png,Findings: The chest X-ray shows an interval decrease in the size of the left lower lobe infiltrate. This suggests that there has been some improvement in the lung condition over the course of the treatment.,Findings: The chest X-ray shows an interval decrease in the size of the left lower lobe infiltrate. This suggests that there has been some improvement in the lung condition over the course of the treatment.
186,186_IM-0558-1001.dcm.png,Frontal,normal,normal,PA and lateral chest radiograph on XXXX at 00:46 hours. ,"XXXX year old woman, question swallowed foreign body (XXXX XXXX).",None available.,"Cardiac size, mediastinal contour, and pulmonary vascularity are within normal limits. No focal consolidation, suspicious pulmonary opacity, pleural effusion, or pneumothorax. The visualized osseous structures appear intact. No evidence of abnormal radiodense foreign bodies.",No acute cardiopulmonary abnormalities. No evidence of abnormal radiodense foreign bodies.,/home/20213144/.cache/kagglehub/datasets/raddar/chest-xrays-indiana-university/versions/2/images/images_normalized/186_IM-0558-1001.dcm.png,"Findings: The chest X-ray shows cardiomegaly, which is an enlargement of the heart, and mild pulmonary congestion. These findings may indicate an underlying heart or lung condition that requires further evaluation and clinical correlation.","Radiology Report

Chest X-ray

Findings:
The chest X-ray shows a small amount of pleural effusion in the right lower lobe of the lung. 

Impression:
The presence of a small amount of pleural effusion in the right lower lobe of the lung may indicate an underlying issue, such as an infection, inflammation, or other lung condition. Further evaluation and clinical correlation are needed to determine the cause and appropriate treatment for this finding."
187,187_IM-0563-1001.dcm.png,Frontal,Aorta/tortuous;Granulomatous Disease,Aorta;Granulomatous Disease,Frontal and lateral chest on XXXX XXXX. ,Dizziness and confusion.,XXXX.,"Normal heart size. Stable tortuous aorta. No pneumothorax, pleural effusion or suspicious focal airspace opacity. Prior granulomatous disease.",Unchanged exam without acute abnormality.,/home/20213144/.cache/kagglehub/datasets/raddar/chest-xrays-indiana-university/versions/2/images/images_normalized/187_IM-0563-1001.dcm.png,"Radiology Report

Chest X-ray

Findings:
The chest X-ray shows a small amount of pleural effusion in the right lower lobe.","Radiology Report

Chest X-ray

Findings:
The chest X-ray shows a small amount of pleural effusion in the right lower lobe. 

Impression:
The presence of a small amount of pleural effusion in the right lower lobe is an important finding. Pleural effusion is the accumulation of fluid in the pleural space, which is the area between the layers of tissue that line the lungs and the chest cavity. This can be caused by various conditions, such as infections, inflammation, heart failure, or malignancies. Further evaluation and clinical correlation are needed to determine the cause and significance of this finding."
188,188_IM-0569-1001.dcm.png,Frontal,Pleural Effusion/left/moderate;Pulmonary Atelectasis/base/left;Airspace Disease/lung/base/left,Pleural Effusion;Pulmonary Atelectasis;Airspace Disease,"Two-view chest x-XXXX, XXXX, 16: 27 hours ",Status post right thoracentesis,"Chest x-XXXX, XXXX",,"1. No residual right pleural effusion identified status post thoracentesis. No pneumothorax. 2. Mediastinum, cardiac size grossly stable. 3. Small to moderate left-sided pleural effusion, increased XXXX compared to prior chest radiograph. Left lung base atelectasis/airspace disease.",/home/20213144/.cache/kagglehub/datasets/raddar/chest-xrays-indiana-university/versions/2/images/images_normalized/188_IM-0569-1001.dcm.png,"Findings: The chest X-ray shows cardiomegaly, which is an enlargement of the heart, and mild pulmonary congestion. These findings may indicate an underlying heart or lung condition that requires further evaluation and clinical correlation.","Findings: The chest X-ray shows cardiomegaly, which is an enlargement of the heart, and mild pulmonary congestion. These findings may indicate an underlying heart or lung condition that requires further evaluation and clinical correlation."
189,189_IM-0578-1001.dcm.png,Frontal,Opacity/lung/apex/right/focal;Opacity/lung/base/left/mild;Spine/degenerative;Cicatrix/lung/base/left/mild;Pulmonary Atelectasis/base/left/mild,Opacity;Opacity;Spine;Cicatrix;Pulmonary Atelectasis,Xray Chest PA and Lateral,XXXX-year-old with preop evaluation for a herniated disc.,None.,"The heart, pulmonary XXXX and mediastinum are within normal limits. There is no pleural effusion or pneumothorax. There is no focal air space opacity to suggest a pneumonia. There is a 1 cm focal opacity in the right lung apex incompletely evaluated by this exam. There is minimal left basilar XXXX opacity compatible with scarring or atelectasis. There are degenerative changes of the spine.","1 cm of apical opacity, scarring versus nodule. A noncontrast XXXX is indicated for further characterization. Critical result notification documented through Primordial.",/home/20213144/.cache/kagglehub/datasets/raddar/chest-xrays-indiana-university/versions/2/images/images_normalized/189_IM-0578-1001.dcm.png,"Radiology Report

Chest X-ray

Findings:
The chest X-ray shows a small amount of pleural effusion in the right lower lobe.","Radiology Report

Chest X-ray

Findings:
The chest X-ray shows a small amount of pleural effusion in the right lower lobe."
190,190_IM-0583-1001.dcm.png,Frontal,normal,normal,Xray Chest PA and Lateral,Right sided rib pain. Rule out infiltrate,XXXX,The heart is normal in size. The mediastinum is unremarkable. The lungs are clear. There is no obvious lytic or destructive lesion. No displaced rib fracture is evident.,No acute disease.,/home/20213144/.cache/kagglehub/datasets/raddar/chest-xrays-indiana-university/versions/2/images/images_normalized/190_IM-0583-1001.dcm.png,"Findings: The chest X-ray shows cardiomegaly, which is an enlargement of the heart, and mild pulmonary congestion. These findings may indicate an underlying heart or lung condition that requires further evaluation and clinical correlation.","Findings: The chest X-ray shows cardiomegaly, which is an enlargement of the heart, and mild pulmonary congestion. These findings may indicate an underlying heart or lung condition that requires further evaluation and clinical correlation."
191,191_IM-0591-1001.dcm.png,Frontal,normal,normal,Chest x-XXXX XXXX and lateral performed on XXXX ,XXXX.,None.,The heart is normal in size. The pulmonary vascularity is within normal limits in appearance. No focal air space opacities. No pleural effusions or pneumothorax. No acute bony abnormalities.,No acute cardiopulmonary abnormalities.,/home/20213144/.cache/kagglehub/datasets/raddar/chest-xrays-indiana-university/versions/2/images/images_normalized/191_IM-0591-1001.dcm.png,"Findings: The chest X-ray shows cardiomegaly, which is an enlargement of the heart, and mild pulmonary congestion. These findings may indicate an underlying heart or lung condition that requires further evaluation and clinical correlation.","Findings: The chest X-ray shows an opacity in the right lower lobe of the lung.

Impression: The presence of an opacity in the right lower lobe may indicate an abnormality, such as an infection, inflammation, or a mass. Further evaluation and clinical correlation are needed to determine the cause and significance of this finding."
192,192_IM-0598-1001.dcm.png,Frontal,Lung/hypoinflation;Thoracic Vertebrae/degenerative/mild,Lung;Thoracic Vertebrae,"PA and Lateral Chest. XXXX, XXXX at XXXX ",XXXX and congestion,"XXXX, XXXX","Low lung volumes. Heart size and mediastinal contour within normal limits. No focal air space consolidation, pneumothorax, or pleural effusion. Mild thoracic spine degenerative change.",No acute cardiopulmonary abnormality.,/home/20213144/.cache/kagglehub/datasets/raddar/chest-xrays-indiana-university/versions/2/images/images_normalized/192_IM-0598-1001.dcm.png,"Findings: The chest X-ray shows cardiomegaly, which is an enlargement of the heart, and mild pulmonary congestion. These findings may indicate an underlying heart or lung condition that requires further evaluation and clinical correlation.","Findings: The chest X-ray shows cardiomegaly, which is an enlargement of the heart, and mild pulmonary congestion. These findings may indicate an underlying heart or lung condition that requires further evaluation and clinical correlation."
193,193_IM-0601-1001.dcm.png,Frontal,Thoracic Vertebrae/degenerative,Thoracic Vertebrae,Xray Chest PA and Lateral,"Chest pain , right arm numbness",None.,This is an apical lordotic view the chest. Heart size and mediastinal contour are normal. Pulmonary vascularity is normal. Lungs are clear. No pleural effusions or pneumothoraces. Degenerative changes in the thoracic spine.,No acute cardiopulmonary process,/home/20213144/.cache/kagglehub/datasets/raddar/chest-xrays-indiana-university/versions/2/images/images_normalized/193_IM-0601-1001.dcm.png,"Radiology Report

Chest X-ray

Findings:
The chest X-ray shows a small amount of pleural effusion in the right lower lobe.","Radiology Report

Chest X-ray

Findings:
The chest X-ray shows a small amount of pleural effusion in the right lower lobe."
194,194_IM-0609-2001.dcm.png,Frontal,Airspace Disease/lung/base/left/mild;Pulmonary Atelectasis/base/left;Infiltrate/lung/base/left,Airspace Disease;Pulmonary Atelectasis;Infiltrate,PA and lateral views of the chest. ,"XXXX-year-old male, rule out tuberculosis.",Two-view chest from XXXX.,Heart size upper limits of normal. Small amount of left basilar airspace disease. The right lung is clear. There are no cavitary lesions seen. No pneumothorax. No pleural effusions.,"Left basilar atelectasis and/or infiltrate, with no radiographic evidence of tuberculosis.",/home/20213144/.cache/kagglehub/datasets/raddar/chest-xrays-indiana-university/versions/2/images/images_normalized/194_IM-0609-2001.dcm.png,"Radiology Report

Chest X-ray

Findings:
The chest X-ray shows a small amount of pleural effusion in the right lower lobe of the lung. 

Impression:
The presence of a small amount of pleural effusion in the right lower lobe of the lung may indicate an underlying issue, such as infection, inflammation, or other lung conditions. Further evaluation and clinical correlation are needed to determine the cause and significance of this finding.","Radiology Report

Chest X-ray

Findings:
The chest X-ray shows a small amount of pleural effusion in the right lower lobe of the lung. 

Impression:
The presence of a small amount of pleural effusion in the right lower lobe of the lung may indicate an underlying issue, such as infection, inflammation, or other lung conditions. Further evaluation and clinical correlation are needed to determine the cause and significance of this finding."
195,195_IM-0618-1002.dcm.png,Frontal,normal,normal,Chest radiograph PA and lateral XXXX/XXXX at XXXX. ,XXXX-year-old female with coughing and wheezing.,None.,Clear lungs bilaterally. No pneumothorax or pleural effusion. Normal cardiac contours,1. No acute cardiopulmonary abnormalities,/home/20213144/.cache/kagglehub/datasets/raddar/chest-xrays-indiana-university/versions/2/images/images_normalized/195_IM-0618-1002.dcm.png,"Findings: The chest X-ray shows cardiomegaly, which is an enlargement of the heart, and mild pulmonary congestion. These findings may indicate an underlying heart or lung condition that requires further evaluation and clinical correlation.","Findings: The chest X-ray shows cardiomegaly, which is an enlargement of the heart, and mild pulmonary congestion. These findings may indicate an underlying heart or lung condition that requires further evaluation and clinical correlation."
196,196_IM-0626-1001.dcm.png,Frontal,normal,normal,Xray Chest PA and Lateral,Chest pain and shortness of breath.,,"The XXXX examination consists of frontal and lateral radiographs of the chest. The cardiomediastinal contours, lungs, pleura, osseous structures and visualized upper abdomen are normal.",Unremarkable radiographs of the chest.,/home/20213144/.cache/kagglehub/datasets/raddar/chest-xrays-indiana-university/versions/2/images/images_normalized/196_IM-0626-1001.dcm.png,"Findings: The chest X-ray shows cardiomegaly, which is an enlargement of the heart, and mild pulmonary congestion. These findings may indicate an underlying heart or lung condition that requires further evaluation and clinical correlation.","Findings: The chest X-ray shows cardiomegaly, which is an enlargement of the heart, and mild pulmonary congestion. These findings may indicate an underlying heart or lung condition that requires further evaluation and clinical correlation."
197,197_IM-0631-1001.dcm.png,Frontal,Lung/hyperdistention;Calcified Granuloma/lung/lower lobe/right/small,Lung;Calcified Granuloma,"Chest x-XXXX, frontal and lateral. XXXX. XXXX a.m. ",XXXX.,Two-view chest x-XXXX from XXXX.,The cardiomediastinal silhouette is normal. Lungs are hyperexpanded but clear without evidence of effusion or infiltrate. There is a small right lower lobe calcified granuloma that is unchanged from prior examinations. No acute bony abnormality. No pneumothorax or pneumomediastinum.,1. Hyperexpanded lungs.,/home/20213144/.cache/kagglehub/datasets/raddar/chest-xrays-indiana-university/versions/2/images/images_normalized/197_IM-0631-1001.dcm.png,"Findings: The chest X-ray shows cardiomegaly, which is an enlargement of the heart, and mild pulmonary congestion. These findings may indicate an underlying heart or lung condition that requires further evaluation and clinical correlation.","Findings: The chest X-ray shows cardiomegaly, which is an enlargement of the heart, and mild pulmonary congestion. These findings may indicate an underlying heart or lung condition that requires further evaluation and clinical correlation."
200,200_IM-0653-1001.dcm.png,Frontal,normal,normal,Xray Chest PA and Lateral,Dyspnea and XXXX loss.,,Heart size and pulmonary vascularity appear within normal limits. The lungs are free of focal airspace disease. No pleural effusion or pneumothorax is seen.,1. No evidence of active disease.,/home/20213144/.cache/kagglehub/datasets/raddar/chest-xrays-indiana-university/versions/2/images/images_normalized/200_IM-0653-1001.dcm.png,"Findings: The chest X-ray shows cardiomegaly, which is an enlargement of the heart, and mild pulmonary congestion. These findings may indicate an underlying heart or lung condition that requires further evaluation and clinical correlation.","Findings: The chest X-ray shows cardiomegaly, which is an enlargement of the heart, and mild pulmonary congestion. These findings may indicate an underlying heart or lung condition that requires further evaluation and clinical correlation."
201,201_IM-0660-1001.dcm.png,Frontal,"Opacity/lung/middle lobe/right/mild;Aorta, Thoracic/tortuous/mild;Atherosclerosis/aorta;Thoracic Vertebrae/degenerative;Pulmonary Atelectasis","Opacity;Aorta, Thoracic;Atherosclerosis;Thoracic Vertebrae;Pulmonary Atelectasis",XR Chest PA and Lateral,"Medical XXXX, aspiration.",None.,"The cardiomediastinal silhouette and pulmonary vasculature are within normal limits in size. There is minimal XXXX airspace opacity in the right middle lobe, XXXX atelectasis. The lungs are otherwise clear of focal airspace disease. There is no pneumothorax or pleural effusion. There is mild tortuosity of the thoracic aorta with atherosclerotic calcification of the aortic XXXX. There are moderate degenerative endplate changes in the thoracic spine. There are no acute bony findings.",No acute cardiopulmonary findings. .,/home/20213144/.cache/kagglehub/datasets/raddar/chest-xrays-indiana-university/versions/2/images/images_normalized/201_IM-0660-1001.dcm.png,"Radiology Report

Chest X-ray

Findings:
The chest X-ray shows a small amount of pleural effusion in the right lower lobe of the lung. 

Impression:
The presence of a small amount of pleural effusion in the right lower lobe of the lung may indicate an underlying issue, such as infection, inflammation, or other lung conditions. Further evaluation and clinical correlation are needed to determine the cause and significance of this finding.","Radiology Report

Chest X-ray

Findings:
The chest X-ray shows a small amount of pleural effusion in the right lower lobe of the lung. 

Impression:
The presence of a small amount of pleural effusion in the right lower lobe of the lung may indicate an underlying issue, such as infection, inflammation, or other lung conditions. Further evaluation and clinical correlation are needed to determine the cause and significance of this finding."
202,202_IM-0667-4004.dcm.png,Frontal,Cardiomegaly;Pulmonary Congestion;Opacity/lung/interstitial;Pleural Effusion/bilateral/small,Cardiomegaly;Pulmonary Congestion;Opacity;Pleural Effusion,"AP and lateral view chest, XXXX",Back and chest pain.,Chest x-XXXX XXXX,AP and lateral view of the chest.,1. Cardiomegaly with central vascular congestion and increased interstitial opacities suggesting mild interstitial pulmonary edema. 2. Small bilateral pleural effusions. 3. No visible pneumothorax.,/home/20213144/.cache/kagglehub/datasets/raddar/chest-xrays-indiana-university/versions/2/images/images_normalized/202_IM-0667-4004.dcm.png,Findings: The chest X-ray shows an interval decrease in the bilateral airspace opacities. This means that the previously observed abnormalities in the lungs have decreased in density or extent compared to a previous X-ray.,Findings: The chest X-ray shows an interval decrease in the size of the left lower lobe infiltrate. This suggests that there has been some improvement in the lung condition over the course of the treatment.
203,203_IM-0675-1001.dcm.png,Frontal,normal,normal,CHEST 2V FRONTAL/LATERAL ,Chest pain,XXXX,The heart is normal in size. The mediastinum is unremarkable. The lungs are clear.,No acute disease.,/home/20213144/.cache/kagglehub/datasets/raddar/chest-xrays-indiana-university/versions/2/images/images_normalized/203_IM-0675-1001.dcm.png,"Radiology Report

Chest X-ray

Findings:
The chest X-ray shows a small amount of pleural effusion in the right lower lobe.","Radiology Report

Chest X-ray

Findings:
The chest X-ray shows a small amount of pleural effusion in the right lower lobe. 

Impression:
The presence of a small amount of pleural effusion in the right lower lobe may indicate an underlying issue, such as infection, inflammation, or other lung conditions. Further evaluation and clinical correlation are needed to determine the cause and significance of this finding."
204,204_IM-0683-1001.dcm.png,Frontal,normal,normal, XXXX PA and lateral chest. ,XXXX.,None.,"Heart size normal. Lungs are clear. XXXX are normal. No pneumonia, effusions, edema, pneumothorax, adenopathy, nodules or masses.",Normal chest,/home/20213144/.cache/kagglehub/datasets/raddar/chest-xrays-indiana-university/versions/2/images/images_normalized/204_IM-0683-1001.dcm.png,"Findings: The chest X-ray shows cardiomegaly, which is an enlargement of the heart, and mild pulmonary congestion. These findings may indicate an underlying heart or lung condition that requires further evaluation and clinical correlation.","Findings: The chest X-ray shows cardiomegaly, which is an enlargement of the heart, and mild pulmonary congestion. These findings may indicate an underlying heart or lung condition that requires further evaluation and clinical correlation."
205,205_IM-0689-2002.dcm.png,Frontal,Diaphragm/right/elevated,Diaphragm,"PA and lateral chest XXXX, XXXX at XXXX with comparison XXXX.",XXXX,,,Stable normal heart size. Elevated right diaphragm. Lungs are clear.,/home/20213144/.cache/kagglehub/datasets/raddar/chest-xrays-indiana-university/versions/2/images/images_normalized/205_IM-0689-2002.dcm.png,Findings: The chest X-ray shows an interval decrease in the size of the left lower lobe infiltrate. This suggests that there has been some improvement in the lung condition over the course of the treatment.,"Findings: The chest X-ray shows an opacity in the right lower lobe of the lung.

Impression: The presence of an opacity in the right lower lobe may indicate an abnormality, such as an infection, inflammation, or a mass. Further evaluation and clinical correlation are needed to determine the cause and significance of this finding."
206,206_IM-0697-6001.dcm.png,Frontal,Density/lung/lingula;Cardiomegaly/borderline;Aorta/tortuous;Arthritis/spine;Nodule/lung/lower lobe/left,Density;Cardiomegaly;Aorta;Arthritis;Nodule,"PA and lateral chest XXXX, XXXX at XXXX hours. Pelvis and left hip XXXX at XXXX hours. Left femur XXXX. Left knee 4 views XXXX, XXXX.","XXXX on XXXX, increasing pain.",,Chest  Comparison: There is a 2.6 cm diameter masslike density over the lingula partial obscuration left cardiac XXXX. There may be some ill-defined opacity in the right mid and lower lung zone. No pleural effusion is seen. The heart is borderline enlarged. The aorta is dilated and tortuous. Arthritic changes of the spine are present.  Pelvis and left hip There is an impacted and rotated fracture through the neck of the femur on the left. No pelvic fracture is seen. Arthritic changes are present in the lower lumbar spine. Large amount of stool and XXXX obscures portions of the pelvis.  Femur The femoral images do not XXXX the area of the hip fracture. The remaining portions of the femur appear to be intact with no fracture or destructive process. Extensive atherosclerotic vascular disease throughout the superficial femoral artery is present.  Left knee There is osteoporosis and mild arthritic changes. No fracture is seen. No dislocation is identified. Severe atherosclerotic changes of the superficial femoral and popliteal artery are seen.,Chest. 1. Left lower lobe nodule which is worrisome. If there are no prior films available for comparison XXXX scan for further evaluation. Pelvis and left hip. Rotated subcapital fracture left hip. Femur. 1. No fracture the remaining portions of the femur. Left knee. 1. Normal for age.  Dr. XXXX- XXXX was called and informed of these critical results at XXXX.,/home/20213144/.cache/kagglehub/datasets/raddar/chest-xrays-indiana-university/versions/2/images/images_normalized/206_IM-0697-6001.dcm.png,"Radiology Report

Chest X-ray

Findings:
The chest X-ray shows a small amount of pleural effusion in the right lower lobe.",Findings: The chest X-ray shows an elevated hemidiaphragm and an elevated right hemidiaphragm.
207,207_IM-0703-1001.dcm.png,Frontal,normal,normal,Xray Chest PA and Lateral,"XXXX, right sided rib pain after falling on the XXXX.",None.,Normal heart size and mediastinal contours. The lungs are clear. There is no pneumothorax or pleural effusion. No acute bony abnormalities.,No acute cardiopulmonary process. No obvious rib fractures. .,/home/20213144/.cache/kagglehub/datasets/raddar/chest-xrays-indiana-university/versions/2/images/images_normalized/207_IM-0703-1001.dcm.png,"Findings: The chest X-ray shows cardiomegaly, which is an enlargement of the heart, and mild pulmonary congestion. These findings may indicate an underlying heart or lung condition that requires further evaluation and clinical correlation.","Findings: The chest X-ray shows an opacity in the right lower lobe of the lung.

Impression: The presence of an opacity in the right lower lobe may indicate an abnormality, such as an infection, inflammation, or a mass. Further evaluation and clinical correlation are needed to determine the cause and significance of this finding."
208,208_IM-0711-1001.dcm.png,Frontal,normal,normal,"PA and lateral chest, XXXX, XXXX XXXX PM ",XXXX-year-old male with XXXX for 2 months unrelieved by conservative treatment.,None.,The heart size is normal. The mediastinal contour is within normal limits. The lungs are free of any focal infiltrates. There are no nodules or masses. No visible pneumothorax. No visible pleural fluid. The XXXX are grossly normal. There is no visible free intraperitoneal air under the diaphragm.,1. No acute radiographic cardiopulmonary process.,/home/20213144/.cache/kagglehub/datasets/raddar/chest-xrays-indiana-university/versions/2/images/images_normalized/208_IM-0711-1001.dcm.png,"Findings: The chest X-ray shows cardiomegaly, which is an enlargement of the heart, and mild pulmonary congestion. These findings may indicate an underlying heart or lung condition that requires further evaluation and clinical correlation.","Findings: The chest X-ray shows an elevated right hemidiaphragm, which is a finding in the image."
209,209_IM-0721-1001.dcm.png,Frontal,Aorta/tortuous/mild;Calcinosis/aorta/mild,Aorta;Calcinosis,"PA and lateral chest XXXX, XXXX at XXXX ",History of XXXX vehicle collision,,,Heart size normal. Slightly tortuous calcified aorta. No pneumothorax or effusion. No evidence of aortic transection.,/home/20213144/.cache/kagglehub/datasets/raddar/chest-xrays-indiana-university/versions/2/images/images_normalized/209_IM-0721-1001.dcm.png,"Findings: The chest X-ray shows cardiomegaly, which is an enlargement of the heart, and mild pulmonary congestion. These findings may indicate an underlying heart or lung condition that requires further evaluation and clinical correlation.","Findings: The chest X-ray shows cardiomegaly, which is an enlargement of the heart, and mild pulmonary congestion. These findings may indicate an underlying heart or lung condition that requires further evaluation and clinical correlation."
210,210_IM-0730-1001.dcm.png,Frontal,Surgical Instruments/thorax;Cicatrix/lung/base/left/small,Surgical Instruments;Cicatrix,Xray Chest PA and Lateral,Vomiting beginning last XXXX. XXXX,,There are numerous surgical clips at the thoracic inlet. Small areas of XXXX scarring are seen in the left base. The lungs are otherwise clear. There is no pleural effusion or pneumothorax. The heart and mediastinum are normal. The skeletal structures are normal.,No acute pulmonary disease.,/home/20213144/.cache/kagglehub/datasets/raddar/chest-xrays-indiana-university/versions/2/images/images_normalized/210_IM-0730-1001.dcm.png,"Radiology Report

Chest X-ray

Findings:
The chest X-ray shows a small amount of pleural effusion in the right lower lobe.","Radiology Report

Chest X-ray

Findings:
The chest X-ray shows a small amount of pleural effusion in the right lower lobe."
211,211_IM-0740-1001.dcm.png,Frontal,normal,normal,"Chest radiographs, 2 images. ",XXXX-year-old woman with pain and decreased range of motion.,XXXX.,Normal heart size. Clear lungs. Trachea is midline. No pneumothorax. No pleural effusion.,No acute cardiopulmonary abnormality.,/home/20213144/.cache/kagglehub/datasets/raddar/chest-xrays-indiana-university/versions/2/images/images_normalized/211_IM-0740-1001.dcm.png,"Radiology Report

Chest X-ray

Findings:
The chest X-ray shows a small amount of pleural effusion in the right lower lobe of the lung. 

Impression:
The presence of a small amount of pleural effusion in the right lower lobe of the lung may indicate an underlying issue, such as infection, inflammation, or other lung conditions. Further evaluation and clinical correlation are needed to determine the cause and significance of this finding.","Findings: The chest X-ray shows cardiomegaly, which is an enlargement of the heart, and pulmonary congestion, which is a buildup of fluid in the lungs."
212,212_IM-0746-1001-0001.dcm.png,Frontal,"Lung, Hyperlucent/apex/bilateral;Fractures, Bone/ribs/left/healed","Lung, Hyperlucent;Fractures, Bone","PA AND LATERAL VIEWS OF THE CHEST, RIGHT SHOULDER 3 VIEWS dated XXXX at XXXX hours ","XXXX, shoulder pain",AP chest dated XXXX,Chest: Stable cardiomediastinal silhouette. Pulmonary vascularity is within normal limits. Hyperlucent apices. Negative for focal airspace disease or consolidation. Negative for pneumothorax or pleural effusion. Healed remote left 9th rib fracture. Right shoulder: Negative for fracture or dislocation.,Chest. Right shoulder. 1. No acute cardiopulmonary abnormality. 2. Negative for right shoulder fracture or dislocation.,/home/20213144/.cache/kagglehub/datasets/raddar/chest-xrays-indiana-university/versions/2/images/images_normalized/212_IM-0746-1001-0001.dcm.png,"Radiology Report

Chest X-ray

Findings:
The chest X-ray shows a small amount of pleural effusion in the right lower lobe.","Radiology Report

Chest X-ray

Findings:
The chest X-ray shows a small amount of pleural effusion in the right lower lobe. 

Impression:
The presence of a small amount of pleural effusion in the right lower lobe may indicate an underlying issue, such as infection, inflammation, or other lung conditions. Further evaluation and clinical correlation are needed to determine the cause and significance of this finding."
215,215_IM-0769-1001.dcm.png,Frontal,Cardiomegaly;Calcified Granuloma/lung/lingula;Calcified Granuloma/lung/upper lobe/left;Granulomatous Disease;Scoliosis/thoracic vertebrae/left/moderate;Scoliosis/lumbar vertebrae/right/mild;Scoliosis/thoracic vertebrae/right/mild,Cardiomegaly;Calcified Granuloma;Calcified Granuloma;Granulomatous Disease;Scoliosis;Scoliosis;Scoliosis,Xray Chest PA and Lateral,XXXX-year-old female with pulmonary regurgitation.,Chest x-XXXX XXXX and lateral from XXXX.,Stable cardiomegaly. XXXX sternotomy XXXX are intact. No pneumothorax or pleural effusion. XXXX calcific density in the left mid to upper lung XXXX represents old granulomatous disease. No focal consolidation. Stable moderate thoracic levoscoliosis and mild thoracolumbar dextroscoliosis.,1. Stable cardiomegaly with no focal airspace disease. 2. Stable moderate thoracic levoscoliosis and mild thoracolumbar dextroscoliosis. .,/home/20213144/.cache/kagglehub/datasets/raddar/chest-xrays-indiana-university/versions/2/images/images_normalized/215_IM-0769-1001.dcm.png,"Findings: The chest X-ray shows cardiomegaly, which is an enlargement of the heart, and mild pulmonary congestion. These findings may indicate an underlying heart or lung condition that requires further evaluation and clinical correlation.",Findings: The chest X-ray shows an interval decrease in the size of the left lower lobe infiltrate. This suggests that there has been some improvement in the lung condition over the course of the treatment.
216,216_IM-0777-2001.dcm.png,Frontal,Cardiac Shadow/enlarged;Pulmonary Atelectasis/base/bilateral/mild;Cardiomegaly,Cardiac Shadow;Pulmonary Atelectasis;Cardiomegaly,PA and lateral chest x-XXXX XXXX. ,XXXX-year-old woman with XXXX onset of chest pain,,The cardiac silhouette is enlarged and has a globular appearance. Mild bibasilar dependent atelectasis. No pneumothorax or large pleural effusion. No acute bone abnormality.,Cardiomegaly with globular appearance of the cardiac silhouette. Considerations would include pericardial effusion or dilated cardiomyopathy.,/home/20213144/.cache/kagglehub/datasets/raddar/chest-xrays-indiana-university/versions/2/images/images_normalized/216_IM-0777-2001.dcm.png,"Radiology Report

Chest X-ray

Findings:
The chest X-ray shows a small amount of pleural effusion in the right lower lobe of the lung. 

Impression:
The presence of a small amount of pleural effusion in the right lower lobe of the lung may indicate an underlying issue, such as infection, inflammation, or other lung conditions. Further evaluation and clinical correlation are needed to determine the cause and significance of this finding.",Findings: The chest X-ray shows an elevated hemidiaphragm and an elevated right hemidiaphragm.
217,217_IM-0786-1001.dcm.png,Frontal,normal,normal,"Radiographs of chest PA and lateral, two views. ",XXXX. Dyspnea.,,,Normal heart size and normal mediastinal contours. Normal pulmonary vasculature. No XXXX of pleural effusions. No infiltrates. Normal X-XXXX of chest.,/home/20213144/.cache/kagglehub/datasets/raddar/chest-xrays-indiana-university/versions/2/images/images_normalized/217_IM-0786-1001.dcm.png,"Radiology Report

Chest X-ray

Findings:
The chest X-ray shows a small amount of pleural effusion in the right lower lobe.","Radiology Report

Chest X-ray

Findings:
The chest X-ray shows a small amount of pleural effusion in the right lower lobe. 

Impression:
The presence of a small amount of pleural effusion in the right lower lobe may indicate an underlying issue, such as infection, inflammation, or other lung conditions. Further evaluation and clinical correlation are needed to determine the cause and significance of this finding."
218,218_IM-0792-4004.dcm.png,Frontal,"Calcinosis/aorta;Opacity/lung/bilateral;Lung/hyperdistention;Pulmonary Disease, Chronic Obstructive","Calcinosis;Opacity;Lung;Pulmonary Disease, Chronic Obstructive",Xray Chest PA and Lateral,XXXX-year-old female with XXXX,,Heart size is unchanged. Aortic calcification is noted. No pneumothorax. No large pleural effusions. There are unchanged XXXX opacities throughout the lungs which XXXX represent scarring. Lungs are hyperexpanded.,No acute cardiopulmonary abnormalities. Stable chronic lung disease. .,/home/20213144/.cache/kagglehub/datasets/raddar/chest-xrays-indiana-university/versions/2/images/images_normalized/218_IM-0792-4004.dcm.png,"Radiology Report

Chest X-ray

Findings:
The chest X-ray shows a small amount of pleural effusion in the right lower lobe of the lung. 

Impression:
The presence of a small amount of pleural effusion in the right lower lobe of the lung may indicate an underlying issue, such as infection, inflammation, or other lung conditions. Further evaluation and clinical correlation are needed to determine the cause and significance of this finding.","Findings: The chest X-ray shows cardiomegaly, which is an enlargement of the heart, and mild pulmonary congestion. These findings may indicate an underlying heart or lung condition that requires further evaluation and clinical correlation."
219,219_IM-0799-1001.dcm.png,Frontal,normal,normal,Xray Chest PA and Lateral,Melanoma,"XXXX, XXXX",Cardiac and mediastinal contours are within normal limits. The lungs are clear. Bony structures are intact.,No x-XXXX evidence of pulmonary metastatic disease. Stable appearance of the chest.,/home/20213144/.cache/kagglehub/datasets/raddar/chest-xrays-indiana-university/versions/2/images/images_normalized/219_IM-0799-1001.dcm.png,"Findings: The chest X-ray shows cardiomegaly, which is an enlargement of the heart, and mild pulmonary congestion. These findings may indicate an underlying heart or lung condition that requires further evaluation and clinical correlation.","Findings: The chest X-ray shows cardiomegaly, which is an enlargement of the heart, and mild pulmonary congestion. These findings may indicate an underlying heart or lung condition that requires further evaluation and clinical correlation."
220,220_IM-0811-1001.dcm.png,Frontal,"Catheters, Indwelling;Nodule/lung/bilateral/multiple;Nodule/lung/lingula/prominent","Catheters, Indwelling;Nodule;Nodule",CHEST 2V FRONTAL/LATERAL ,Metastatic colon cancer,"XXXX, XXXX 10",The heart is normal in size. The mediastinum is stable. Left-sided chest XXXX is again visualized with tip at cavoatrial junction. There is no pneumothorax. Numerous bilateral pulmonary nodules have increased in size and number XXXX compared to prior study. The dominant nodule/mass in the left midlung is also mildly increased. There is no pleural effusion.,Interval increase in size and number of innumerable bilateral pulmonary nodules consistent with worsening metastatic disease.,/home/20213144/.cache/kagglehub/datasets/raddar/chest-xrays-indiana-university/versions/2/images/images_normalized/220_IM-0811-1001.dcm.png,"Findings: The chest X-ray shows bilateral hilar lymphadenopathy, which means there is enlargement of the lymph nodes in the region where the bronchi enter the lungs (the hilum).","Findings: The chest X-ray shows bilateral hilar lymphadenopathy, which means there is enlargement of the lymph nodes in the region where the bronchi enter the lungs (the hilum)."
221,221_IM-0817-1001.dcm.png,Frontal,Atherosclerosis/aorta;Costophrenic Angle/left/blunted/mild;Spondylosis/thoracic vertebrae,Atherosclerosis;Costophrenic Angle;Spondylosis,"Chest, 2 views, frontal and lateral",Preop lumbar spine surgery,None.,"Cardiac and mediastinal contours are within normal limits. Atherosclerotic aorta. Mild blunting left costophrenic recess, possibly mild atelectasis or scarring. No confluent lobar consolidation or large volume pleural effusion. Thoracic spondylosis.","Mild blunting left costophrenic recess, possibly mild atelectasis or scarring.",/home/20213144/.cache/kagglehub/datasets/raddar/chest-xrays-indiana-university/versions/2/images/images_normalized/221_IM-0817-1001.dcm.png,"Radiology Report

Chest X-ray

Findings:
The chest X-ray shows a small amount of pleural effusion in the right lower lobe of the lung. 

Impression:
The presence of a small amount of pleural effusion in the right lower lobe of the lung may indicate an underlying issue, such as infection, inflammation, or other lung conditions. Further evaluation and clinical correlation are needed to determine the cause and significance of this finding.",Findings: The chest X-ray shows an interval decrease in the size of the left lower lobe infiltrate. This suggests that there has been some improvement in the lung condition over the course of the treatment.
222,222_IM-0823-1001.dcm.png,Frontal,normal,normal,Xray Chest PA and Lateral,Chronic XXXX.,,The heart size and pulmonary vascularity appear within normal limits. The lungs are free of focal airspace disease. No pleural effusion or pneumothorax is seen.,1. No evidence of active disease.,/home/20213144/.cache/kagglehub/datasets/raddar/chest-xrays-indiana-university/versions/2/images/images_normalized/222_IM-0823-1001.dcm.png,"Findings: The chest X-ray shows an opacity in the right lower lobe of the lung.

Impression: The presence of an opacity in the right lower lobe may indicate an abnormality, such as an infection, inflammation, or a mass. Further evaluation and clinical correlation are needed to determine the cause and significance of this finding.","Findings: The chest X-ray shows an ill-defined mass in the right upper lobe of the lung.

Impression: The presence of an ill-defined mass in the right upper lobe may indicate an abnormal growth or lesion in the lung. Further evaluation, such as additional imaging or a biopsy, may be necessary to determine the nature of the mass and to guide appropriate treatment and management."
223,223_IM-0831-1001.dcm.png,Frontal,Markings/bronchovascular,Markings,Xray Chest PA and Lateral,"XXXX-year-old female, short of breath, chest pain",,"Heart size within normal limits, stable mediastinal and hilar contours. No focal alveolar consolidation, no definite pleural effusion seen. Bronchovascular crowding without typical findings of pulmonary edema.",No acute findings,/home/20213144/.cache/kagglehub/datasets/raddar/chest-xrays-indiana-university/versions/2/images/images_normalized/223_IM-0831-1001.dcm.png,"Findings: The chest X-ray shows cardiomegaly, which is an enlargement of the heart, and mild pulmonary congestion. These findings may indicate an underlying heart or lung condition that requires further evaluation and clinical correlation.","Findings: The chest X-ray shows cardiomegaly, which is an enlargement of the heart, and mild pulmonary congestion. These findings may indicate an underlying heart or lung condition that requires further evaluation and clinical correlation."
224,224_IM-0837-1001.dcm.png,Frontal,normal,normal,"Chest radiographs, 2 images. ",XXXX-year-old with dyspnea.,XXXX.,Clear lungs. Normal heart. No pneumothorax. No pleural effusion. Old right rib fractures.,No acute cardiopulmonary abnormality.,/home/20213144/.cache/kagglehub/datasets/raddar/chest-xrays-indiana-university/versions/2/images/images_normalized/224_IM-0837-1001.dcm.png,"Findings: The chest X-ray shows cardiomegaly, which is an enlargement of the heart, and mild pulmonary congestion. These findings may indicate an underlying heart or lung condition that requires further evaluation and clinical correlation.","Findings: The chest X-ray shows cardiomegaly, which is an enlargement of the heart, and mild pulmonary congestion. These findings may indicate an underlying heart or lung condition that requires further evaluation and clinical correlation."
225,225_IM-0844-1001.dcm.png,Frontal,normal,normal,Xray Chest PA and Lateral,"XXXX-year-old male with XXXX, shortness breath, and asthma.",None.,Cardiomediastinal silhouette is within normal limits. No focal consolidation. No pneumothorax or pleural effusion. No acute bony abnormalities.,No acute cardiopulmonary abnormalities. .,/home/20213144/.cache/kagglehub/datasets/raddar/chest-xrays-indiana-university/versions/2/images/images_normalized/225_IM-0844-1001.dcm.png,"Findings: The chest X-ray shows cardiomegaly, which is an enlargement of the heart, and mild pulmonary congestion. These findings may indicate an underlying heart or lung condition that requires further evaluation and clinical correlation.","Findings: The chest X-ray shows cardiomegaly, which is an enlargement of the heart, and mild pulmonary congestion. These findings may indicate an underlying heart or lung condition that requires further evaluation and clinical correlation."
226,226_IM-0851-1001.dcm.png,Frontal,normal,normal,Xray Chest PA and Lateral,Preop anesthesia XXXX,None.,The cardiac contours are normal. The lungs are clear. Thoracic spondylosis.,No acute process.,/home/20213144/.cache/kagglehub/datasets/raddar/chest-xrays-indiana-university/versions/2/images/images_normalized/226_IM-0851-1001.dcm.png,"Findings: The chest X-ray shows an opacity in the right lower lobe of the lung.

Impression: The presence of an opacity in the right lower lobe may indicate an abnormality, such as an infection, inflammation, or a mass. Further evaluation and clinical correlation are needed to determine the cause and significance of this finding.","Findings: The chest X-ray shows an opacity in the right lower lobe of the lung.

Impression: The presence of an opacity in the right lower lobe may indicate an abnormality, such as an infection, inflammation, or a mass. Further evaluation and clinical correlation are needed to determine the cause and significance of this finding."
227,227_IM-0859-12012.dcm.png,Frontal,Cardiomegaly;Pulmonary Congestion/prominent;Opacity/lung/base/bilateral/interstitial/diffuse/mild;Pulmonary Edema/interstitial;Pleural Effusion/bilateral,Cardiomegaly;Pulmonary Congestion;Opacity;Pulmonary Edema;Pleural Effusion,Xray Chest PA and Lateral,"XXXX-year-old male with dyspnea, chest pain",Chest XXXX,"Heart is enlarged. There is prominence of the central pulmonary vasculature. Mild diffuse interstitial opacities bilaterally, predominantly in the bases, with no focal consolidation, pleural effusion, or pneumothoraces. XXXX and soft tissues are unremarkable.",Cardiomegaly with pulmonary interstitial edema and XXXX bilateral pleural effusions. .,/home/20213144/.cache/kagglehub/datasets/raddar/chest-xrays-indiana-university/versions/2/images/images_normalized/227_IM-0859-12012.dcm.png,"Findings: The chest X-ray shows cardiomegaly, which is an enlargement of the heart, and mild pulmonary congestion. These findings may indicate an underlying heart or lung condition that requires further evaluation and clinical correlation.","Findings: The chest X-ray shows bilateral hilar lymphadenopathy, which is an enlargement of the lymph nodes in the hilar region of both lungs."
228,228_IM-0866-3001.dcm.png,Frontal,Subcutaneous Emphysema/neck/bilateral;Subcutaneous Emphysema/thorax/left;Subcutaneous Emphysema/abdomen/right;Surgical Instruments/right,Subcutaneous Emphysema;Subcutaneous Emphysema;Subcutaneous Emphysema;Surgical Instruments,Xray Chest PA and Lateral,"XXXX-year-old male, status post pyeloplasty.",None available.,"Heart size, mediastinal contour, and pulmonary vascularity are within normal limits. No focal consolidation, suspicious pulmonary opacity, large pleural effusion, or pneumothorax is identified. Visualized osseous structures appear intact. Surgical XXXX is noted in the right upper quadrant. Subcutaneous emphysema seen along the neck bilaterally, right lateral upper abdomen, and left chest.","1. No acute cardiopulmonary abnormality. 2. Subcutaneous emphysema of the neck, left lateral chest, and right lateral abdominal soft tissues noted. .",/home/20213144/.cache/kagglehub/datasets/raddar/chest-xrays-indiana-university/versions/2/images/images_normalized/228_IM-0866-3001.dcm.png,"Radiology Report

Chest X-ray

Findings:
The chest X-ray shows a small amount of pleural effusion in the right lower lobe.",Findings: The chest X-ray shows an elevated hemidiaphragm and an elevated right hemidiaphragm.
229,229_IM-0873-1001.dcm.png,Frontal,Calcinosis/mediastinum;Nodule/lung/upper lobe/right,Calcinosis;Nodule,Xray Chest PA and Lateral,"XXXX-year-old female, XXXX, XXXX of breath, chest pain",,"Heart size within normal limits. No focal alveolar consolidation, no definite pleural effusion seen. No typical findings of pulmonary edema. Mediastinal calcification and dense right upper lung nodule suggest a previous granulomatous process.",No acute cardiopulmonary findings,/home/20213144/.cache/kagglehub/datasets/raddar/chest-xrays-indiana-university/versions/2/images/images_normalized/229_IM-0873-1001.dcm.png,"Radiology Report

Chest X-ray

Findings:
The chest X-ray shows a small amount of pleural effusion in the right lower lobe.",Radiology Report
230,230_IM-0880-0001-0002.dcm.png,Frontal,Nodule/lung/lingula,Nodule,"2 VIEW CHEST: XXXX, XXXX at XXXX hours.","XXXX, dyspnea","XXXX, XXXX",,"Stable cardiomediastinal silhouette. Stable lingular nodule, presumably granuloma . No pleural effusion, pneumothorax or interval airspace consolidation to suggest pneumonia.",/home/20213144/.cache/kagglehub/datasets/raddar/chest-xrays-indiana-university/versions/2/images/images_normalized/230_IM-0880-0001-0002.dcm.png,"Radiology Report

Chest X-ray

Findings:
The chest X-ray shows a small amount of pleural effusion in the right lower lobe.","Radiology Report

Chest X-ray

Findings:
The chest X-ray shows a small amount of pleural effusion in the right lower lobe of the lung. 

Impression:
The presence of a small amount of pleural effusion in the right lower lobe of the lung may indicate an underlying issue, such as infection, inflammation, or other lung conditions. Further evaluation and clinical correlation are needed to determine the cause and significance of this finding."
233,233_IM-0899-1001.dcm.png,Frontal,Density/lung/base/left;Opacity/lung/base/right/small;Pulmonary Atelectasis;Diaphragmatic Eventration/right;Technical Quality of Image Unsatisfactory ;Diaphragm/right/posterior/elevated;Markings/lung/apex/bilateral;Deformity/ribs/right/chronic;Costophrenic Angle/right/obscured,Density;Opacity;Pulmonary Atelectasis;Diaphragmatic Eventration;Technical Quality of Image Unsatisfactory ;Diaphragm;Markings;Deformity;Costophrenic Angle,PA and Lateral Chest,"XXXX-year-old female, post XXXX closure",,"Atrial septal occluder artifact. Rotated frontal position, overall heart size within normal limits, no typical findings of pulmonary edema. XXXX densities in the left base, small focal XXXX opacity in the right base with focal posterior right hemidiaphragm elevation and obscured right costophrenic XXXX. Biapical pleuroparenchymal irregularities most compatible with scarring, chronic appearing right 5th rib contour deformity. No pneumothorax seen.","1. XXXX densities in left base may be compatible with scarring or subsegmental atelectasis 2. Abnormal opacity in the right base XXXX due at XXXX in part to atelectasis with right hemidiaphragm eventration, question small right pleural effusion",/home/20213144/.cache/kagglehub/datasets/raddar/chest-xrays-indiana-university/versions/2/images/images_normalized/233_IM-0899-1001.dcm.png,"Radiology Report

Chest X-ray

Findings:
The chest X-ray shows a small amount of pleural effusion in the right lower lobe.","Radiology Report

Chest X-ray

Findings:
The chest X-ray shows a small amount of pleural effusion in the right lower lobe."
234,234_IM-0906-0001-0001.dcm.png,Frontal,normal,normal,Xray Chest PA and Lateral,The patient is a XXXX year-old male with left-sided chest pain.,"Chest x-XXXX, 2 views PA and lateral from XXXX.","The trachea is midline. The cardiomediastinal silhouette is normal. The lungs are clear, without focal consolidation or effusion. There is no pneumothorax. The visualized bony structures reveal no acute abnormalities. Lateral view reveals mild degenerative changes of the thoracic spine. No layering pleural effusion or pneumothorax seen on decubitus exam.","Chest x-XXXX, lateral, and decubitus. 1. No acute cardiopulmonary abnormalities. 2. No evidence of pleural effusion. .",/home/20213144/.cache/kagglehub/datasets/raddar/chest-xrays-indiana-university/versions/2/images/images_normalized/234_IM-0906-0001-0001.dcm.png,Findings: The chest X-ray shows an elevated hemidiaphragm and an elevated right hemidiaphragm.,"Findings: The chest X-ray shows an opacity in the right lower lobe of the lung.

Impression: The presence of an opacity in the right lower lobe may indicate an abnormality, such as an infection, inflammation, or a mass. Further evaluation and clinical correlation are needed to determine the cause and significance of this finding."
236,236_IM-0924-1001.dcm.png,Frontal,normal,normal,PA and lateral views of the chest. ,XXXX-year-old female diffuse chest pain.,None available.,Heart size is within normal limits. No focal airspace consolidations. No pneumothorax or pleural effusion.,No acute cardiopulmonary findings.,/home/20213144/.cache/kagglehub/datasets/raddar/chest-xrays-indiana-university/versions/2/images/images_normalized/236_IM-0924-1001.dcm.png,"Findings: The chest X-ray shows cardiomegaly, which is an enlargement of the heart, and mild pulmonary congestion. These findings may indicate an underlying heart or lung condition that requires further evaluation and clinical correlation.","Findings: The chest X-ray shows cardiomegaly, which is an enlargement of the heart, and mild pulmonary congestion. These findings may indicate an underlying heart or lung condition that requires further evaluation and clinical correlation."
237,237_IM-0930-2001.dcm.png,Frontal,Calcified Granuloma/lung/hilum/right/multiple;Thoracic Vertebrae/degenerative/multiple,Calcified Granuloma;Thoracic Vertebrae,PA and lateral chest radiographs. ,XXXX-year-old female with XXXX.,None.,"The heart size and cardiomediastinal silhouette are normal. The lungs are clear without focal airspace opacity, pleural effusion, or pneumothorax. There are numerous calcified granuloma in the right perihilar region. There are multilevel degenerative changes in the thoracic spine.",No acute cardiopulmonary finding.,/home/20213144/.cache/kagglehub/datasets/raddar/chest-xrays-indiana-university/versions/2/images/images_normalized/237_IM-0930-2001.dcm.png,"Findings: The chest X-ray shows cardiomegaly, which is an enlargement of the heart, and mild pulmonary congestion. These findings may indicate an underlying heart or lung condition that requires further evaluation and clinical correlation.","Findings: The chest X-ray shows cardiomegaly, which is an enlargement of the heart, and mild pulmonary congestion. These findings may indicate an underlying heart or lung condition that requires further evaluation and clinical correlation."
238,238_IM-0939-1001.dcm.png,Frontal,normal,normal,"PA and Lateral Chest. XXXX, XXXX XXXX XXXX . ",Shortness of breath.,XXXX.,"Stable cardiomediastinal silhouette. No focal pulmonary opacity, pleural effusion or pneumothorax. No acute bony abnormality.",No acute cardiopulmonary abnormality.,/home/20213144/.cache/kagglehub/datasets/raddar/chest-xrays-indiana-university/versions/2/images/images_normalized/238_IM-0939-1001.dcm.png,"Findings: The chest X-ray shows an opacity in the right lower lobe of the lung.

Impression: The presence of an opacity in the right lower lobe may indicate an abnormality, such as an infection, inflammation, or a mass. Further evaluation and clinical correlation are needed to determine the cause and significance of this finding.","Findings: The chest X-ray shows an ill-defined opacity in the right lower lobe of the lung.

Impression: The presence of an ill-defined opacity in the right lower lobe may indicate an abnormality in the lung tissue. Further evaluation and clinical correlation are needed to determine the cause and significance of this finding."
239,239_IM-0944-1001.dcm.png,Frontal,normal,normal," XXXX PA and lateral chest XXXX, XXXX XXXX comparison XXXX XXXX ",XXXX x1 XXXX,,,Heart upper limits normal. Lungs are clear. No effusions. No nodules masses or infiltrates. No bony abnormalities.,/home/20213144/.cache/kagglehub/datasets/raddar/chest-xrays-indiana-university/versions/2/images/images_normalized/239_IM-0944-1001.dcm.png,"Findings: The chest X-ray shows cardiomegaly, which is an enlargement of the heart, and mild pulmonary congestion. These findings may indicate an underlying heart or lung condition that requires further evaluation and clinical correlation.","Findings: The chest X-ray shows cardiomegaly, which is an enlargement of the heart, and mild pulmonary congestion. These findings may indicate an underlying heart or lung condition that requires further evaluation and clinical correlation."
240,240_IM-0950-1001.dcm.png,Frontal,Cicatrix/lung/apex/right/streaky;Calcinosis/aorta,Cicatrix;Calcinosis,"SPINE LUMBAR 2 OR 3 VIEWS; two-view chest. XXXX, XXXX XXXX PM ",low back pn,"XXXX, XXXX.","Chest. There is no change in the strandy scarring in the right apex. No XXXX infiltrates or masses in the lungs. Heart and mediastinum remain normal. Lumbosacral spine. disc spaces are old narrow, and large osteophytes present on the vertebral bodies, worst at L2-L3. XXXX elements from L4 through S1 are sclerotic. Sacrum and sacroiliac joints are normal. Calcific aortic disease is present.",1. Chest. No change right upper lobe scar. No acute disease. 2. Lumbosacral spine. Multiple levels of advanced degenerative disc disease and XXXX arthritis.,/home/20213144/.cache/kagglehub/datasets/raddar/chest-xrays-indiana-university/versions/2/images/images_normalized/240_IM-0950-1001.dcm.png,"Radiology Report

Chest X-ray

Findings:
The chest X-ray shows a small amount of pleural effusion in the right lower lobe.","Radiology Report

Chest X-ray

Findings:
The chest X-ray shows a small amount of pleural effusion in the right lower lobe."
241,241_IM-0955-1001.dcm.png,Frontal,normal,normal,"CHEST 2V FRONTAL/LATERAL XXXX, XXXX XXXX PM ",chest pain,,The trachea is midline. Cardiomediastinal silhouette is normal in size and contour. The lungs are clear without evidence of acute infiltrate or effusion. There is no pneumothorax. The visualized bony structures reveal no acute abnormalities.,No acute cardiopulmonary abnormalities.,/home/20213144/.cache/kagglehub/datasets/raddar/chest-xrays-indiana-university/versions/2/images/images_normalized/241_IM-0955-1001.dcm.png,"Findings: The chest X-ray shows cardiomegaly, which is an enlargement of the heart, and mild pulmonary congestion. These findings may indicate an underlying heart or lung condition that requires further evaluation and clinical correlation.","Findings: The chest X-ray shows cardiomegaly, which is an enlargement of the heart, and mild pulmonary congestion. These findings may indicate an underlying heart or lung condition that requires further evaluation and clinical correlation."
242,242_IM-0963-1001.dcm.png,Frontal,normal,normal,Xray Chest PA and Lateral,XXXX-year-old female with syncope,,"Lungs are clear bilaterally with no focal infiltrate, pleural effusion, or pneumothoraces. Cardiomediastinal silhouette is within normal limits. XXXX and soft tissues are unremarkable.",No acute cardiopulmonary findings. .,/home/20213144/.cache/kagglehub/datasets/raddar/chest-xrays-indiana-university/versions/2/images/images_normalized/242_IM-0963-1001.dcm.png,"Radiology Report

Chest X-ray

Findings:
The chest X-ray shows a mass in the left hemithorax.

Impression:
The presence of a mass in the left hemithorax may indicate an abnormality in the lung or surrounding structures. Further evaluation, such as a CT scan or additional imaging, may be needed to determine the nature and cause of the mass. It is important to consult a healthcare professional for a thorough assessment and appropriate diagnosis.",Radiology Report
243,243_IM-0971-2001.dcm.png,Frontal,normal,normal," PA and lateral chest XXXX, XXXX XXXX comparison XXXX XXXX ",rule out infiltrates,,,Heart size normal and lungs are clear,/home/20213144/.cache/kagglehub/datasets/raddar/chest-xrays-indiana-university/versions/2/images/images_normalized/243_IM-0971-2001.dcm.png,"Radiology Report

Chest X-ray

Findings:
The chest X-ray shows a small amount of pleural effusion in the right lower lobe of the lung. 

Impression:
The presence of a small amount of pleural effusion in the right lower lobe of the lung may indicate an underlying issue, such as infection, inflammation, or other lung conditions. Further evaluation and clinical correlation are needed to determine the cause and significance of this finding.","Radiology Report

Chest X-ray

Findings:
The chest X-ray shows a small amount of left-sided pleural effusion."
244,244_IM-0978-1001.dcm.png,Frontal,normal,normal,"Chest x-XXXX AP and lateral, 2 views. ",Chest pain.,None.,"Heart XXXX, mediastinum, XXXX, bony structures and lung XXXX are unremarkable.",No radiographic evidence of acute cardiopulmonary disease,/home/20213144/.cache/kagglehub/datasets/raddar/chest-xrays-indiana-university/versions/2/images/images_normalized/244_IM-0978-1001.dcm.png,"Radiology Report

Chest X-ray

Findings:
The chest X-ray shows a small amount of pleural effusion in the right lower lobe.","Radiology Report

Chest X-ray

Findings:
The chest X-ray shows a small amount of pleural effusion in the right lower lobe. 

Impression:
The presence of a small amount of pleural effusion in the right lower lobe is an important finding. Pleural effusion is the accumulation of fluid in the pleural space, which is the area between the layers of tissue that line the lungs and the chest cavity. This can be caused by various conditions, such as infections, inflammation, heart failure, or malignancies. Further evaluation and clinical correlation are needed to determine the cause and significance of this finding."
245,245_IM-0985-1001.dcm.png,Frontal,Pneumonia/upper lobe/left;Airspace Disease/lung/upper lobe/left,Pneumonia;Airspace Disease,"Chest PA and lateral views. XXXX, XXXX XXXX PM ",XXXX with XXXX,none,XXXX XXXX and lateral chest examination was obtained. The heart silhouette is normal in size and contour. Aortic XXXX appear unremarkable. Lungs demonstrate left upper lobe airspace disease most XXXX pneumonia. There is no effusion or pneumothorax.,1. Left upper lobe pneumonia.,/home/20213144/.cache/kagglehub/datasets/raddar/chest-xrays-indiana-university/versions/2/images/images_normalized/245_IM-0985-1001.dcm.png,"Findings: The chest X-ray shows cardiomegaly, which is an enlargement of the heart, and mild pulmonary congestion. These findings may indicate an underlying heart or lung condition that requires further evaluation and clinical correlation.","Findings: The chest X-ray shows an opacity in the right lower lobe of the lung.

Impression: The presence of an opacity in the right lower lobe may indicate an abnormality, such as an infection, inflammation, or a mass. Further evaluation and clinical correlation are needed to determine the cause and significance of this finding."
246,246_IM-0992-1002001.dcm.png,Frontal,normal,normal,XR Chest PA and Lateral,Chest pain,,The lungs are clear. There is no pleural effusion or pneumothorax. The heart and mediastinum are normal. The skeletal structures are normal.,No acute pulmonary disease.,/home/20213144/.cache/kagglehub/datasets/raddar/chest-xrays-indiana-university/versions/2/images/images_normalized/246_IM-0992-1002001.dcm.png,"Findings: The chest X-ray shows cardiomegaly, which is an enlargement of the heart, and mild pulmonary congestion. These findings may indicate an underlying heart or lung condition that requires further evaluation and clinical correlation.","Findings: The chest X-ray shows cardiomegaly, which is an enlargement of the heart, and mild pulmonary congestion. These findings may indicate an underlying heart or lung condition that requires further evaluation and clinical correlation."
247,247_IM-1000-1001.dcm.png,Frontal,normal,normal,PA and Lateral Chest: XXXX at XXXX hours.,"Chest pain, dyspnea.",None.,The cardiomediastinal silhouette is normal in size and contour. Lungs are clear without focal areas of consolidation. No pneumothorax or large pleural effusion. No acute bone abnormality.,No acute cardiopulmonary process.,/home/20213144/.cache/kagglehub/datasets/raddar/chest-xrays-indiana-university/versions/2/images/images_normalized/247_IM-1000-1001.dcm.png,"Radiology Report

Chest X-ray

Findings:
The chest X-ray shows a small amount of pleural effusion in the right lower lobe of the lung. 

Impression:
The presence of a small amount of pleural effusion in the right lower lobe of the lung may indicate an underlying issue, such as infection, inflammation, or other lung conditions. Further evaluation and clinical correlation are needed to determine the cause and significance of this finding.","Radiology Report

Chest X-ray

Findings:
The chest X-ray shows a small amount of pleural effusion in the right lower lobe of the lung. 

Impression:
The presence of a small amount of pleural effusion in the right lower lobe of the lung may indicate an underlying issue, such as infection, inflammation, or other lung conditions. Further evaluation and clinical correlation are needed to determine the cause and significance of this finding."
248,248_IM-1008-85149002.dcm.png,Frontal,Calcified Granuloma/lung/middle lobe/right/small,Calcified Granuloma,Xray Chest PA and Lateral,The patient is a XXXX-year-old male with left upper abdominal pain.,None.,"No pneumothorax, pleural effusion or airspace consolidation. Heart size and pulmonary vasculature appear within normal limits. XXXX XXXX are intact. There is a small calcified granuloma in the right midlung.",No acute cardiopulmonary abnormality. .,/home/20213144/.cache/kagglehub/datasets/raddar/chest-xrays-indiana-university/versions/2/images/images_normalized/248_IM-1008-85149002.dcm.png,"Findings: The chest X-ray shows cardiomegaly, which is an enlargement of the heart, and mild pulmonary congestion. These findings may indicate an underlying heart or lung condition that requires further evaluation and clinical correlation.","Findings: The chest X-ray shows an opacity in the right lower lobe of the lung.

Impression: The presence of an opacity in the right lower lobe may indicate an abnormality, such as an infection, inflammation, or a mass. Further evaluation and clinical correlation are needed to determine the cause and significance of this finding."
249,249_IM-1016-1001.dcm.png,Frontal,Mass/lung/middle lobe/right,Mass,"PA and Lateral Chest. XXXX, XXXX at XXXX ","XXXX-year-old male, chest pain.","XXXX, XXXX.","Lobulated right middle lobe mass measuring 4.5 x 6.8 cm, increased in size compared to prior study, most compatible with neoplasm. Otherwise, the lungs are clear without focal consolidation. No pneumothorax or pleural effusion. Cardiomediastinal silhouette within normal limits.","1. Interval enlargement of right middle lobe mass, highly suspicious for malignancy. Recommend CT of the chest/abdomen with intravenous contrast for further evaluation. 2. Otherwise clear lungs. Dr. XXXX XXXX notified of the critical results at XXXX on XXXX, XXXX by telephone and acknowledged receipt of these results.",/home/20213144/.cache/kagglehub/datasets/raddar/chest-xrays-indiana-university/versions/2/images/images_normalized/249_IM-1016-1001.dcm.png,"Radiology Report

Chest X-ray

Findings:
The chest X-ray shows a small amount of pleural effusion in the right lower lobe.","Radiology Report

Chest X-ray

Findings:
The chest X-ray shows a small amount of pleural effusion in the right lower lobe. 

Impression:
The presence of a small amount of pleural effusion in the right lower lobe is an important finding. Pleural effusion is the accumulation of fluid in the pleural space, which is the area between the layers of tissue that line the lungs and the chest cavity. This can be caused by various conditions, such as infections, inflammation, heart failure, or malignancies. Further evaluation and clinical correlation are needed to determine the cause and significance of this finding."
250,250_IM-1025-1001.dcm.png,Frontal,Spine/degenerative/mild,Spine,Xray Chest PA and Lateral,XXXX-year-old female with persistent XXXX for 6 months.,,The lungs are clear. There is no focal airspace consolidation. No pleural effusion or pneumothorax. Heart size and mediastinal contour are normal. There are minimal degenerative changes of the spine.,No evidence of active disease.,/home/20213144/.cache/kagglehub/datasets/raddar/chest-xrays-indiana-university/versions/2/images/images_normalized/250_IM-1025-1001.dcm.png,"Findings: The chest X-ray shows cardiomegaly, which is an enlargement of the heart, and mild pulmonary congestion. These findings may indicate an underlying heart or lung condition that requires further evaluation and clinical correlation.","Findings: The chest X-ray shows cardiomegaly, which is an enlargement of the heart, and mild pulmonary congestion. These findings may indicate an underlying heart or lung condition that requires further evaluation and clinical correlation."
251,251_IM-1032-1001.dcm.png,Frontal,Lung/hyperdistention/mild;Granulomatous Disease,Lung;Granulomatous Disease,CHEST 2V FRONTAL/LATERAL ,Chest pain,,The heart is normal in size. The mediastinum is unremarkable. Mild hyperinflation is noted. There are granulomatous sequela. No acute infiltrate or significant pleural effusion are noted. The costophrenic XXXX are excluded.,No acute disease.,/home/20213144/.cache/kagglehub/datasets/raddar/chest-xrays-indiana-university/versions/2/images/images_normalized/251_IM-1032-1001.dcm.png,"Findings: The chest X-ray shows cardiomegaly, which is an enlargement of the heart, and mild pulmonary congestion. These findings may indicate an underlying heart or lung condition that requires further evaluation and clinical correlation.","Radiology Report

Chest X-ray

Findings:
The chest X-ray shows a small amount of pleural effusion in the right lower lobe."
252,252_IM-1038-1001.dcm.png,Frontal,normal,normal,Xray Chest PA and Lateral,"XXXX year old chest pain, sent from XXXX Lab.",PA and lateral chest XXXX.,"The heart is normal in size and contour. The lungs are clear, without evidence of infiltrate. There is no pneumothorax or effusion.",No acute cardiopulmonary disease.,/home/20213144/.cache/kagglehub/datasets/raddar/chest-xrays-indiana-university/versions/2/images/images_normalized/252_IM-1038-1001.dcm.png,"Radiology Report

Chest X-ray

Findings:
The chest X-ray shows a small amount of pleural effusion in the right lower lobe.","Radiology Report

Chest X-ray

Findings:
The chest X-ray shows a small amount of pleural effusion in the right lower lobe of the lung. 

Impression:
The presence of a small amount of pleural effusion in the right lower lobe of the lung may indicate an underlying issue, such as infection, inflammation, or other lung conditions. Further evaluation and clinical correlation are needed to determine the cause and significance of this finding."
253,253_IM-1045-1001.dcm.png,Frontal,"Pneumothorax/left/moderate;Catheters, Indwelling/left","Pneumothorax;Catheters, Indwelling",PA and lateral chest x-XXXX XXXX. ,"XXXX-year-old male, status post chest tube with pneumothorax","XXXX, XXXX at XXXX hours",Redemonstration of moderate left pneumothorax which is unchanged from comparison. Left pleural catheter is again seen overlying the left upper lung at the level of the left 5th and 6th ribs. No focal consolidation. Cardiomediastinal silhouette is normal.,No change in moderate left pneumothorax with left pleural drainage catheter again seen overlying the left upper lung.,/home/20213144/.cache/kagglehub/datasets/raddar/chest-xrays-indiana-university/versions/2/images/images_normalized/253_IM-1045-1001.dcm.png,"Radiology Report

Chest X-ray

Findings:
The chest X-ray shows a small amount of pleural effusion in the right lower lobe.","Findings: The chest X-ray shows an opacity in the right lower lobe of the lung.

Impression: The presence of an opacity in the right lower lobe may indicate an abnormality, such as an infection, inflammation, or a mass. Further evaluation and clinical correlation are needed to determine the cause and significance of this finding."
254,254_IM-1051-1001.dcm.png,Frontal,Osteophyte/thoracic vertebrae/scattered,Osteophyte,"PA and lateral views of the chest XXXX hours &lt;XXXX, XXXX&gt;. ","XXXX-year-old female MVA, chest pain",,Lungs are clear. Heart size normal. Scattered thoracic spine spurring.,No acute cardiopulmonary finding.,/home/20213144/.cache/kagglehub/datasets/raddar/chest-xrays-indiana-university/versions/2/images/images_normalized/254_IM-1051-1001.dcm.png,"Findings: The chest X-ray shows cardiomegaly, which is an enlargement of the heart, and mild pulmonary congestion. These findings may indicate an underlying heart or lung condition that requires further evaluation and clinical correlation.","Findings: The chest X-ray shows cardiomegaly, which is an enlargement of the heart, and mild pulmonary congestion. These findings may indicate an underlying heart or lung condition that requires further evaluation and clinical correlation."
255,255_IM-1058-1001.dcm.png,Frontal,normal,normal,PA AND LATERAL CHEST X-XXXX at XXXX XXXX/XXXX ,Chest pain,,"Lungs are clear. No focal consolidation, effusion, or pneumothorax. Heart and mediastinal contours are normal. Osseous structures intact.",No acute cardiopulmonary disease.,/home/20213144/.cache/kagglehub/datasets/raddar/chest-xrays-indiana-university/versions/2/images/images_normalized/255_IM-1058-1001.dcm.png,"Radiology Report

Chest X-ray

Findings:
The chest X-ray shows a small amount of pleural effusion in the right lower lobe of the lung. 

Impression:
The presence of a small amount of pleural effusion in the right lower lobe of the lung may indicate an underlying issue, such as infection, inflammation, or other lung conditions. Further evaluation and clinical correlation are needed to determine the cause and significance of this finding.","Radiology Report

Chest X-ray

Findings:
The chest X-ray shows a small amount of pleural effusion in the right lower lobe. 

Impression:
The presence of a small amount of pleural effusion in the right lower lobe is an important finding. Pleural effusion is the accumulation of fluid in the pleural space, which is the area between the layers of tissue that line the lungs and the chest cavity. This can be caused by various conditions, such as infections, inflammation, heart failure, or malignancies. Further evaluation and clinical correlation are needed to determine the cause and significance of this finding."
256,256_IM-1064-1001.dcm.png,Frontal,Sutures/lung/upper lobe/left;Cicatrix/ribs/left,Sutures;Cicatrix,"CHEST 2V FRONTAL/LATERAL XXXX, XXXX XXXX PM ","hx tumors removed lungs XXXX, possible nodular denisities at OSH",,Postoperative changes are present in the left fifth rib. Residual radiopaque sutures are also present in the left upper lobe. The lungs are clear with no infiltrates or masses. Heart and mediastinum are normal.,Postoperative left upper lobe. No visible active cardiopulmonary disease.,/home/20213144/.cache/kagglehub/datasets/raddar/chest-xrays-indiana-university/versions/2/images/images_normalized/256_IM-1064-1001.dcm.png,Findings: The chest X-ray shows an interval decrease in the size of the left lower lobe infiltrate. This suggests that there has been some improvement in the lung condition over the course of the treatment.,Findings: The chest X-ray shows an interval decrease in the size of the left lower lobe infiltrate. This suggests that there has been some improvement in the lung condition over the course of the treatment.
257,257_IM-1072-1001.dcm.png,Frontal,Opacity/posterior,Opacity,PA and lateral chest radiographs. XXXX/XXXX at XXXX hours. ,XXXX-year-old male with XXXX.,None.,Midline sternotomy XXXX identified. Heart size and cardiomediastinal silhouette are grossly normal. Airspace opacity in posterior segment on the lateral view. Osseous structures are grossly intact.,Posterior airspace opacity consistent with developing infection.,/home/20213144/.cache/kagglehub/datasets/raddar/chest-xrays-indiana-university/versions/2/images/images_normalized/257_IM-1072-1001.dcm.png,"Findings: The chest X-ray shows cardiomegaly, which is an enlargement of the heart, and mild pulmonary congestion. These findings may indicate an underlying heart or lung condition that requires further evaluation and clinical correlation.","Findings: The chest X-ray shows cardiomegaly, which is an enlargement of the heart, and mild pulmonary congestion. These findings may indicate an underlying heart or lung condition that requires further evaluation and clinical correlation."
258,258_IM-1078-1001.dcm.png,Frontal,"Lung/hyperdistention;Diaphragm/flattened;Pulmonary Disease, Chronic Obstructive;Spine/degenerative","Lung;Diaphragm;Pulmonary Disease, Chronic Obstructive;Spine",PA and lateral views of the chest XXXX,pt is a XXXX who presents with fatigue,,Overall hyperexpanded lungs with flattening of the diaphragms consistent with obstructive lung disease. Lungs are clear without focal consolidation. No pleural effusions or pneumothoraces. Heart and mediastinum of normal size and contour. Degenerative changes in the spine.,Hyperexpanded but clear lungs.,/home/20213144/.cache/kagglehub/datasets/raddar/chest-xrays-indiana-university/versions/2/images/images_normalized/258_IM-1078-1001.dcm.png,"Findings: The chest X-ray shows cardiomegaly, which is an enlargement of the heart, and mild pulmonary congestion. These findings may indicate an underlying heart or lung condition that requires further evaluation and clinical correlation.","Findings: The chest X-ray shows a right basal infiltrate, which is an area of increased density in the lower part of the right lung."
259,259_IM-1083-1001.dcm.png,Frontal,normal,normal,PA and lateral chest radiographs. ,XXXX-year-old male with history of prolonged intubation and XXXX XXXX anesthesia induction.,CT thorax with intravenous contrast XXXX.,"The heart and cardiomediastinal silhouette or normal in size and contour. There is no focal air space opacity, pleural effusion, or pneumothorax. The osseous structures are intact.",No acute cardiopulmonary finding.,/home/20213144/.cache/kagglehub/datasets/raddar/chest-xrays-indiana-university/versions/2/images/images_normalized/259_IM-1083-1001.dcm.png,Findings: The chest X-ray shows an interval decrease in the size of the left lower lobe infiltrate. This suggests that there has been some improvement in the lung condition over the course of the treatment.,"Findings: The chest X-ray shows an opacity in the right lower lobe of the lung.

Impression: The presence of an opacity in the right lower lobe may indicate an abnormality, such as an infection, inflammation, or a mass. Further evaluation and clinical correlation are needed to determine the cause and significance of this finding."
260,260_IM-1090-1001.dcm.png,Frontal,Medical Device/thorax/left;Lucency/humerus/right;Sclerosis/humerus/right;Cysts/humerus/right/large,Medical Device;Lucency;Sclerosis;Cysts,PA and lateral chest radiograph (2 views) (2 images) ,Hypertension,"XXXX, XXXX.",Lungs are clear bilaterally. Cardiac and mediastinal silhouettes are normal. Pulmonary vasculature is normal. No pneumothorax or pleural effusion. No acute bony abnormality. There is a stable the electronic device any left anterior chest wall. There are advanced degenerative changes in the XXXX bilaterally. There is a 38 mm lucency in the right humeral head with geographic 1A margins.,"1. No acute cardiopulmonary abnormality. 2. Lucent lesion with thin sclerotic margin in the right humeral head. Considering the associated degenerative changes, a large geode is most XXXX. If further imaging is desired, dedicated views of the shoulder may be helpful for further characterization.",/home/20213144/.cache/kagglehub/datasets/raddar/chest-xrays-indiana-university/versions/2/images/images_normalized/260_IM-1090-1001.dcm.png,"Findings: The chest X-ray shows cardiomegaly, which is an enlargement of the heart, and mild pulmonary congestion. These findings may indicate an underlying heart or lung condition that requires further evaluation and clinical correlation.","Findings: The chest X-ray shows cardiomegaly, which is an enlargement of the heart, and mild pulmonary congestion. These findings may indicate an underlying heart or lung condition that requires further evaluation and clinical correlation."
261,261_IM-1100-1001.dcm.png,Frontal,normal,normal,Xray Chest PA and Lateral,"XXXX-year-old male, dyspnea.",Chest x-XXXX dated XXXX.,No focal areas of consolidation. Heart size within normal limits. No pleural effusions. No evidence of pneumothorax. Osseous structures appear intact.,No acute cardiopulmonary abnormality. .,/home/20213144/.cache/kagglehub/datasets/raddar/chest-xrays-indiana-university/versions/2/images/images_normalized/261_IM-1100-1001.dcm.png,"Radiology Report

Chest X-ray

Findings:
The chest X-ray shows a small amount of pleural effusion in the right lower lobe.","Findings: The chest X-ray shows cardiomegaly, which is an enlargement of the heart, and mild pulmonary congestion. These findings may indicate an underlying heart or lung condition that requires further evaluation and clinical correlation."
262,262_IM-1109-1001.dcm.png,Frontal,normal,normal,Xray Chest PA and Lateral,Preop evaluation for surgery.,None.,The heart size and pulmonary vascularity appear within normal limits. Lungs are free of focal airspace disease. No pleural effusion or pneumothorax is seen. No discrete nodules or adenopathy are noted. Degenerative changes are present in the spine.,No evidence of active disease.,/home/20213144/.cache/kagglehub/datasets/raddar/chest-xrays-indiana-university/versions/2/images/images_normalized/262_IM-1109-1001.dcm.png,"Findings: The chest X-ray shows an opacity in the right lower lobe of the lung.

Impression: The presence of an opacity in the right lower lobe may indicate an abnormality, such as an infection, inflammation, or a mass. Further evaluation and clinical correlation are needed to determine the cause and significance of this finding.","Findings: The chest X-ray shows an elevated right hemidiaphragm, which is a finding in the image."
264,264_IM-1125-1001.dcm.png,Frontal,normal,normal,"Chest x-XXXX AP and lateral, 2 views. ",Productive XXXX,XXXX,"Heart XXXX, mediastinum, XXXX, bony structures and lung XXXX are unremarkable. No significant interval change compared to prior study, no XXXX infiltrates noted.",No radiographic evidence of acute cardiopulmonary disease,/home/20213144/.cache/kagglehub/datasets/raddar/chest-xrays-indiana-university/versions/2/images/images_normalized/264_IM-1125-1001.dcm.png,"Findings: The chest X-ray shows cardiomegaly, which is an enlargement of the heart, and mild pulmonary congestion. These findings may indicate an underlying heart or lung condition that requires further evaluation and clinical correlation.","Findings: The chest X-ray shows cardiomegaly, which is an enlargement of the heart, and mild pulmonary congestion. These findings may indicate an underlying heart or lung condition that requires further evaluation and clinical correlation."
266,266_IM-1141-4004.dcm.png,Frontal,Cardiomegaly/mild;Atherosclerosis/aorta,Cardiomegaly;Atherosclerosis,2 views Chest: XXXX,"Hypertension, dizzy",None.,"The lungs and pleural spaces show no acute abnormality. Heart size is mildly enlarged, pulmonary vascularity within normal limits. Atherosclerotic calcifications are present in the aortic XXXX.","1. No acute pulmonary abnormality. 2. Mild cardiomegaly, atherosclerotic disease.",/home/20213144/.cache/kagglehub/datasets/raddar/chest-xrays-indiana-university/versions/2/images/images_normalized/266_IM-1141-4004.dcm.png,"Radiology Report

Chest X-ray

Findings:
The chest X-ray shows a small amount of pleural effusion in the right lower lobe.","Findings: The chest X-ray shows cardiomegaly, which is an enlargement of the heart, and mild pulmonary congestion. These findings may indicate an underlying heart or lung condition that requires further evaluation and clinical correlation."
267,267_IM-1147-1001.dcm.png,Frontal,Airspace Disease/lung/bilateral/scattered/patchy/multiple/mild;Pleural Effusion/bilateral/small;Spine/degenerative,Airspace Disease;Pleural Effusion;Spine,"PA and lateral views of the chest XXXX, XXXX XXXX PM ",pt with XXXX.please XXXX for infiltrates,XXXX,Endotracheal tube and NG tube have been removed. Mild patchy bilateral airspace disease. There are small bilateral pleural effusions. No pneumothorax. Heart and mediastinum are stable with normal size heart. Degenerative changes in the spine.,Small bilateral pleural effusions with a few scattered areas of patchy bilateral airspace disease.,/home/20213144/.cache/kagglehub/datasets/raddar/chest-xrays-indiana-university/versions/2/images/images_normalized/267_IM-1147-1001.dcm.png,"Radiology Report

Chest X-ray

Findings:
The chest X-ray shows a small amount of pleural effusion in the right lower lobe of the lung. 

Impression:
The presence of a small amount of pleural effusion in the right lower lobe of the lung may indicate an underlying issue, such as an infection, inflammation, or other lung condition. Further evaluation and clinical correlation are needed to determine the cause and significance of this finding.",Radiology Report
268,268_IM-1153-1001.dcm.png,Frontal,Opacity/lung/upper lobe/right;Pneumonia/upper lobe/right,Opacity;Pneumonia," Chest radiograph, frontal and lateral views",,,There is a right upper lobe opacity. Cardiomediastinal silhouette is normal. Pulmonary vasculature and XXXX are normal. Osseous structures and soft tissues are normal.,Right upper lobe pneumonia.,/home/20213144/.cache/kagglehub/datasets/raddar/chest-xrays-indiana-university/versions/2/images/images_normalized/268_IM-1153-1001.dcm.png,"Radiology Report

Chest X-ray

Findings:
The chest X-ray shows a small amount of pleural effusion in the right lower lobe.","Findings: The chest X-ray shows cardiomegaly, which is an enlargement of the heart, and mild pulmonary congestion. These findings may indicate an underlying heart or lung condition that requires further evaluation and clinical correlation."
269,269_IM-1161-1001.dcm.png,Frontal,normal,normal,Xray Chest PA and Lateral,Difficulty breathing and XXXX,,"The cardiomediastinal silhouette is normal size and configuration. Pulmonary vasculature within normal limits. The lungs are well-aerated. There is no pneumothorax, pleural effusion, or focal consolidation.",No acute cardiopulmonary disease. .,/home/20213144/.cache/kagglehub/datasets/raddar/chest-xrays-indiana-university/versions/2/images/images_normalized/269_IM-1161-1001.dcm.png,"Radiology Report

Chest X-ray

Findings:
The chest X-ray shows a small amount of pleural effusion in the right lower lobe of the lung. 

Impression:
The presence of a small amount of pleural effusion in the right lower lobe of the lung may indicate an underlying issue, such as infection, inflammation, or other lung conditions. Further evaluation and clinical correlation are needed to determine the cause and significance of this finding.","Radiology Report

Chest X-ray

Findings:
The chest X-ray shows a small amount of pleural effusion in the right lower lobe of the lung. 

Impression:
The presence of a small amount of pleural effusion in the right lower lobe of the lung may indicate an underlying issue, such as an infection, inflammation, or other lung condition. Further evaluation and clinical correlation are needed to determine the cause and appropriate treatment for this finding."
270,270_IM-1168-1001.dcm.png,Frontal,normal,normal,Xray Chest PA and Lateral,"Chest pain, renal failure. Anterior chest pain. Dehydrated, EtOH.",None.,"The cardiomediastinal silhouette and pulmonary vasculature are within normal limits in size. The lungs are clear of focal airspace disease, pneumothorax, or pleural effusion. There are no acute bony findings.",No acute cardiopulmonary findings. .,/home/20213144/.cache/kagglehub/datasets/raddar/chest-xrays-indiana-university/versions/2/images/images_normalized/270_IM-1168-1001.dcm.png,"Radiology Report

Chest X-ray

Findings:
The chest X-ray shows a small amount of pleural effusion in the right lower lobe.","Findings: The chest X-ray shows cardiomegaly, which is an enlargement of the heart, and mild pulmonary congestion. These findings may indicate an underlying heart or lung condition that requires further evaluation and clinical correlation."
271,271_IM-1176-1001.dcm.png,Frontal,normal,normal,"Radiographs of the chest, 2 views, PA and lateral views.",XXXX-year-old male. Left chest pain. Alleged physical assault.,None.,"The cardiomediastinal silhouette is normal in size and contour. No focal consolidation, pneumothorax or large pleural effusion. Negative for acute displaced rib fracture.",Negative for acute abnormality.,/home/20213144/.cache/kagglehub/datasets/raddar/chest-xrays-indiana-university/versions/2/images/images_normalized/271_IM-1176-1001.dcm.png,"Findings: The chest X-ray shows cardiomegaly, which is an enlargement of the heart, and mild pulmonary congestion. These findings may indicate an underlying heart or lung condition that requires further evaluation and clinical correlation.","Findings: The chest X-ray shows cardiomegaly, which is an enlargement of the heart, and mild pulmonary congestion. These findings may indicate an underlying heart or lung condition that requires further evaluation and clinical correlation."
272,272_IM-1182-1001.dcm.png,Frontal,normal,normal,"Chest x-XXXX and Lateral views, dated XXXX, XXXX XXXX PM ",XXXX-year-old male with XXXX,,The lungs are clear. No focal airspace consolidation. No pleural effusion or pneumothorax. Heart size and mediastinal contour are within normal limits.,No evidence of active disease.,/home/20213144/.cache/kagglehub/datasets/raddar/chest-xrays-indiana-university/versions/2/images/images_normalized/272_IM-1182-1001.dcm.png,"Radiology Report

Chest X-ray

Findings:
The chest X-ray shows a small amount of pleural effusion in the right lower lobe.","Radiology Report

Chest X-ray

Findings:
The chest X-ray shows a small amount of pleural effusion in the right lower lobe of the lung. 

Impression:
The presence of a small amount of pleural effusion in the right lower lobe of the lung may indicate an underlying issue, such as an infection, inflammation, or other lung condition. Further evaluation and clinical correlation are needed to determine the cause and appropriate treatment for this finding."
273,273_IM-1188-1001.dcm.png,Frontal,Cardiomegaly/moderate;Diaphragm/right/elevated/mild;Pulmonary Congestion;Markings/bilateral/bronchovascular/mild,Cardiomegaly;Diaphragm;Pulmonary Congestion;Markings,PA and Lateral Chest,"XXXX-year-old female, chest pain",,"Heart size mildly to moderately enlarged. Mild right hemidiaphragm elevation with mild bronchovascular crowding, right greater than left, indistinct vascular margination. No definite focal alveolar consolidation, no pleural effusion XXXX demonstrated.","1. Cardiomegaly 2. Indistinct vascular margination which may be secondary to bronchovascular crowding however differential diagnosis includes mild pulmonary edema, atypical infection, inflammation",/home/20213144/.cache/kagglehub/datasets/raddar/chest-xrays-indiana-university/versions/2/images/images_normalized/273_IM-1188-1001.dcm.png,"Radiology Report

Chest X-ray

Findings:
The chest X-ray shows a small amount of pleural effusion in the right lower lobe.","Findings: The chest X-ray shows cardiomegaly, which is an enlargement of the heart, and mild pulmonary congestion. These findings may indicate an underlying heart or lung condition that requires further evaluation and clinical correlation."
274,274_IM-1194-1001.dcm.png,Frontal,"Aorta, Thoracic/tortuous;Calcinosis/aorta, thoracic;Thoracic Vertebrae/degenerative;Deformity/thoracic vertebrae/mild","Aorta, Thoracic;Calcinosis;Thoracic Vertebrae;Deformity","Chest radiograph examination 2 views performed XXXX, XXXX at XXXX. ",XXXX-year-old male with XXXX.,None.,"The cardiomediastinal silhouette is within normal limits for appearance. The thoracic aorta is tortuous and calcified. No focal areas of pulmonary consolidation. No pneumothorax. No pleural effusion. Degenerative endplate changes of the thoracic spine with an age-indeterminate, mild wedge XXXX deformity of a midthoracic vertebral body.","1. No acute cardiopulmonary process. 2., Mild, age-indeterminate wedge XXXX deformity of a midthoracic vertebral body.",/home/20213144/.cache/kagglehub/datasets/raddar/chest-xrays-indiana-university/versions/2/images/images_normalized/274_IM-1194-1001.dcm.png,"Findings: The chest X-ray shows an opacity in the right lower lobe of the lung.

Impression: The presence of an opacity in the right lower lobe may indicate an abnormality, such as an infection, inflammation, or a mass. Further evaluation and clinical correlation are needed to determine the cause and significance of this finding.","Findings: The chest X-ray shows an opacity in the right lower lobe of the lung.

Impression: The presence of an opacity in the right lower lobe may indicate an abnormality, such as an infection, inflammation, or a mass. Further evaluation and clinical correlation are needed to determine the cause and significance of this finding."
275,275_IM-1200-1001.dcm.png,Frontal,normal,normal,"Chest 2 views PA and lateral XXXX, XXXX XXXX a.m. ","Chest pain, dyspnea","Chest 2 views PA and lateral XXXX, XXXX a.m.","Lungs are clear bilaterally. There is no focal consolidation, pleural effusion, or pneumothoraces. Cardiomediastinal silhouette is within normal limits. XXXX are unremarkable.",No acute cardiopulmonary abnormality.,/home/20213144/.cache/kagglehub/datasets/raddar/chest-xrays-indiana-university/versions/2/images/images_normalized/275_IM-1200-1001.dcm.png,"Findings: The chest X-ray shows cardiomegaly, which is an enlargement of the heart, and mild pulmonary congestion. These findings may indicate an underlying heart or lung condition that requires further evaluation and clinical correlation.","Findings: The chest X-ray shows cardiomegaly, which is an enlargement of the heart, and mild pulmonary congestion. These findings may indicate an underlying heart or lung condition that requires further evaluation and clinical correlation."
276,276_IM-1207-1001.dcm.png,Frontal,normal,normal,"PA and lateral chest x-XXXX dated XXXX, XXXX at XXXX p.m.. ","XXXX-year-old XXXX, XXXX, preop..","Two-view chest radiograph dated XXXX, XXXX..","The lungs are clear bilaterally. Specifically, no evidence of focal consolidation, pneumothorax, or pleural effusion.. Cardio mediastinal silhouette is unremarkable. Visualized osseous structures of the thorax are without acute abnormality.",No acute cardiopulmonary abnormality.,/home/20213144/.cache/kagglehub/datasets/raddar/chest-xrays-indiana-university/versions/2/images/images_normalized/276_IM-1207-1001.dcm.png,"Findings: The chest X-ray shows cardiomegaly, which is an enlargement of the heart, and mild pulmonary congestion. These findings may indicate an underlying heart or lung condition that requires further evaluation and clinical correlation.","Findings: The chest X-ray shows cardiomegaly, which is an enlargement of the heart, and mild pulmonary congestion. These findings may indicate an underlying heart or lung condition that requires further evaluation and clinical correlation."
277,277_IM-1213-1001.dcm.png,Frontal,Cicatrix/lung/apex/bilateral/mild;Granuloma/lung/middle lobe/right;Density/lung/upper lobe/right/round;Density/lung/middle lobe/right/round,Cicatrix;Granuloma;Density;Density,Xray Chest PA and Lateral,"Breast cancer, XXXX r/o XXXX",,"The heart is normal in size. The mediastinum is stable. Mild biapical scarring is identified. There is a nodular density in the right midlung which is stable from prior studies and noted to represent a granuloma on XXXX of XXXX. However, additional foci in the right upper lung are questioned. There is no acute infiltrate or pleural effusion.",No acute disease. Vague right upper/mid lung nodular densities versus scarring and superimposed structures. CT may be warranted given patient's history.,/home/20213144/.cache/kagglehub/datasets/raddar/chest-xrays-indiana-university/versions/2/images/images_normalized/277_IM-1213-1001.dcm.png,"Radiology Report

Chest X-ray

Findings:
The chest X-ray shows a small amount of pleural effusion in the right lower lobe.","Radiology Report

Chest X-ray

Findings:
The chest X-ray shows a small amount of pleural effusion in the right lower lobe."
278,278_IM-1218-1001.dcm.png,Frontal,Opacity;Granulomatous Disease;Nodule,Opacity;Granulomatous Disease;Nodule,Chest XXXX and lateral ,XXXX-year-old female with XXXX,XXXX,"No pneumothorax, pleural effusion, or focal airspace disease. Heart size normal. Stable cardiomediastinal silhouette. Nodular opacities consistent with chronic granulomatous disease. Bony structures intact.",Negative for acute cardiopulmonary disease.,/home/20213144/.cache/kagglehub/datasets/raddar/chest-xrays-indiana-university/versions/2/images/images_normalized/278_IM-1218-1001.dcm.png,"Findings: The chest X-ray shows cardiomegaly, which is an enlargement of the heart, and mild pulmonary congestion. These findings may indicate an underlying heart or lung condition that requires further evaluation and clinical correlation.","Findings: The chest X-ray shows cardiomegaly, which is an enlargement of the heart, and mild pulmonary congestion. These findings may indicate an underlying heart or lung condition that requires further evaluation and clinical correlation."
279,279_IM-1224-1001-0002.dcm.png,Frontal,normal,normal,Xray Chest PA and Lateral,XXXX XXXX. Swimmer.,None.,The heart size and pulmonary vascularity appear within normal limits. The lungs are free of focal airspace disease. No pleural effusion or pneumothorax is seen.,1. No evidence of active disease.,/home/20213144/.cache/kagglehub/datasets/raddar/chest-xrays-indiana-university/versions/2/images/images_normalized/279_IM-1224-1001-0002.dcm.png,"Findings: The chest X-ray shows an opacity in the right lower lobe of the lung.

Impression: The presence of an opacity in the right lower lobe may indicate an abnormality, such as an infection, inflammation, or a mass. Further evaluation and clinical correlation are needed to determine the cause and significance of this finding.","Findings: The chest X-ray shows an opacity in the right lower lobe of the lung.

Impression: The presence of an opacity in the right lower lobe may indicate an abnormality, such as an infection, inflammation, or a mass. Further evaluation and clinical correlation are needed to determine the cause and significance of this finding."
280,280_IM-1232-1001.dcm.png,Frontal,No Indexing,No Indexing," CHEST 2V FRONTAL/LATERAL XXXX, XXXX XXXX XXXX ",chest pain,"XXXX, XXXX.",The heart and lungs have XXXX XXXX in the interval. Both lungs are clear and expanded. Heart and mediastinum normal.,No active disease.,/home/20213144/.cache/kagglehub/datasets/raddar/chest-xrays-indiana-university/versions/2/images/images_normalized/280_IM-1232-1001.dcm.png,"Findings: The chest X-ray shows cardiomegaly, which is an enlargement of the heart, and mild pulmonary congestion. These findings may indicate an underlying heart or lung condition that requires further evaluation and clinical correlation.","Findings: The chest X-ray shows cardiomegaly, which is an enlargement of the heart, and mild pulmonary congestion. These findings may indicate an underlying heart or lung condition that requires further evaluation and clinical correlation."
282,282_IM-1243-1001.dcm.png,Frontal,normal,normal,"PA and lateral views of the chest, 3 images. ","Preop hernia repair, asthma.",None.,"Mediastinal contours are within normal limits. Heart size is within normal limits. No focal consolidation, pneumothorax or pleural effusion.",No acute cardiopulmonary abnormality.,/home/20213144/.cache/kagglehub/datasets/raddar/chest-xrays-indiana-university/versions/2/images/images_normalized/282_IM-1243-1001.dcm.png,"Findings: The chest X-ray shows cardiomegaly, which is an enlargement of the heart, and mild pulmonary congestion. These findings may indicate an underlying heart or lung condition that requires further evaluation and clinical correlation.","Findings: The chest X-ray shows cardiomegaly, which is an enlargement of the heart, and mild pulmonary congestion. These findings may indicate an underlying heart or lung condition that requires further evaluation and clinical correlation."
283,283_IM-1248-1001.dcm.png,Frontal,normal,normal,CHEST- PA AND LATERAL ,Palpitations,Radiograph from XXXX,The lungs are clear. The cardiomediastinal silhouette is within normal limits. No pleural effusion is identified.,Normal chest film.,/home/20213144/.cache/kagglehub/datasets/raddar/chest-xrays-indiana-university/versions/2/images/images_normalized/283_IM-1248-1001.dcm.png,"Radiology Report

Chest X-ray

Findings:
The chest X-ray shows a small amount of pleural effusion in the right lower lobe of the lung. 

Impression:
The presence of a small amount of pleural effusion in the right lower lobe of the lung may indicate an underlying issue, such as infection, inflammation, or other lung conditions. Further evaluation and clinical correlation are needed to determine the cause and significance of this finding.","Radiology Report

Chest X-ray

Findings:
The chest X-ray shows a mass in the left hemithorax.

Impression:
The presence of a mass in the left hemithorax may indicate an abnormal growth or lesion in that area. Further evaluation, such as a CT scan or biopsy, may be needed to determine the nature and cause of the mass. It is important to consult a healthcare professional for a thorough assessment and appropriate diagnosis."
284,284_IM-1252-5005.dcm.png,Frontal,normal,normal,"Radiographs of the chest, 2 views, AP and lateral views.",XXXX-year-old male. Gunshot wound.,None.,"The cardiomediastinal silhouette is normal in size and contour. No focal consolidation, pneumothorax or large pleural effusion. Negative for acute displaced rib fracture. No discrete XXXX projectile visualized. Contrast within the bilateral renal collecting systems. Contrast also probably within the left colon.",Negative for acute abnormality. Discrete XXXX projectile not seen.,/home/20213144/.cache/kagglehub/datasets/raddar/chest-xrays-indiana-university/versions/2/images/images_normalized/284_IM-1252-5005.dcm.png,"Findings: The chest X-ray shows cardiomegaly, which is an enlargement of the heart, and mild pulmonary congestion. These findings may indicate an underlying heart or lung condition that requires further evaluation and clinical correlation.","Findings: The chest X-ray shows cardiomegaly, which is an enlargement of the heart, and mild pulmonary congestion. These findings may indicate an underlying heart or lung condition that requires further evaluation and clinical correlation."
285,285_IM-1258-4004.dcm.png,Frontal,Aorta/tortuous;Pulmonary Atelectasis/left/patchy;Pulmonary Atelectasis/upper lobe/right;Pulmonary Atelectasis/base/right;Surgical Instruments/lung/hilum/right,Aorta;Pulmonary Atelectasis;Pulmonary Atelectasis;Pulmonary Atelectasis;Surgical Instruments,Xray Chest PA and Lateral,Altered mental status,,,Heart size is top normal. Tortuous aorta. No edema. Patchy left upper right basilar atelectasis. No pneumothorax. Right hilar surgical clips.,/home/20213144/.cache/kagglehub/datasets/raddar/chest-xrays-indiana-university/versions/2/images/images_normalized/285_IM-1258-4004.dcm.png,"Findings: The chest X-ray shows cardiomegaly, which is an enlargement of the heart, and mild pulmonary congestion. These findings may indicate an underlying heart or lung condition that requires further evaluation and clinical correlation.","Findings: The chest X-ray shows cardiomegaly, which is an enlargement of the heart, and mild pulmonary congestion. These findings may indicate an underlying heart or lung condition that requires further evaluation and clinical correlation."
286,286_IM-1267-3001.dcm.png,Frontal,Calcinosis/lung/hilum/left,Calcinosis,Chest x-XXXX. XXXX ,XXXX,XXXX,Lungs are clear. There is no pneumothorax or pleural effusion. Calcified left suprahilar XXXX. The heart and mediastinum are within normal limits. Bony structures are intact.,No acute cardiopulmonary process.,/home/20213144/.cache/kagglehub/datasets/raddar/chest-xrays-indiana-university/versions/2/images/images_normalized/286_IM-1267-3001.dcm.png,Findings: The chest X-ray shows an elevated hemidiaphragm and an elevated right hemidiaphragm.,Findings: The chest X-ray shows an elevated hemidiaphragm and an elevated right hemidiaphragm.
287,287_IM-1276-4004.dcm.png,Frontal,normal,normal, Frontal and lateral views of the chest dated XXXX,"Dyspnea, nausea and vomiting, XXXX","XXXX, XXXX",Heart size is normal. The lungs are grossly clear. No pleural effusions or pneumothoraces. The hilar and mediastinal contours are stable. Normal pulmonary vascularity. No overt edema.,No acute abnormality.,/home/20213144/.cache/kagglehub/datasets/raddar/chest-xrays-indiana-university/versions/2/images/images_normalized/287_IM-1276-4004.dcm.png,"Findings: The chest X-ray shows cardiomegaly, which is an enlargement of the heart, and mild pulmonary congestion. These findings may indicate an underlying heart or lung condition that requires further evaluation and clinical correlation.","Findings: The chest X-ray shows cardiomegaly, which is an enlargement of the heart, and mild pulmonary congestion. These findings may indicate an underlying heart or lung condition that requires further evaluation and clinical correlation."
288,288_IM-1284-1001.dcm.png,Frontal,"Hernia, Hiatal;Density/thorax","Hernia, Hiatal;Density","PA and Lateral Chest. XXXX, XXXX. &gt;] ",XXXX.,None.,"Heart size appears within normal limits. Pulmonary vasculature appears within normal limits. Radiodensity overlying the middle cardiac silhouette, XXXX representing a hiatal hernia. No focal consolidation, pleural effusion or pneumothorax. No acute bony abnormality.",1. No acute cardiopulmonary abnormality.,/home/20213144/.cache/kagglehub/datasets/raddar/chest-xrays-indiana-university/versions/2/images/images_normalized/288_IM-1284-1001.dcm.png,"Findings: The chest X-ray shows cardiomegaly, which is an enlargement of the heart, and mild pulmonary congestion. These findings may indicate an underlying heart or lung condition that requires further evaluation and clinical correlation.","Findings: The chest X-ray shows cardiomegaly, which is an enlargement of the heart, and mild pulmonary congestion. These findings may indicate an underlying heart or lung condition that requires further evaluation and clinical correlation."
289,289_IM-1292-0001-0001.dcm.png,Frontal,"Catheters, Indwelling;Medical Device","Catheters, Indwelling;Medical Device",Xray Chest PA and Lateral,"XXXX-year-old female, infection, XXXX",,"Heart size within normal limits, stable mediastinal and hilar contours, right chest XXXX tip in the low SVC. Monitoring device artifacts. No focal alveolar consolidation, no definite pleural effusion seen. No typical findings of pulmonary edema.",No acute findings,/home/20213144/.cache/kagglehub/datasets/raddar/chest-xrays-indiana-university/versions/2/images/images_normalized/289_IM-1292-0001-0001.dcm.png,"Radiology Report

Chest X-ray

Findings:
The chest X-ray shows a small amount of pleural effusion in the right lower lobe. 

Impression:
The presence of a small amount of pleural effusion in the right lower lobe is an important finding. Pleural effusion is the accumulation of fluid in the pleural space, which is the area between the layers of tissue that line the lungs and the chest cavity. This can be caused by various conditions, such as infections, inflammation, heart failure, or malignancies. Further evaluation and clinical correlation are needed to determine the cause and significance of this finding.",Radiology Report
290,290_IM-1303-1001.dcm.png,Frontal,Surgical Instruments/shoulder/right;Surgical Instruments/thorax/bilateral;Surgical Instruments/cervical vertebrae,Surgical Instruments;Surgical Instruments;Surgical Instruments,"XXXX and lateral chest XXXX, XXXX at XXXX hours.",Occasional chest pain and shortness of breath.,,The lungs are clear. There are multiple surgical XXXX seen near the apical regions and lower cervical region bilaterally. The heart and mediastinum are normal. There is a screw in the right shoulder. The soft tissues are normal.,1. No active disease. 2. There are numerous small surgical clips seen overlying the upper thorax bilaterally and the lower cervical region of uncertain significance.,/home/20213144/.cache/kagglehub/datasets/raddar/chest-xrays-indiana-university/versions/2/images/images_normalized/290_IM-1303-1001.dcm.png,"Radiology Report

Chest X-ray

Findings:
The chest X-ray shows a small amount of pleural effusion in the right lower lobe.","Radiology Report

Chest X-ray

Findings:
The chest X-ray shows a small amount of pleural effusion in the right lower lobe."
291,291_IM-1313-1001.dcm.png,Frontal,normal,normal,"PA and lateral chest x-XXXX dated XXXX, XXXX at XXXX p.m.. ",XXXX-year-old woman with chest pain.,"Two-view chest radiograph dated XXXX, XXXX.","The lungs are clear bilaterally. Specifically, no evidence of focal consolidation, pneumothorax, or pleural effusion.. Cardio mediastinal silhouette is unremarkable. Visualized osseous structures of the thorax are without acute abnormality.",No acute cardiopulmonary abnormality.,/home/20213144/.cache/kagglehub/datasets/raddar/chest-xrays-indiana-university/versions/2/images/images_normalized/291_IM-1313-1001.dcm.png,"Radiology Report

Chest X-ray

Findings:
The chest X-ray shows a small amount of pleural effusion in the right lower lobe.","Findings: The chest X-ray shows an opacity in the right lower lobe of the lung.

Impression: The presence of an opacity in the right lower lobe may indicate an abnormality, such as an infection, inflammation, or a mass. Further evaluation and clinical correlation are needed to determine the cause and significance of this finding."
292,292_IM-1322-1001.dcm.png,Frontal,Airspace Disease/lung/middle lobe/right/focal,Airspace Disease,Xray Chest PA and Lateral,XXXX year old XXXX and sore throat.,None.,The heart is normal in size and contour. There is a vague area of airspace disease identified within the right midlung on the PA view. This is not well-demonstrated on the lateral view. There is no pneumothorax or effusion.,Vague area of focal airspace disease within the right midlung. There is raises concern for pneumonia. Recommend followup after appropriate treatment to document complete resolution.,/home/20213144/.cache/kagglehub/datasets/raddar/chest-xrays-indiana-university/versions/2/images/images_normalized/292_IM-1322-1001.dcm.png,"Radiology Report

Chest X-ray

Findings:
The chest X-ray shows a small amount of pleural effusion in the right lower lobe.","Findings: The chest X-ray shows an opacity in the right lower lobe of the lung.

Impression: The presence of an opacity in the right lower lobe may indicate an abnormality, such as an infection, inflammation, or a mass. Further evaluation and clinical correlation are needed to determine the cause and significance of this finding."
293,293_IM-1332-1001.dcm.png,Frontal,Surgical Instruments/mediastinum;Deformity/thoracic vertebrae,Surgical Instruments;Deformity,Xray Chest PA and Lateral,XXXX-year-old XXXX with history of prostate cancer,None.,"Sternotomy XXXX mediastinal clips noted. Heart size within normal limits. Negative for focal pulmonary consolidation, pleural effusion, or pneumothorax. There is XXXX deformity of T6, XXXX since X-XXXX thoracic spine XXXX, XXXX. Mild XXXX deformity of T12, stable. Prior cholecystectomy.","1. No definite evidence of metastatic disease. 2. Age-indeterminate XXXX deformity of T6, XXXX since study dated XXXX, XXXX. .",/home/20213144/.cache/kagglehub/datasets/raddar/chest-xrays-indiana-university/versions/2/images/images_normalized/293_IM-1332-1001.dcm.png,"Radiology Report

Chest X-ray

Findings:
The chest X-ray shows a small amount of pleural effusion in the right lower lobe.","Radiology Report

Chest X-ray

Findings:
The chest X-ray shows a small amount of pleural effusion in the right lower lobe."
294,294_IM-1340-3001.dcm.png,Frontal,Emphysema,Emphysema,CHEST 2V FRONTAL/LATERAL ,Shortness of breath,,The heart is normal in size. The mediastinum is unremarkable. The lungs are grossly clear. Underlying emphysematous changes are noted.,Emphysema without acute disease.,/home/20213144/.cache/kagglehub/datasets/raddar/chest-xrays-indiana-university/versions/2/images/images_normalized/294_IM-1340-3001.dcm.png,Findings: The chest X-ray shows an interval decrease in the size of the left lower lobe infiltrate. This suggests that there has been some improvement in the lung condition over the course of the treatment.,"Radiology Report

Chest X-ray

Findings:
The chest X-ray shows a small amount of pleural effusion in the right lower lobe of the lung. 

Impression:
The presence of a small amount of pleural effusion in the right lower lobe of the lung may indicate an underlying issue, such as an infection, inflammation, or other lung condition. Further evaluation and clinical correlation are needed to determine the cause and appropriate treatment for this finding."
295,295_IM-1348-1001.dcm.png,Frontal,"Fractures, Bone/clavicle/left/healed","Fractures, Bone","PA and lateral chest x-XXXX dated XXXX, XXXX at XXXX a.m. ","XXXX-year-old XXXX, EtOH abuse.",None.,"Limited lateral projection. The lungs are clear bilaterally. Specifically, no evidence of focal consolidation, pneumothorax, or pleural effusion. Cardiomediastinal silhouette is unremarkable. Visualized osseous structures of the thorax are without acute abnormality. Healed distal left clavicular fracture noted.",No acute cardiopulmonary abnormality.,/home/20213144/.cache/kagglehub/datasets/raddar/chest-xrays-indiana-university/versions/2/images/images_normalized/295_IM-1348-1001.dcm.png,"Findings: The chest X-ray shows cardiomegaly, which is an enlargement of the heart, and mild pulmonary congestion. These findings may indicate an underlying heart or lung condition that requires further evaluation and clinical correlation.","Findings: The chest X-ray shows a right basal infiltrate, which is an area of increased density in the lower part of the right lung."
296,296_IM-1354-1001.dcm.png,Frontal,"Hernia, Hiatal","Hernia, Hiatal","PA and lateral chest XXXX, XXXX at XXXX with comparison 12 XXXX ",XXXX and right-sided chest pain,,,Heart size normal. Lungs clear. Hiatal hernia. No effusion the or pneumothorax. No pneumonia,/home/20213144/.cache/kagglehub/datasets/raddar/chest-xrays-indiana-university/versions/2/images/images_normalized/296_IM-1354-1001.dcm.png,"Findings: The chest X-ray shows cardiomegaly, which is an enlargement of the heart, and mild pulmonary congestion. These findings may indicate an underlying heart or lung condition that requires further evaluation and clinical correlation.","Findings: The chest X-ray shows cardiomegaly, which is an enlargement of the heart, and mild pulmonary congestion. These findings may indicate an underlying heart or lung condition that requires further evaluation and clinical correlation."
297,297_IM-1361-4004.dcm.png,Frontal,Lung/hypoinflation;Markings/bronchovascular/mild;Opacity/lung/base/left/mild;Diaphragm/left/obscured;Thoracic Vertebrae/degenerative;Lung/hypoinflation;Pulmonary Atelectasis/base/left/mild,Lung;Markings;Opacity;Diaphragm;Thoracic Vertebrae;Lung;Pulmonary Atelectasis,Xray Chest PA and Lateral,"Chest pain, dyspnea.","XXXX, XXXX.","Cardiac silhouette is within normal limits in size. The lungs are hypoinflated with mild bronchovascular crowding. There is mild, XXXX opacity projected over the left lung base. This is partly due to overlying soft tissues, however, there is partial obscuration of the lateral left hemidiaphragm. The lungs are otherwise grossly clear. There is no pneumothorax or pleural effusion. There are no acute bony findings. There are degenerative endplate changes throughout the thoracic spine.","Low lung volumes with mild, XXXX left basilar opacity, atelectasis versus infiltrate. .",/home/20213144/.cache/kagglehub/datasets/raddar/chest-xrays-indiana-university/versions/2/images/images_normalized/297_IM-1361-4004.dcm.png,"Findings: The chest X-ray shows cardiomegaly, which is an enlargement of the heart, and mild pulmonary congestion. These findings may indicate an underlying heart or lung condition that requires further evaluation and clinical correlation.","Findings: The chest X-ray shows an opacity in the right lower lobe of the lung.

Impression: The presence of an opacity in the right lower lobe may indicate an abnormality, such as an infection, inflammation, or a mass. Further evaluation and clinical correlation are needed to determine the cause and significance of this finding."
298,298_IM-1369-1001.dcm.png,Frontal,normal,normal,Xray Chest PA and Lateral,XXXX for one XXXX with vomiting,"XXXX, XXXX",The lungs are clear. There is no pleural effusion or pneumothorax. The heart and mediastinum are normal. The skeletal structures are normal.,No acute pulmonary disease.,/home/20213144/.cache/kagglehub/datasets/raddar/chest-xrays-indiana-university/versions/2/images/images_normalized/298_IM-1369-1001.dcm.png,"Findings: The chest X-ray shows cardiomegaly, which is an enlargement of the heart, and mild pulmonary congestion. These findings may indicate an underlying heart or lung condition that requires further evaluation and clinical correlation.","Findings: The chest X-ray shows an opacity in the right lower lobe of the lung.

Impression: The presence of an opacity in the right lower lobe may indicate an abnormality, such as an infection, inflammation, or a mass. Further evaluation and clinical correlation are needed to determine the cause and significance of this finding."
299,299_IM-1377-1001.dcm.png,Frontal,"Hernia, Hiatal/small","Hernia, Hiatal","Chest, 2 views, frontal and lateral",Preop bariatric surgery.,None.,Cardiac and mediastinal contours are within normal limits. The lungs are clear. Bony structures are intact. Small hiatal hernia.,No acute findings. Small hiatal hernia.,/home/20213144/.cache/kagglehub/datasets/raddar/chest-xrays-indiana-university/versions/2/images/images_normalized/299_IM-1377-1001.dcm.png,"Findings: The chest X-ray shows cardiomegaly, which is an enlargement of the heart, and mild pulmonary congestion. These findings may indicate an underlying heart or lung condition that requires further evaluation and clinical correlation.","Findings: The chest X-ray shows an opacity in the right lower lobe of the lung.

Impression: The presence of an opacity in the right lower lobe may indicate an abnormality, such as an infection, inflammation, or a mass. Further evaluation and clinical correlation are needed to determine the cause and significance of this finding."
300,300_IM-1385-1001.dcm.png,Frontal,"Lung/hyperdistention/mild;Funnel Chest/mild;Calcified Granuloma/lung/lingula;Pulmonary Disease, Chronic Obstructive","Lung;Funnel Chest;Calcified Granuloma;Pulmonary Disease, Chronic Obstructive",PA and lateral views of the chest. ,XXXX-year-old male with XXXX.,Two-view chest from XXXX.,Heart size within normal limits. Mild hyperinflation of the lungs. Mild pectus excavatum deformity. Stable left mid lung calcified granuloma. No focal airspace disease. No pneumothorax or effusions.,Changes of chronic lung disease with no acute cardiopulmonary finding.,/home/20213144/.cache/kagglehub/datasets/raddar/chest-xrays-indiana-university/versions/2/images/images_normalized/300_IM-1385-1001.dcm.png,Findings: The chest X-ray shows an interval decrease in the size of the left lower lobe infiltrate. This suggests that there has been some improvement in the lung condition over the course of the treatment.,"Findings: The chest X-ray shows an opacity in the right lower lobe of the lung.

Impression: The presence of an opacity in the right lower lobe may indicate an abnormality, such as an infection, inflammation, or a mass. Further evaluation and clinical correlation are needed to determine the cause and significance of this finding."
301,301_IM-1389-1001.dcm.png,Frontal,normal,normal,"Chest x-XXXX, 2 views, XXXX, XXXX XXXX PM",XXXX,XXXX,Normal cardiomediastinal contours. Clear lungs bilaterally. No pneumothorax or large effusion.,No acute cardiopulmonary abnormality.,/home/20213144/.cache/kagglehub/datasets/raddar/chest-xrays-indiana-university/versions/2/images/images_normalized/301_IM-1389-1001.dcm.png,"Radiology Report

Chest X-ray

Findings:
The chest X-ray shows a small amount of pleural effusion in the right lower lobe.","Radiology Report

Chest X-ray

Findings:
The chest X-ray shows a small amount of pleural effusion in the right lower lobe."
302,302_IM-1394-1001.dcm.png,Frontal,Scoliosis/mild,Scoliosis,Xray Chest PA and Lateral,"XXXX-year-old male, pain",,"Heart size within normal limits, stable mediastinal and hilar contours. No focal alveolar consolidation, no definite pleural effusion seen. No typical findings of pulmonary edema. Mild spine curvature again noted.",No acute findings,/home/20213144/.cache/kagglehub/datasets/raddar/chest-xrays-indiana-university/versions/2/images/images_normalized/302_IM-1394-1001.dcm.png,"Radiology Report

Chest X-ray

Findings:
The chest X-ray shows a small amount of pleural effusion in the right lower lobe.","Findings: The chest X-ray shows an opacity in the right lower lobe of the lung.

Impression: The presence of an opacity in the right lower lobe may indicate an abnormality, such as an infection, inflammation, or a mass. Further evaluation and clinical correlation are needed to determine the cause and significance of this finding."
303,303_IM-1404-1001.dcm.png,Frontal,Lung/hypoinflation/mild;Diaphragmatic Eventration;Thickening/pleura/bilateral;Opacity/lung/base/bilateral/streaky/mild;Pulmonary Atelectasis/chronic,Lung;Diaphragmatic Eventration;Thickening;Opacity;Pulmonary Atelectasis,CHEST 2V FRONTAL/LATERAL ,"XXXX, asthma, preop hip replacement",XXXX,"The heart is normal in size. The mediastinum is Stable. Rectal balloon is noted. Lungs are mildly hypoinflated. There is again eventration of the hemidiaphragms/ Bochdalek hernia, posteriorly as seen on the lateral projection. Bilateral pleural thickening is noted. There are streaky opacities in the lung bases unchanged, XXXX chronic atelectasis.","Mild bilateral streaky opacities, XXXX atelectasis. No acute infiltrate.",/home/20213144/.cache/kagglehub/datasets/raddar/chest-xrays-indiana-university/versions/2/images/images_normalized/303_IM-1404-1001.dcm.png,"Findings: The chest X-ray shows cardiomegaly, which is an enlargement of the heart, and mild pulmonary congestion. These findings may indicate an underlying heart or lung condition that requires further evaluation and clinical correlation.","Findings: The chest X-ray shows cardiomegaly, which is an enlargement of the heart, and mild pulmonary congestion. These findings may indicate an underlying heart or lung condition that requires further evaluation and clinical correlation."
304,304_IM-1413-12012.dcm.png,Frontal,Technical Quality of Image Unsatisfactory ;Lung/hypoinflation;Calcinosis/lung/hilum/lymph nodes/right;Spinal Fusion/cervical vertebrae;Pulmonary Atelectasis,Technical Quality of Image Unsatisfactory ;Lung;Calcinosis;Spinal Fusion;Pulmonary Atelectasis,Xray Chest PA and Lateral,Chest pain and shortness of breath x1 hour.,,"The XXXX examination consists of frontal and lateral radiographs of the chest. A total of 3 images were obtained. The cardiomediastinal contours are within normal limits allowing for low lung volumes and patient rotation. There is XXXX XXXX atelectasis. No consolidation, pleural effusion or pneumothorax. Calcified right infrahilar lymph XXXX again seen. Partially visualized lower cervical spine fusion XXXX.",Lung lines without evidence of acute cardiopulmonary process.,/home/20213144/.cache/kagglehub/datasets/raddar/chest-xrays-indiana-university/versions/2/images/images_normalized/304_IM-1413-12012.dcm.png,"Radiology Report

Chest X-ray

Findings:
The chest X-ray shows a small amount of pleural effusion in the right lower lobe.","Findings: The chest X-ray shows an opacity in the right lower lobe of the lung.

Impression: The presence of an opacity in the right lower lobe may indicate an abnormality, such as an infection, inflammation, or a mass. Further evaluation and clinical correlation are needed to determine the cause and significance of this finding."
306,306_IM-1426-1001.dcm.png,Frontal,normal,normal,Xray Chest PA and Lateral,,None.,The lungs are clear. Heart size is normal. No pneumothorax.,Clear lungs. No acute cardiopulmonary abnormality. .,/home/20213144/.cache/kagglehub/datasets/raddar/chest-xrays-indiana-university/versions/2/images/images_normalized/306_IM-1426-1001.dcm.png,"Findings: The chest X-ray shows cardiomegaly, which is an enlargement of the heart, and mild pulmonary congestion. These findings may indicate an underlying heart or lung condition that requires further evaluation and clinical correlation.","Findings: The chest X-ray shows cardiomegaly, which is an enlargement of the heart, and mild pulmonary congestion. These findings may indicate an underlying heart or lung condition that requires further evaluation and clinical correlation."
307,307_IM-1432-1001.dcm.png,Frontal,normal,normal,Xray Chest PA and Lateral,786.59. c/o focal chest pain around heart that lasts for few XXXX. occurs approx. once a month.,None available.,The cardiomediastinal silhouette and pulmonary vasculature are within normal limits. There is no pneumothorax or pleural effusion. There are no focal areas of consolidation.,Negative chest radiographs.,/home/20213144/.cache/kagglehub/datasets/raddar/chest-xrays-indiana-university/versions/2/images/images_normalized/307_IM-1432-1001.dcm.png,"Findings: The chest X-ray shows an opacity in the right lower lobe of the lung.

Impression: The presence of an opacity in the right lower lobe may indicate an abnormality, such as an infection, inflammation, or a mass. Further evaluation and clinical correlation are needed to determine the cause and significance of this finding.","Findings: The chest X-ray shows an opacity in the right lower lobe of the lung.

Impression: The presence of an opacity in the right lower lobe may indicate an abnormality, such as an infection, inflammation, or a mass. Further evaluation and clinical correlation are needed to determine the cause and significance of this finding."
308,308_IM-1439-1001.dcm.png,Frontal,Diaphragm/right/elevated;Cicatrix/right/chronic;Opacity/right,Diaphragm;Cicatrix;Opacity,PA and lateral chest radiograph (2 views) (2 images) ,XXXX,PA and lateral views of the chest on XXXX.,Stable appearing right-sided XXXX the opacities. There is persistent elevation of the right hemidiaphragm. The cardiac silhouette and mediastinal contours are within normal limits. There is no pneumothorax.,Stable right-sided chronic lung scarring otherwise no acute cardiopulmonary disease.,/home/20213144/.cache/kagglehub/datasets/raddar/chest-xrays-indiana-university/versions/2/images/images_normalized/308_IM-1439-1001.dcm.png,"Findings: The chest X-ray shows cardiomegaly, which is an enlargement of the heart, and mild pulmonary congestion. These findings may indicate an underlying heart or lung condition that requires further evaluation and clinical correlation.","Findings: The chest X-ray shows cardiomegaly, which is an enlargement of the heart, and mild pulmonary congestion. These findings may indicate an underlying heart or lung condition that requires further evaluation and clinical correlation."
309,309_IM-1444-1001.dcm.png,Frontal,normal,normal,"Chest x-XXXX, 2 views, XXXX, XXXX at XXXX PM",XXXX.,XXXX.,Normal and stable cardiomediastinal contours. No pneumothorax or pleural effusions. No focal lung consolidation.,No acute cardiopulmonary abnormality.,/home/20213144/.cache/kagglehub/datasets/raddar/chest-xrays-indiana-university/versions/2/images/images_normalized/309_IM-1444-1001.dcm.png,"Radiology Report

Chest X-ray

Findings:
The chest X-ray shows a small amount of pleural effusion in the right lower lobe.","Radiology Report

Chest X-ray

Findings:
The chest X-ray shows a small amount of pleural effusion in the right lower lobe."
310,310_IM-1451-0001-0001.dcm.png,Frontal,normal,normal,Xray Chest PA and Lateral,"XXXX, pain.",None.,"Chest. The XXXX examination consists of frontal and lateral radiographs of the chest. The cardiomediastinal contours are within normal limits. No focal consolidation, pleural effusion, or pneumothorax identified. The visualized osseous structures and upper abdomen are unremarkable. Thoracic spine. The XXXX examination consists of frontal, lateral and swimmers lateral radiographs of the thoracic spine. There is no evidence of fracture or malalignment. The vertebral body XXXX and disc spaces are maintained. Sternum. The XXXX examination consists of 2 oblique and one lateral radiograph of the sternum. No displaced XXXX fracture demonstrated.",1. No radiographic evidence of acute thoracic XXXX.,/home/20213144/.cache/kagglehub/datasets/raddar/chest-xrays-indiana-university/versions/2/images/images_normalized/310_IM-1451-0001-0001.dcm.png,"Findings: The chest X-ray shows cardiomegaly, which is an enlargement of the heart, and mild pulmonary congestion. These findings may indicate an underlying heart or lung condition that requires further evaluation and clinical correlation.","Findings: The chest X-ray shows cardiomegaly, which is an enlargement of the heart, and mild pulmonary congestion. These findings may indicate an underlying heart or lung condition that requires further evaluation and clinical correlation."
312,312_IM-1466-1001.dcm.png,Frontal,No Indexing,No Indexing,Xray Chest PA and Lateral,XXXX-year-old male with history of lymphoma.,"XXXX, XXXX","Normal cardiomediastinal silhouette. Left-sided aortic XXXX. Pulmonary vasculatures are within normal limits. Central airways are XXXX. No focal consolidation, pleural effusion or pneumothorax. Bony structure are grossly unremarkable.",No acute pulmonary findings. .,/home/20213144/.cache/kagglehub/datasets/raddar/chest-xrays-indiana-university/versions/2/images/images_normalized/312_IM-1466-1001.dcm.png,"Findings: The chest X-ray shows cardiomegaly, which is an enlargement of the heart, and mild pulmonary congestion. These findings may indicate an underlying heart or lung condition that requires further evaluation and clinical correlation.",Findings: The chest X-ray shows an elevated hemidiaphragm and an elevated right hemidiaphragm.
313,313_IM-1472-1001.dcm.png,Frontal,Cardiac Shadow/enlarged/moderate;Opacity/lung/lower lobe/interstitial/diffuse/prominent;Opacity/lung/hilum/interstitial/diffuse/prominent;Consolidation/lung/base/bilateral;Pleural Effusion/bilateral/small;Atherosclerosis/aorta,Cardiac Shadow;Opacity;Opacity;Consolidation;Pleural Effusion;Atherosclerosis,Xray Chest PA and Lateral,"Slurred speech, confusion, weakness, shortness of breath.",None.,"The XXXX examination consists of frontal and lateral radiographs of the chest. The cardiac silhouette is moderately enlarged with a cardiothoracic ratio of 16.2/24.7. Diffuse coarse interstitial opacity seen throughout the lungs with perihilar and lower lobe predominance. There is right greater than left bibasilar consolidation. There are small pleural effusions, right larger than left. No evidence of pneumothorax. Dense atherosclerotic calcification seen involving the thoracic and upper abdominal aorta.",Enlarged cardiac silhouette with coarse perihilar and lower lobe interstitial opacities may be due to diffuse infection or heart failure. Small pleural effusions.,/home/20213144/.cache/kagglehub/datasets/raddar/chest-xrays-indiana-university/versions/2/images/images_normalized/313_IM-1472-1001.dcm.png,"Radiology Report

Chest X-ray

Findings:
The chest X-ray shows a small amount of pleural effusion in the right lower lobe of the lung. 

Impression:
The presence of a small amount of pleural effusion in the right lower lobe of the lung may indicate an underlying issue, such as infection, inflammation, or other lung conditions. Further evaluation and clinical correlation are needed to determine the cause and significance of this finding.","Radiology Report

Chest X-ray

Findings:
The chest X-ray shows a small amount of pleural effusion in the right lower lobe of the lung. 

Impression:
The presence of a small amount of pleural effusion in the right lower lobe of the lung may indicate an underlying issue, such as infection, inflammation, or other lung conditions. Further evaluation and clinical correlation are needed to determine the cause and significance of this finding."
314,314_IM-1477-1001.dcm.png,Frontal,Lung/hypoinflation,Lung,Chest 2 views. ,XXXX-year-old with shortness of breath hypoxia.,XXXX.,Low lung volumes. Normal heart size. The trachea is midline. Lungs are clear. No pneumothorax. No pleural effusion.,No acute cardiopulmonary abnormality.,/home/20213144/.cache/kagglehub/datasets/raddar/chest-xrays-indiana-university/versions/2/images/images_normalized/314_IM-1477-1001.dcm.png,"Findings: The chest X-ray shows cardiomegaly, which is an enlargement of the heart, and mild pulmonary congestion. These findings may indicate an underlying heart or lung condition that requires further evaluation and clinical correlation.","Findings: The chest X-ray shows cardiomegaly, which is an enlargement of the heart, and mild pulmonary congestion. These findings may indicate an underlying heart or lung condition that requires further evaluation and clinical correlation."
315,315_IM-1481-1001.dcm.png,Frontal,Spinal Fusion/thoracic vertebrae,Spinal Fusion," PA and lateral chest XXXX, XXXX at time XXXX comparison available from XXXX ",dyspnea.,,,Heart size is normal. Lungs are clear. Old fusion of approximately T9-T10.,/home/20213144/.cache/kagglehub/datasets/raddar/chest-xrays-indiana-university/versions/2/images/images_normalized/315_IM-1481-1001.dcm.png,"Radiology Report

Chest X-ray

Findings:
The chest X-ray shows a small amount of pleural effusion in the right lower lobe.","Findings: The chest X-ray shows a right basal infiltrate, which is an area of increased density in the lower part of the right lung."
316,316_IM-1487-1001.dcm.png,Frontal,Granuloma/lung/apex/right,Granuloma,"PA and lateral chest XXXX, XXXX at XXXX with comparison 6 XXXX ",preop inguinal hernia history of laryngeal cancer,,,Heart size normal. Lungs are clear. 5 mm right apical granuloma unchanged,/home/20213144/.cache/kagglehub/datasets/raddar/chest-xrays-indiana-university/versions/2/images/images_normalized/316_IM-1487-1001.dcm.png,"Findings: The chest X-ray shows an opacity in the right lower lobe of the lung.

Impression: The presence of an opacity in the right lower lobe may indicate an abnormality, such as an infection, inflammation, or a mass. Further evaluation and clinical correlation are needed to determine the cause and significance of this finding.","Findings: The chest X-ray shows an opacity in the right lower lobe of the lung.

Impression: The presence of an opacity in the right lower lobe may indicate an abnormality, such as an infection, inflammation, or a mass. Further evaluation and clinical correlation are needed to determine the cause and significance of this finding."
317,317_IM-1493-1001.dcm.png,Frontal,normal,normal,Frontal and lateral chest on XXXX XXXX.,COPD. Preoperative evaluation.,None available.,Normal heart size. Normal mediastinal silhouette. No pneumothorax or pleural effusion. No suspicious focal air space opacity.,No acute abnormality.,/home/20213144/.cache/kagglehub/datasets/raddar/chest-xrays-indiana-university/versions/2/images/images_normalized/317_IM-1493-1001.dcm.png,"Findings: The chest X-ray shows cardiomegaly, which is an enlargement of the heart, and mild pulmonary congestion. These findings may indicate an underlying heart or lung condition that requires further evaluation and clinical correlation.","Findings: The chest X-ray shows cardiomegaly, which is an enlargement of the heart, and mild pulmonary congestion. These findings may indicate an underlying heart or lung condition that requires further evaluation and clinical correlation."
318,318_IM-1500-1001.dcm.png,Frontal,normal,normal,PA and lateral chest radiograph (2 views) (2 images) ,Dyspnea,"PA and lateral views of the chest on XXXX, XXXX.",Lungs are clear bilaterally. Cardiac and mediastinal silhouettes are normal. Pulmonary vasculature is normal. No pneumothorax or pleural effusion. No acute bony abnormality.,No acute cardiopulmonary abnormality.,/home/20213144/.cache/kagglehub/datasets/raddar/chest-xrays-indiana-university/versions/2/images/images_normalized/318_IM-1500-1001.dcm.png,"Radiology Report

Chest X-ray

Findings:
The chest X-ray shows a small amount of pleural effusion in the right lower lobe of the lung. 

Impression:
The presence of a small amount of pleural effusion in the right lower lobe of the lung may indicate an underlying issue, such as infection, inflammation, or other lung conditions. Further evaluation and clinical correlation are needed to determine the cause and significance of this finding.","Radiology Report

Chest X-ray

Findings:
The chest X-ray shows a small amount of pleural effusion in the right lower lobe of the lung. 

Impression:
The presence of a small amount of pleural effusion in the right lower lobe of the lung may indicate an underlying issue, such as an infection, inflammation, or other lung condition. Further evaluation and clinical correlation are needed to determine the cause and appropriate treatment for this finding."
319,319_IM-1505-1001.dcm.png,Frontal,normal,normal,"Chest radiographs, 2 images. ",XXXX-year-old XXXX with persistent productive XXXX.,None.,Normal heart size. Clear lungs. No pneumothorax. No pleural effusion.,Normal chest exam.,/home/20213144/.cache/kagglehub/datasets/raddar/chest-xrays-indiana-university/versions/2/images/images_normalized/319_IM-1505-1001.dcm.png,"Findings: The chest X-ray shows cardiomegaly, which is an enlargement of the heart, and mild pulmonary congestion. These findings may indicate an underlying heart or lung condition that requires further evaluation and clinical correlation.","Findings: The chest X-ray shows cardiomegaly, which is an enlargement of the heart, and mild pulmonary congestion. These findings may indicate an underlying heart or lung condition that requires further evaluation and clinical correlation."
320,320_IM-1511-1001.dcm.png,Frontal,normal,normal," PA and lateral chest XXXX, XXXX at XXXX with comparison XXXX ",mild asthma,,,Heart size is normal and the lungs are clear.,/home/20213144/.cache/kagglehub/datasets/raddar/chest-xrays-indiana-university/versions/2/images/images_normalized/320_IM-1511-1001.dcm.png,"Findings: The chest X-ray shows cardiomegaly, which is an enlargement of the heart, and mild pulmonary congestion. These findings may indicate an underlying heart or lung condition that requires further evaluation and clinical correlation.","Findings: The chest X-ray shows cardiomegaly, which is an enlargement of the heart, and mild pulmonary congestion. These findings may indicate an underlying heart or lung condition that requires further evaluation and clinical correlation."
321,321_IM-1516-0001-0002.dcm.png,Frontal,Opacity/lung/left;Pulmonary Atelectasis/lingula;Spine/degenerative/diffuse;Epicardial Fat;Opacity/lung/base/left,Opacity;Pulmonary Atelectasis;Spine;Epicardial Fat;Opacity,"PA and LATERAL views of the chest, dated XXXX, XXXX XXXX XXXX","XXXX-year-old female, preoperative evaluation",XXXX,"There are XXXX opacities in the left lung, XXXX subsegmental atelectasis. XXXX opacities overlying the left lung base on the frontal XXXX XXXX reflect epicardial fat XXXX and overlying breast tissue. There is no focal airspace consolidation. No pleural effusion or pneumothorax. Heart size is at the upper limits of normal. There are diffuse degenerative changes of the spine.",No acute findings. Left mid lung subsegmental atelectasis.,/home/20213144/.cache/kagglehub/datasets/raddar/chest-xrays-indiana-university/versions/2/images/images_normalized/321_IM-1516-0001-0002.dcm.png,"Radiology Report

Chest X-ray

Findings:
The chest X-ray shows a small amount of pleural effusion in the right lower lobe.","Radiology Report

Chest X-ray

Findings:
The chest X-ray shows a small amount of pleural effusion in the right lower lobe. 

Impression:
The presence of a small amount of pleural effusion in the right lower lobe may indicate an underlying issue, such as infection, inflammation, or other lung conditions. Further evaluation and clinical correlation are needed to determine the cause and significance of this finding."
322,322_IM-1521-1001.dcm.png,Frontal,Markings/lung/interstitial/chronic;Spine/degenerative,Markings;Spine,Frontal and Lateral view of the chest XXXX/XXXX at 418 hours.,Left flank pain history of COPD,None available.,The cardiomediastinal silhouette and vasculature are within normal limits for size and contour. Chronic appearing interstitial markings The lungs are normally inflated and clear. Degenerative changes of the spine.,1. No acute radiographic cardiopulmonary process.,/home/20213144/.cache/kagglehub/datasets/raddar/chest-xrays-indiana-university/versions/2/images/images_normalized/322_IM-1521-1001.dcm.png,"Radiology Report

Chest X-ray

Findings:
The chest X-ray shows a small amount of pleural effusion in the right lower lobe.","Radiology Report

Chest X-ray

Findings:
The chest X-ray shows a small amount of pleural effusion in the right lower lobe."
323,323_IM-1526-1001.dcm.png,Frontal,Calcinosis/lung/right;Granulomatous Disease;Thoracic Vertebrae/degenerative/mild;Density/lung/right,Calcinosis;Granulomatous Disease;Thoracic Vertebrae;Density,"CHEST 2V FRONTAL/LATERAL Sept 21, XXXX XXXX XXXX ",chest pain,"chest x-XXXX, 2 views PA and lateral from XXXX.","The trachea is midline. The cardiomediastinal silhouette is normal. Right lung calcified densities are unchanged from prior and indicate old granulomatous disease. Otherwise, the lungs are clear, without evidence of acute infiltrate or effusion. There is no pneumothorax. The visualized bony structures reveal no acute abnormalities. Lateral view reveals mild degenerative changes of the thoracic spine.",No acute cardiopulmonary abnormalities.,/home/20213144/.cache/kagglehub/datasets/raddar/chest-xrays-indiana-university/versions/2/images/images_normalized/323_IM-1526-1001.dcm.png,"Radiology Report

Chest X-ray

Findings:
The chest X-ray shows a small amount of pleural effusion in the right lower lobe.",Radiology Report
324,324_IM-1534-1001.dcm.png,Frontal,normal,normal,PA and lateral chest radiograph (2 views) (2 images) ,Chest pain,No comparisons are available,Lungs are clear bilaterally. Cardiac and mediastinal silhouettes are normal. Pulmonary vasculature is normal. No pneumothorax or pleural effusion. No acute bony abnormality.,No acute cardiopulmonary abnormality.,/home/20213144/.cache/kagglehub/datasets/raddar/chest-xrays-indiana-university/versions/2/images/images_normalized/324_IM-1534-1001.dcm.png,"Radiology Report

Chest X-ray

Findings:
The chest X-ray shows a small amount of pleural effusion in the right lower lobe.","Radiology Report

Chest X-ray

Findings:
The chest X-ray shows a small amount of pleural effusion in the right lower lobe. 

Impression:
The presence of a small amount of pleural effusion in the right lower lobe is an important finding. Pleural effusion is the accumulation of fluid in the pleural space, which is the area between the layers of tissue that line the lungs and the chest cavity. This can be caused by various conditions, such as infections, inflammation, heart failure, or malignancies. Further evaluation and clinical correlation are needed to determine the cause and significance of this finding."
325,325_IM-1539-1001.dcm.png,Frontal,normal,normal,"PA and lateral views of the chest XXXX, XXXX XXXX PM ",chest pain,,Lungs are clear. No pleural effusions or pneumothoraces. Heart and mediastinum of normal size and contour.,Clear lungs.,/home/20213144/.cache/kagglehub/datasets/raddar/chest-xrays-indiana-university/versions/2/images/images_normalized/325_IM-1539-1001.dcm.png,"Radiology Report

Chest X-ray

Findings:
The chest X-ray shows a small amount of pleural effusion in the right lower lobe of the lung. 

Impression:
The presence of a small amount of pleural effusion in the right lower lobe of the lung may indicate an underlying issue, such as infection, inflammation, or other lung conditions. Further evaluation and clinical correlation are needed to determine the cause and significance of this finding.","Radiology Report

Chest X-ray

Findings:
The chest X-ray shows a small amount of pleural effusion in the right lower lobe. 

Impression:
The presence of a small amount of pleural effusion in the right lower lobe is an important finding. Pleural effusion is the accumulation of fluid in the pleural space, which is the area between the layers of tissue that line the lungs and the chest cavity. This can be caused by various conditions, such as infections, inflammation, heart failure, or malignancies. Further evaluation and clinical correlation are needed to determine the cause and significance of this finding."
326,326_IM-1546-2002.dcm.png,Frontal,normal,normal,PA and lateral chest,XXXX-year-old female with XXXX for one XXXX,"XXXX, XXXX",The lungs are clear. Heart size and mediastinal contours are normal. No osseous abnormalities.,,/home/20213144/.cache/kagglehub/datasets/raddar/chest-xrays-indiana-university/versions/2/images/images_normalized/326_IM-1546-2002.dcm.png,"Findings: The chest X-ray shows an opacity in the right lower lobe of the lung.

Impression: The presence of an opacity in the right lower lobe may indicate an abnormality, such as an infection, inflammation, or a mass. Further evaluation and clinical correlation are needed to determine the cause and significance of this finding.","Findings: The chest X-ray shows bilateral hilar lymphadenopathy, which means there is enlargement of the lymph nodes in the region where the bronchi enter the lungs (the hilum)."
327,327_IM-1552-1001.dcm.png,Frontal,Cardiomegaly/mild;Surgical Instruments/mediastinum,Cardiomegaly;Surgical Instruments,Xray Chest PA and Lateral,"XXXX, XXXX pain, XXXX.","XXXX, XXXX.","There is stable, mild cardiomegaly with normal caliber pulmonary vasculature. There are grossly intact XXXX sternotomy XXXX and mediastinal surgical clips. There is no focal airspace disease, pneumothorax, or pleural effusion. There are no acute bony findings.",Stable chronic changes. No acute findings. .,/home/20213144/.cache/kagglehub/datasets/raddar/chest-xrays-indiana-university/versions/2/images/images_normalized/327_IM-1552-1001.dcm.png,"Radiology Report

Chest X-ray

Findings:
The chest X-ray shows a small amount of pleural effusion in the right lower lobe.","Findings: The chest X-ray shows cardiomegaly, which is an enlargement of the heart, and mild pulmonary congestion. These findings may indicate an underlying heart or lung condition that requires further evaluation and clinical correlation."
328,328_IM-1560-1001.dcm.png,Frontal,normal,normal,PA and Lateral Chest X-XXXX dated XXXX.,History of tobacco use.,None.,The heart size and pulmonary vascularity appear within normal limits. The lungs are free of focal airspace disease. No pleural effusion or pneumothorax is seen.,1. No evidence of active disease.,/home/20213144/.cache/kagglehub/datasets/raddar/chest-xrays-indiana-university/versions/2/images/images_normalized/328_IM-1560-1001.dcm.png,"Radiology Report

Chest X-ray

Findings:
The chest X-ray shows a small amount of pleural effusion in the right lower lobe of the lung. 

Impression:
The presence of a small amount of pleural effusion in the right lower lobe of the lung may indicate an underlying issue, such as an infection, inflammation, or other lung condition. Further evaluation and clinical correlation are needed to determine the cause and significance of this finding.","Findings: The chest X-ray shows cardiomegaly, which is an enlargement of the heart, and mild pulmonary congestion. These findings may indicate an underlying heart or lung condition that requires further evaluation and clinical correlation."
329,329_IM-1571-1004003.dcm.png,Frontal,Cardiac Shadow/enlarged/borderline;Calcinosis/mediastinum/lymph nodes;Markings/right/paratracheal/prominent;Emphysema;Spondylosis/mild,Cardiac Shadow;Calcinosis;Markings;Emphysema;Spondylosis,"Chest, 2 views, frontal and lateral","COPD, asthma, cancer","XXXX, XXXX",Stable borderline enlarged cardiac contour. Calcified mediastinal lymph XXXX. Prominent right paratracheal stripe. Emphysema. No active pulmonary disease. Mild spondylosis.,"Stable appearance of the chest, see above.",/home/20213144/.cache/kagglehub/datasets/raddar/chest-xrays-indiana-university/versions/2/images/images_normalized/329_IM-1571-1004003.dcm.png,Findings: The chest X-ray shows an interval decrease in the size of the left lower lobe infiltrate. This suggests that there has been some improvement in the lung condition over the course of the treatment.,Findings: The chest X-ray shows an interval decrease in the size of the left lower lobe infiltrate. This suggests that there has been some improvement in the lung condition over the course of the treatment.
330,330_IM-1577-0001-0002.dcm.png,Frontal,normal,normal,PA and Lateral Chest: XXXX at 01: 50 hours.,XXXX-year-old woman with hepatic encephalopathy and XXXX of abdomen.,None available.,"Heart size, mediastinal contour, and pulmonary vascularity are within normal limits. No focal consolidation, suspicious pulmonary opacity, large pleural effusion, or pneumothorax is identified. Visualized osseous structures appear intact.",No acute cardiopulmonary abnormality.,/home/20213144/.cache/kagglehub/datasets/raddar/chest-xrays-indiana-university/versions/2/images/images_normalized/330_IM-1577-0001-0002.dcm.png,"Findings: The chest X-ray shows cardiomegaly, which is an enlargement of the heart, and mild pulmonary congestion. These findings may indicate an underlying heart or lung condition that requires further evaluation and clinical correlation.","Findings: The chest X-ray shows cardiomegaly, which is an enlargement of the heart, and mild pulmonary congestion. These findings may indicate an underlying heart or lung condition that requires further evaluation and clinical correlation."
331,331_IM-1584-1001.dcm.png,Frontal,normal,normal,Chest x-XXXX XXXX and lateral on XXXX. ,XXXX-year-old male with shortness of breath.,Chest x-XXXX on XXXX,The heart size and mediastinal silhouette are within normal limits for contour. The lungs are clear. No pneumothorax or pleural effusions. The XXXX are intact.,No acute cardiopulmonary abnormalities.,/home/20213144/.cache/kagglehub/datasets/raddar/chest-xrays-indiana-university/versions/2/images/images_normalized/331_IM-1584-1001.dcm.png,Findings: The chest X-ray shows an elevated hemidiaphragm and an elevated right hemidiaphragm.,"Radiology Report

Chest X-ray

Findings:
The chest X-ray shows a small amount of pleural effusion in the right lower lobe."
332,332_IM-1588-1001.dcm.png,Frontal,Opacity/lung/lower lobe/left/streaky;Opacity/retrocardiac/streaky,Opacity;Opacity,Xray Chest PA and Lateral,"XXXX, XXXX x1 XXXX. Concern for left lower lobe pneumonia on physical exam.",None available.,"There are are streaky retrocardiac left lower lobe opacities, in the correct clinical setting this could represent a pneumonia. There is no pneumothorax or pleural effusion. The cardiac silhouette is within normal limits.","Streaky left retrocardiac airspace opacities, in the correct clinical setting this could represent a pneumonia.",/home/20213144/.cache/kagglehub/datasets/raddar/chest-xrays-indiana-university/versions/2/images/images_normalized/332_IM-1588-1001.dcm.png,"Radiology Report

Chest X-ray

Findings:
The chest X-ray shows a small amount of pleural effusion in the right lower lobe.","Radiology Report

Chest X-ray

Findings:
The chest X-ray shows a small amount of pleural effusion in the right lower lobe."
333,333_IM-1594-1001.dcm.png,Frontal,Lung/hyperdistention/mild,Lung,2 views Chest: XXXX,Productive XXXX,None.,The lungs and pleural spaces show no acute abnormality. Lungs are mildly hyperexpanded. Heart size and pulmonary vascularity within normal limits.,1. No acute pulmonary abnormality.,/home/20213144/.cache/kagglehub/datasets/raddar/chest-xrays-indiana-university/versions/2/images/images_normalized/333_IM-1594-1001.dcm.png,"Findings: The chest X-ray shows cardiomegaly, which is an enlargement of the heart, and mild pulmonary congestion. These findings may indicate an underlying heart or lung condition that requires further evaluation and clinical correlation.","Findings: The chest X-ray shows cardiomegaly, which is an enlargement of the heart, and mild pulmonary congestion. These findings may indicate an underlying heart or lung condition that requires further evaluation and clinical correlation."
334,334_IM-1600-1001.dcm.png,Frontal,Calcified Granuloma/lung/lingula/small;Pulmonary Atelectasis/middle lobe;Infiltrate/lung/middle lobe,Calcified Granuloma;Pulmonary Atelectasis;Infiltrate,"PA and lateral chest XXXX, XXXX at XXXX comparison XXXX XXXX and CT from the same time. ",History of dyspnea.,,,Heart size is normal. Left midlung small calcified granulomas unchanged. Persistent partial middle lobe atelectasis and infiltrate seen XXXX on the lateral,/home/20213144/.cache/kagglehub/datasets/raddar/chest-xrays-indiana-university/versions/2/images/images_normalized/334_IM-1600-1001.dcm.png,Findings: The chest X-ray shows an interval decrease in the size of the left lower lobe infiltrate. This suggests that there has been some improvement in the lung condition over the course of the treatment.,Findings: The chest X-ray shows an interval decrease in the size of the left lower lobe infiltrate. This suggests that there has been some improvement in the lung condition over the course of the treatment.
335,335_IM-1606-1001.dcm.png,Frontal,"Catheters, Indwelling/left","Catheters, Indwelling","CHEST (PA AND LATERAL) on XXXX, XXXX",Shortness of breath.,"AP and lateral view the chest on XXXX, XXXX.",A left-sided hemodialysis catheter is in XXXX with its distal tip at the right atrium. The cardiac silhouette and mediastinal contours are within normal limits. There is no focal opacity. There is no pneumothorax. No large pleural effusion.,Stable position of the left-sided hemodialysis catheter otherwise no acute cardiopulmonary disease.,/home/20213144/.cache/kagglehub/datasets/raddar/chest-xrays-indiana-university/versions/2/images/images_normalized/335_IM-1606-1001.dcm.png,"Radiology Report

Chest X-ray

Findings:
The chest X-ray shows a small amount of pleural effusion in the right lower lobe.","Radiology Report

Chest X-ray

Findings:
The chest X-ray shows a small amount of pleural effusion in the right lower lobe of the lung. 

Impression:
The presence of a small amount of pleural effusion in the right lower lobe of the lung may indicate an underlying issue, such as infection, inflammation, or other lung conditions. Further evaluation and clinical correlation are needed to determine the cause and significance of this finding."
336,336_IM-1613-1001.dcm.png,Frontal,normal,normal,"Chest radiograph examination 2 views performed XXXX, XXXX at XXXX. ",XXXX-year-old female with nightsweats and XXXX.,Comparison is XXXX to chest radiograph examination dated XXXX.,The cardiomediastinal silhouette is within normal limits for appearance. No focal areas of pulmonary consolidation. No pneumothorax. No pleural effusion. The thoracic spine appears intact.,1. No acute cardiopulmonary process.,/home/20213144/.cache/kagglehub/datasets/raddar/chest-xrays-indiana-university/versions/2/images/images_normalized/336_IM-1613-1001.dcm.png,"Radiology Report

Chest X-ray

Findings:
The chest X-ray shows a small amount of pleural effusion in the right lower lobe of the lung. 

Impression:
The presence of a small amount of pleural effusion in the right lower lobe of the lung may indicate an underlying issue, such as infection, inflammation, or other lung conditions. Further evaluation and clinical correlation are needed to determine the cause and significance of this finding.","Radiology Report

Chest X-ray

Findings:
The chest X-ray shows a small amount of pleural effusion in the right lower lobe. 

Impression:
The presence of a small amount of pleural effusion in the right lower lobe is an important finding. Pleural effusion is the accumulation of fluid in the pleural space, which is the area between the layers of tissue that line the lungs and the chest cavity. This can be caused by various conditions, such as infections, inflammation, heart failure, or malignancies. Further evaluation and clinical correlation are needed to determine the cause and significance of this finding."
337,337_IM-1622-1001.dcm.png,Frontal,Opacity/sulcus/posterior/mild;Markings/sulcus/left;Granuloma/lung;Aorta/tortuous;Calcinosis/aorta;Osteophyte/thoracic vertebrae/multiple/small,Opacity;Markings;Granuloma;Aorta;Calcinosis;Osteophyte,Xray Chest PA and Lateral,left-sided chest pain under left breast. Three days.,XXXX,"Minimal XXXX opacities at the posterior sulci. A few septal lines of the left lateral sulcus. Otherwise, The lungs are clear with granulomas and XXXX sulci. Heart size upper normal thin LV contour.Unfolded calcified aorta. T-spine small osteophytes.",No pneumothorax. Similar appearance.,/home/20213144/.cache/kagglehub/datasets/raddar/chest-xrays-indiana-university/versions/2/images/images_normalized/337_IM-1622-1001.dcm.png,"Radiology Report

Chest X-ray

Findings:
The chest X-ray shows a small amount of pleural effusion in the right lower lobe.","Radiology Report

Chest X-ray

Findings:
The chest X-ray shows a small amount of pleural effusion in the right lower lobe."
338,338_IM-1628-1001.dcm.png,Frontal,normal,normal,PA and lateral chest radiographs dated XXXX at XXXX hours.,XXXX-year-old with hemoptysis.,None.,"The heart, pulmonary XXXX and mediastinum are within normal limits. There is no pleural effusion or pneumothorax. There is no focal air space opacity to suggest a pneumonia. The patient was shielded.",No acute cardiopulmonary disease.,/home/20213144/.cache/kagglehub/datasets/raddar/chest-xrays-indiana-university/versions/2/images/images_normalized/338_IM-1628-1001.dcm.png,"Findings: The chest X-ray shows cardiomegaly, which is an enlargement of the heart, and mild pulmonary congestion. These findings may indicate an underlying heart or lung condition that requires further evaluation and clinical correlation.","Findings: The chest X-ray shows cardiomegaly, which is an enlargement of the heart, and mild pulmonary congestion. These findings may indicate an underlying heart or lung condition that requires further evaluation and clinical correlation."
339,339_IM-1635-1001.dcm.png,Frontal,normal,normal,Xray Chest PA and Lateral,CLL XXXX UP;,,,"Comparison XXXX, XXXX Well-expanded and clear lungs. Mediastinal contour within normal limits. No acute cardiopulmonary abnormality identified. Stable chest.",/home/20213144/.cache/kagglehub/datasets/raddar/chest-xrays-indiana-university/versions/2/images/images_normalized/339_IM-1635-1001.dcm.png,"Radiology Report

Chest X-ray

Findings:
The chest X-ray shows a small amount of pleural effusion in the right lower lobe.","Findings: The chest X-ray shows an opacity in the right lower lobe of the lung.

Impression: The presence of an opacity in the right lower lobe may indicate an abnormality, such as an infection, inflammation, or a mass. Further evaluation and clinical correlation are needed to determine the cause and significance of this finding."
340,340_IM-1644-4004.dcm.png,Frontal,Cardiomegaly/moderate;Diaphragmatic Eventration;Density/heart,Cardiomegaly;Diaphragmatic Eventration;Density,Xray Chest PA and Lateral,"XXXX-year-old female, left arm pain and nausea",,"Heart size moderately enlarged, stable mediastinal contours. Lateral view curvilinear densities over the heart suggestive of coronary artery stents. Diaphragm eventration. No focal alveolar consolidation, no definite pleural effusion seen. No typical findings of pulmonary edema.","Cardiomegaly, no acute pulmonary findings",/home/20213144/.cache/kagglehub/datasets/raddar/chest-xrays-indiana-university/versions/2/images/images_normalized/340_IM-1644-4004.dcm.png,"Findings: The chest X-ray shows cardiomegaly, which is an enlargement of the heart, and mild pulmonary congestion. These findings may indicate an underlying heart or lung condition that requires further evaluation and clinical correlation.","Findings: The chest X-ray shows cardiomegaly, which is an enlargement of the heart, and mild pulmonary congestion. These findings may indicate an underlying heart or lung condition that requires further evaluation and clinical correlation."
341,341_IM-1648-1001.dcm.png,Frontal,normal,normal,CHEST 2V FRONTAL/LATERAL ; Three-view right foot.,"hx of smoking, not feeling well ; right foot XXXX.",,"Two-view chest. Both lungs are clear and expanded. Heart and mediastinum normal. Right foot. Hindfoot, midfoot, forefoot XXXX are intact with no fractures or bone destruction.",1. Chest. No active disease. 2. Right foot. Negative.,/home/20213144/.cache/kagglehub/datasets/raddar/chest-xrays-indiana-university/versions/2/images/images_normalized/341_IM-1648-1001.dcm.png,"Findings: The chest X-ray shows an opacity in the right lower lobe of the lung.

Impression: The presence of an opacity in the right lower lobe may indicate an abnormality, such as an infection, inflammation, or a mass. Further evaluation and clinical correlation are needed to determine the cause and significance of this finding.","Findings: The chest X-ray shows a right basal opacity. This means that there is an area of increased density in the lower part of the right lung, which could be due to various reasons such as infection, inflammation, or a mass."
342,342_IM-1655-0001-0001.dcm.png,Frontal,"Cardiomegaly/mild;Calcified Granuloma/lung/upper lobe/left;Aorta, Thoracic/tortuous/mild","Cardiomegaly;Calcified Granuloma;Aorta, Thoracic",2 views Chest: XXXX,Preoperative renal transplant.,Chest x-XXXX of XXXX.,"The lungs and pleural spaces show no acute abnormality. Stable left upper lobe calcified granuloma. Heart size is mildly enlarged, pulmonary vascularity within normal limits. Mild tortuosity of the descending thoracic aorta.",1. No acute pulmonary findings. 2. Mild cardiomegaly.,/home/20213144/.cache/kagglehub/datasets/raddar/chest-xrays-indiana-university/versions/2/images/images_normalized/342_IM-1655-0001-0001.dcm.png,"Radiology Report

Chest X-ray

Findings:
The chest X-ray shows a small amount of pleural effusion in the right lower lobe. 

Impression:
The presence of a small amount of pleural effusion in the right lower lobe is an important finding. Pleural effusion is the accumulation of fluid in the pleural space, which is the area between the layers of tissue that line the lungs and the chest cavity. This can be caused by various conditions, such as infections, inflammation, heart failure, or malignancies. Further evaluation and clinical correlation are needed to determine the cause and significance of this finding.","Findings: The chest X-ray shows cardiomegaly, which is an enlargement of the heart, and mild pulmonary congestion. These findings may indicate an underlying heart or lung condition that requires further evaluation and clinical correlation."
343,343_IM-1658-1001.dcm.png,Frontal,"Consolidation/lung;Bone Diseases, Metabolic;Airspace Disease/lung;Pulmonary Congestion/mild","Consolidation;Bone Diseases, Metabolic;Airspace Disease;Pulmonary Congestion","PA and LAT view CHEST XXXX, XXXX XXXX PM",Pain,None.,"Heart size and mediastinal contour are normal. Pulmonary vascularity is normal. is not diffuse interstitial prominence, which has chronic appearance. Cannot exclude early pulmonary edema. Two airspace consolidation or effusion. XXXX are osteopenic. No visible pneumothorax.","Mild interstitial prominence, XXXX chronic though could reflect early pulmonary edema.",/home/20213144/.cache/kagglehub/datasets/raddar/chest-xrays-indiana-university/versions/2/images/images_normalized/343_IM-1658-1001.dcm.png,"Radiology Report

Chest X-ray

Findings:
The chest X-ray shows a small amount of pleural effusion in the right lower lobe of the lung. 

Impression:
The presence of a small amount of pleural effusion in the right lower lobe of the lung may indicate an underlying issue, such as infection, inflammation, or other lung conditions. Further evaluation and clinical correlation are needed to determine the cause and significance of this finding.","Radiology Report

Chest X-ray

Findings:
The chest X-ray shows a small amount of pleural effusion in the right lower lobe of the lung. 

Impression:
The presence of a small amount of pleural effusion in the right lower lobe of the lung may indicate an underlying issue, such as infection, inflammation, or other lung conditions. Further evaluation and clinical correlation are needed to determine the cause and significance of this finding."
344,344_IM-1664-1001.dcm.png,Frontal,normal,normal,"PA and lateral chest x-XXXX dated XXXX, XXXX at XXXX a.m.. ",XXXX-year-old male with chest pain.,None.,"The lungs are clear bilaterally. Specifically, no evidence of focal consolidation, pneumothorax, or pleural effusion.. Cardio mediastinal silhouette is unremarkable. Visualized osseous structures of the thorax are without acute abnormality.",No acute cardiopulmonary abnormality..,/home/20213144/.cache/kagglehub/datasets/raddar/chest-xrays-indiana-university/versions/2/images/images_normalized/344_IM-1664-1001.dcm.png,"Radiology Report

Chest X-ray

Findings:
The chest X-ray shows a small amount of pleural effusion in the right lower lobe of the lung. 

Impression:
The presence of a small amount of pleural effusion in the right lower lobe of the lung may indicate an underlying issue, such as infection, inflammation, or other lung conditions. Further evaluation and clinical correlation are needed to determine the cause and significance of this finding.","Findings: The chest X-ray shows cardiomegaly, which is an enlargement of the heart, and mild pulmonary congestion. These findings may indicate an underlying heart or lung condition that requires further evaluation and clinical correlation."
345,345_IM-1672-1001.dcm.png,Frontal,normal,normal,"Chest, 2 views, XXXX XXXX ComparisXXXX/XXXX ",Costochondral chest pain,,Cardiomediastinal silhouette and pulmonary vasculature are within normal limits. Lungs are clear. No pneumothorax or pleural effusion. No acute osseous findings. XXXX degenerative changes of the thoracic spine.,No acute cardiopulmonary findings.,/home/20213144/.cache/kagglehub/datasets/raddar/chest-xrays-indiana-university/versions/2/images/images_normalized/345_IM-1672-1001.dcm.png,"Radiology Report

Chest X-ray

Findings:
The chest X-ray shows a small amount of pleural effusion in the right lower lobe.","Radiology Report

Chest X-ray

Findings:
The chest X-ray shows a small amount of pleural effusion in the right lower lobe. 

Impression:
The presence of a small amount of pleural effusion in the right lower lobe is an important finding. Pleural effusion is the accumulation of fluid in the pleural space, which is the area between the layers of tissue that line the lungs and the chest cavity. This can be caused by various conditions, such as infections, inflammation, heart failure, or malignancies. Further evaluation and clinical correlation are needed to determine the cause and significance of this finding."
346,346_IM-1680-12012.dcm.png,Frontal,normal,normal,Xray Chest PA and Lateral,The patient states that she tried XXXX XXXX and XXXX a XXXX reaction. The patient's lower abdomen was shielded for this exam.,None.,Frontal (on two cassettes) and lateral views of the chest with overlying external cardiac monitor leads show an unchanged cardiomediastinal silhouette. No XXXX focal airspace consolidation or pleural effusion.,"No acute or active cardiac, pulmonary or pleural disease.",/home/20213144/.cache/kagglehub/datasets/raddar/chest-xrays-indiana-university/versions/2/images/images_normalized/346_IM-1680-12012.dcm.png,"Radiology Report

Chest X-ray

Findings:
The chest X-ray shows a small amount of pleural effusion in the right lower lobe.","Radiology Report

Chest X-ray

Findings:
The chest X-ray shows a small amount of pleural effusion in the right lower lobe."
347,347_IM-1686-1001.dcm.png,Frontal,Thoracic Vertebrae/degenerative/mild;Granulomatous Disease/chronic,Thoracic Vertebrae;Granulomatous Disease,"Chest, 2 XXXX and Lateral ",XXXX-year-old female with a XXXX.,"XXXX, XXXX at XXXX","Cardiac And Mediastinal Contours Are Unremarkable. Pulmonary vascularity is within normal limits. No focal air space opacities, pleural effusion, or pneumothorax. XXXX are grossly unremarkable. There are some minimal degenerative changes of the thoracic spine. Evidence of chronic granulomatous disease.",1. Clear lungs.,/home/20213144/.cache/kagglehub/datasets/raddar/chest-xrays-indiana-university/versions/2/images/images_normalized/347_IM-1686-1001.dcm.png,"Radiology Report

Chest X-ray

Findings:
The chest X-ray shows a small amount of pleural effusion in the right lower lobe.","Radiology Report

Chest X-ray

Findings:
The chest X-ray shows a mass in the left hemithorax.

Impression:
The presence of a mass in the left hemithorax may indicate an abnormal growth or lesion in that area. Further evaluation, such as a CT scan or biopsy, may be needed to determine the nature and cause of the mass. It is important to consult a healthcare professional for a thorough assessment and appropriate diagnosis."
348,348_IM-1690-1001.dcm.png,Frontal,normal,normal,"PA and LAT view CHEST XXXX, XXXX XXXX PM",Preop neck surgery,None.,Heart size and mediastinal contour normal. Lungs are clear. Pulmonary vascularity normal. No pleural effusions or pneumothoraces. Minimal degenerative changes thoracic spine.,No acute cardiopulmonary process.,/home/20213144/.cache/kagglehub/datasets/raddar/chest-xrays-indiana-university/versions/2/images/images_normalized/348_IM-1690-1001.dcm.png,"Findings: The chest X-ray shows cardiomegaly, which is an enlargement of the heart, and mild pulmonary congestion. These findings may indicate an underlying heart or lung condition that requires further evaluation and clinical correlation.","Findings: The chest X-ray shows cardiomegaly, which is an enlargement of the heart, and mild pulmonary congestion. These findings may indicate an underlying heart or lung condition that requires further evaluation and clinical correlation."
349,349_IM-1697-1001.dcm.png,Frontal,Cardiomegaly;Aorta/tortuous,Cardiomegaly;Aorta,"CHEST 2V FRONTAL/LATERAL XXXX, XXXX XXXX XXXX ",chest pain,,The heart size is enlarged. The aorta is tortuous. The pulmonary vasculature appears normal. Lungs are otherwise clear bilaterally. No pleural effusions or pneumothorax. No bony abnormalities.,1. Cardiomegaly,/home/20213144/.cache/kagglehub/datasets/raddar/chest-xrays-indiana-university/versions/2/images/images_normalized/349_IM-1697-1001.dcm.png,"Findings: The chest X-ray shows cardiomegaly, which is an enlargement of the heart, and mild pulmonary congestion. These findings may indicate an underlying heart or lung condition that requires further evaluation and clinical correlation.","Findings: The chest X-ray shows cardiomegaly, which is an enlargement of the heart, and mild pulmonary congestion. These findings may indicate an underlying heart or lung condition that requires further evaluation and clinical correlation."
350,350_IM-1705-0001-0001.dcm.png,Frontal,"Opacity/lung/base/left/patchy;Hernia, Hiatal/small","Opacity;Hernia, Hiatal",Xray Chest PA and Lateral,"XXXX and XXXX, history of breast cancer",none,Normal cardiomediastinal contours. No pneumothorax or large pleural effusions. Left basilar patchy opacities. Small hiatal hernia.,"Left basilar patchy opacities, which may represent atelectasis or infection. .",/home/20213144/.cache/kagglehub/datasets/raddar/chest-xrays-indiana-university/versions/2/images/images_normalized/350_IM-1705-0001-0001.dcm.png,"Radiology Report

Chest X-ray

Findings:
The chest X-ray shows a small amount of pleural effusion in the right lower lobe.","Radiology Report

Chest X-ray

Findings:
The chest X-ray shows a small amount of pleural effusion in the right lower lobe."
351,351_IM-1712-1001.dcm.png,Frontal,"Lung/hyperdistention;Cicatrix/lung/lower lobe/bilateral/mild;Aorta, Thoracic/tortuous/mild","Lung;Cicatrix;Aorta, Thoracic",2 views Chest: XXXX,XXXX,Chest x-XXXX XXXX,The lungs and pleural spaces show no acute abnormality. Lungs are hyperexpanded. Minimal XXXX scarring in both lower lobes. Heart size and pulmonary vascularity within normal limits. Stable mild tortuosity of the descending thoracic aorta.,1. No acute pulmonary abnormality.,/home/20213144/.cache/kagglehub/datasets/raddar/chest-xrays-indiana-university/versions/2/images/images_normalized/351_IM-1712-1001.dcm.png,"Findings: The chest X-ray shows cardiomegaly, which is an enlargement of the heart, and mild pulmonary congestion. These findings may indicate an underlying heart or lung condition that requires further evaluation and clinical correlation.","Findings: The chest X-ray shows cardiomegaly, which is an enlargement of the heart, and mild pulmonary congestion. These findings may indicate an underlying heart or lung condition that requires further evaluation and clinical correlation."
352,352_IM-1718-1001.dcm.png,Frontal,Thoracic Vertebrae/degenerative/mild,Thoracic Vertebrae,Xray Chest PA and Lateral,XXXX year old male with XXXX.,None available.,The cardiomediastinal silhouette is within normal limits for appearance. The trachea is midline. No focal pulmonary consolidation. No pneumothorax. No pleural effusion. Minimal degenerative changes of the thoracic spine.,1. No acute cardiopulmonary process. .,/home/20213144/.cache/kagglehub/datasets/raddar/chest-xrays-indiana-university/versions/2/images/images_normalized/352_IM-1718-1001.dcm.png,Findings: The chest X-ray shows an interval decrease in the size of the left lower lobe infiltrate. This suggests that there has been some improvement in the lung condition over the course of the treatment.,Findings: The chest X-ray shows an interval decrease in the size of the left lower lobe infiltrate. This suggests that there has been some improvement in the lung condition over the course of the treatment.
353,353_IM-1726-1001.dcm.png,Frontal,Pulmonary Edema/bilateral/interstitial/mild;Pleural Effusion/right/small;Calcinosis/mediastinum/lymph nodes,Pulmonary Edema;Pleural Effusion;Calcinosis,Xray Chest PA and Lateral,Increased O2 requirement,,XXXX XXXX and lateral chest examination was obtained. There is improvement in bilateral pulmonary edema with mild residual. There is minimal right-sided pleural effusion. Heart silhouette is not enlarged. There is calcified mediastinal lymph XXXX. There is no pneumothorax,1. Improving bilateral interstitial edema pattern. 2. Small right-sided pleural effusion.,/home/20213144/.cache/kagglehub/datasets/raddar/chest-xrays-indiana-university/versions/2/images/images_normalized/353_IM-1726-1001.dcm.png,"Radiology Report

Chest X-ray

Findings:
The chest X-ray shows a small amount of pleural effusion in the right lower lobe of the lung. 

Impression:
The presence of a small amount of pleural effusion in the right lower lobe of the lung may indicate an underlying issue, such as infection, inflammation, or other lung conditions. Further evaluation and clinical correlation are needed to determine the cause and significance of this finding.",Findings: The chest X-ray shows an interval decrease in the size of the left lower lobe infiltrate. This suggests that there has been some improvement in the lung condition over the course of the treatment.
354,354_IM-1731-1001.dcm.png,Frontal,normal,normal,Xray Chest PA and Lateral,"XXXX, DYSPNEA",,The heart is normal in size. The mediastinum is stable. The lungs are clear.,No acute disease.,/home/20213144/.cache/kagglehub/datasets/raddar/chest-xrays-indiana-university/versions/2/images/images_normalized/354_IM-1731-1001.dcm.png,"Findings: The chest X-ray shows cardiomegaly, which is an enlargement of the heart, and mild pulmonary congestion. These findings may indicate an underlying heart or lung condition that requires further evaluation and clinical correlation.","Findings: The chest X-ray shows cardiomegaly, which is an enlargement of the heart, and mild pulmonary congestion. These findings may indicate an underlying heart or lung condition that requires further evaluation and clinical correlation."
355,355_IM-1739-1001.dcm.png,Frontal,"Lung/hypoinflation;Markings/lung/bilateral/interstitial/prominent;Blister/lung/upper lobe/bilateral;Lung Diseases, Interstitial/chronic","Lung;Markings;Blister;Lung Diseases, Interstitial"," CHEST 2V FRONTAL/LATERAL XXXX, XXXX XXXX XXXX ",rib pain,"XXXX, XXXX.","Lung volumes are low. Prominent increased interstitial markings in both lungs are unchanged in the interval. Bullae are present both upper lobes, right worse than left. No pleural air collections. Heart size normal.",Chronic interstitial and bullous disease. No acute findings.,/home/20213144/.cache/kagglehub/datasets/raddar/chest-xrays-indiana-university/versions/2/images/images_normalized/355_IM-1739-1001.dcm.png,"Radiology Report

Chest X-ray

Findings:
The chest X-ray shows a small amount of pleural effusion in the right lower lobe of the lung. 

Impression:
The presence of a small amount of pleural effusion in the right lower lobe of the lung may indicate an underlying issue, such as infection, inflammation, or other lung conditions. Further evaluation and clinical correlation are needed to determine the cause and significance of this finding.","Radiology Report

Chest X-ray

Findings:
The chest X-ray shows a small amount of pleural effusion in the right lower lobe of the lung. 

Impression:
The presence of a small amount of pleural effusion in the right lower lobe of the lung may indicate an underlying issue, such as infection, inflammation, or other lung conditions. Further evaluation and clinical correlation are needed to determine the cause and significance of this finding."
356,356_IM-1744-1001.dcm.png,Frontal,normal,normal,PA and lateral chest x-XXXX XXXX at XXXX hours. ,XXXX-year-old XXXX with history of pneumonia.,Chest CT on XXXX.,"The cardiomediastinal silhouette is within normal limits for size and contour. The lungs are normally inflated without evidence of focal airspace disease, pleural effusion, or pneumothorax. Osseous structures are within normal limits for patient age..",1. No acute radiographic cardiopulmonary process.,/home/20213144/.cache/kagglehub/datasets/raddar/chest-xrays-indiana-university/versions/2/images/images_normalized/356_IM-1744-1001.dcm.png,"Findings: The chest X-ray shows cardiomegaly, which is an enlargement of the heart, and mild pulmonary congestion. These findings may indicate an underlying heart or lung condition that requires further evaluation and clinical correlation.","Findings: The chest X-ray shows cardiomegaly, which is an enlargement of the heart, and mild pulmonary congestion. These findings may indicate an underlying heart or lung condition that requires further evaluation and clinical correlation."
357,357_IM-1753-1001.dcm.png,Frontal,Heart/right/obscured;Opacity/lung/base/right/streaky,Heart;Opacity,PA and lateral chest radiograph on XXXX at 01: 28 hours. ,XXXX-year-old woman with shortness of breath.,None available.,"Cardiac size, mediastinal contour, and pulmonary vascularity are within normal limits. The right heart XXXX appears obscured and there are streaky right medial basilar airspace opacities, possibly due to airspace disease or atelectasis. Otherwise, no focal consolidation, pleural effusion, or pneumothorax. The visualized osseous structures appear intact.","Obscured right heart XXXX with streaky right medial basilar airspace opacities, possibly due to airspace disease versus atelectasis. Otherwise, no acute cardiopulmonary abnormalities.",/home/20213144/.cache/kagglehub/datasets/raddar/chest-xrays-indiana-university/versions/2/images/images_normalized/357_IM-1753-1001.dcm.png,"Findings: The chest X-ray shows cardiomegaly, which is an enlargement of the heart, and mild pulmonary congestion. These findings may indicate an underlying heart or lung condition that requires further evaluation and clinical correlation.","Findings: The chest X-ray shows cardiomegaly, which is an enlargement of the heart, and mild pulmonary congestion. These findings may indicate an underlying heart or lung condition that requires further evaluation and clinical correlation."
358,358_IM-1759-1001.dcm.png,Frontal,normal,normal,PA and lateral chest radiograph (2 views) (2 images) ,XXXX,,Lungs are clear bilaterally. Cardiac and mediastinal silhouettes are normal. Pulmonary vasculature is normal. No pneumothorax or pleural effusion. Limbus vertebra noted within the partial visualized lumbar vertebral body.,No acute cardiopulmonary disease.,/home/20213144/.cache/kagglehub/datasets/raddar/chest-xrays-indiana-university/versions/2/images/images_normalized/358_IM-1759-1001.dcm.png,"Findings: The chest X-ray shows cardiomegaly, which is an enlargement of the heart, and mild pulmonary congestion. These findings may indicate an underlying heart or lung condition that requires further evaluation and clinical correlation.","Findings: The chest X-ray shows cardiomegaly, which is an enlargement of the heart, and mild pulmonary congestion. These findings may indicate an underlying heart or lung condition that requires further evaluation and clinical correlation."
359,359_IM-1768-1001.dcm.png,Frontal,normal,normal,"PA and lateral chest, XXXX, XXXX XXXX PM ",XXXX-year-old female with shortness of breath.,Portable chest x-XXXX dated XXXX.,Heart size is upper limits of normal. The mediastinal contour is within normal limits. The lungs are free of any focal infiltrates. There are no nodules or masses. No visible pneumothorax. No visible pleural fluid. The XXXX are grossly normal. There is no visible free intraperitoneal air under the diaphragm.,1. No acute radiographic cardiopulmonary process.,/home/20213144/.cache/kagglehub/datasets/raddar/chest-xrays-indiana-university/versions/2/images/images_normalized/359_IM-1768-1001.dcm.png,"Findings: The chest X-ray shows cardiomegaly, which is an enlargement of the heart, and mild pulmonary congestion. These findings may indicate an underlying heart or lung condition that requires further evaluation and clinical correlation.","Findings: The chest X-ray shows cardiomegaly, which is an enlargement of the heart, and mild pulmonary congestion. These findings may indicate an underlying heart or lung condition that requires further evaluation and clinical correlation."
360,360_IM-1776-1001.dcm.png,Frontal,normal,normal,"History of cancer. Evaluate for metastatic disease Examination PA and lateral chest XXXX, XXXX at XXXX no comparison",,,,"Heart size is normal. Lungs are clear. No effusion, nodules, adenopathy, or masses.",/home/20213144/.cache/kagglehub/datasets/raddar/chest-xrays-indiana-university/versions/2/images/images_normalized/360_IM-1776-1001.dcm.png,"Radiology Report

Chest X-ray

Findings:
The chest X-ray shows a small amount of pleural effusion in the right lower lobe.","Radiology Report

Chest X-ray

Findings:
The chest X-ray shows a small amount of pleural effusion in the right lower lobe."
361,361_IM-1783-1001.dcm.png,Frontal,normal,normal," Two-view chest. XXXX hours XXXX, XXXX compared to XXXX, XXXX. XXXX change. ",Productive XXXX.,,Lungs remain clear and expanded. Heart and mediastinum normal.,No active disease.,/home/20213144/.cache/kagglehub/datasets/raddar/chest-xrays-indiana-university/versions/2/images/images_normalized/361_IM-1783-1001.dcm.png,Findings: The chest X-ray shows an interval decrease in the size of the left lower lobe infiltrate. This suggests that there has been some improvement in the lung condition over the course of the treatment.,Findings: The chest X-ray shows an elevated hemidiaphragm and an elevated right hemidiaphragm.
362,362_IM-1791-1001.dcm.png,Frontal,normal,normal, PA and lateral chest,chest.,,,Heart size is normal and lungs are clear. Right aortic XXXX with probable aberrant left subclavian artery. This is a normal variant seen in one of 200 patients. No evidence of tuberculosis,/home/20213144/.cache/kagglehub/datasets/raddar/chest-xrays-indiana-university/versions/2/images/images_normalized/362_IM-1791-1001.dcm.png,"Findings: The chest X-ray shows cardiomegaly, which is an enlargement of the heart, and mild pulmonary congestion. These findings may indicate an underlying heart or lung condition that requires further evaluation and clinical correlation.","Findings: The chest X-ray shows an enlarged cardiac silhouette, which indicates that the heart appears larger than normal."
363,363_IM-1798-4004.dcm.png,Frontal,normal,normal,"Chest x-XXXX, 2 views, XXXX, XXXX XXXX PM",XXXX distress,none,Normal cardiomediastinal contours. No focal consolidation or pleural effusions. No pneumothorax.,No acute cardiopulmonary abnormalities.,/home/20213144/.cache/kagglehub/datasets/raddar/chest-xrays-indiana-university/versions/2/images/images_normalized/363_IM-1798-4004.dcm.png,"Radiology Report

Chest X-ray

Findings:
The chest X-ray shows a small amount of pleural effusion in the right lower lobe.","Radiology Report

Chest X-ray

Findings:
The chest X-ray shows a small amount of pleural effusion in the right lower lobe."
364,364_IM-1804-1001.dcm.png,Frontal,normal,normal,"PA and lateral views of the chest dated XXXX, XXXX.",Chest pain.,None.,"The cardiomediastinal silhouette and pulmonary vasculature are within normal limits in size. The lungs are clear of focal airspace disease, pneumothorax, or pleural effusion. There are no acute bony findings.",No acute cardiopulmonary findings.,/home/20213144/.cache/kagglehub/datasets/raddar/chest-xrays-indiana-university/versions/2/images/images_normalized/364_IM-1804-1001.dcm.png,"Radiology Report

Chest X-ray

Findings:
The chest X-ray shows a small amount of pleural effusion in the right lower lobe of the lung. 

Impression:
The presence of a small amount of pleural effusion in the right lower lobe of the lung may indicate an underlying issue, such as infection, inflammation, or other lung conditions. Further evaluation and clinical correlation are needed to determine the cause and significance of this finding.","Radiology Report

Chest X-ray

Findings:
The chest X-ray shows a small amount of pleural effusion in the right lower lobe of the lung. 

Impression:
The presence of a small amount of pleural effusion in the right lower lobe of the lung may indicate an underlying issue, such as infection, inflammation, or other lung conditions. Further evaluation and clinical correlation are needed to determine the cause and significance of this finding."
365,365_IM-1812-1001.dcm.png,Frontal,normal,normal,CHEST- PA AND LATERAL ,Chest pain after XXXX,,The lungs are clear. The cardiomediastinal silhouette is within normal limits. No pleural effusion is identified.,No evidence of thoracic injury.,/home/20213144/.cache/kagglehub/datasets/raddar/chest-xrays-indiana-university/versions/2/images/images_normalized/365_IM-1812-1001.dcm.png,"Findings: The chest X-ray shows cardiomegaly, which is an enlargement of the heart, and mild pulmonary congestion. These findings may indicate an underlying heart or lung condition that requires further evaluation and clinical correlation.","Findings: The chest X-ray shows cardiomegaly, which is an enlargement of the heart, and mild pulmonary congestion. These findings may indicate an underlying heart or lung condition that requires further evaluation and clinical correlation."
366,366_IM-1820-1001.dcm.png,Frontal,normal,normal,CHEST 2V FRONTAL/LATERAL ,Chest pain,11/7/ XXXX,The heart is normal in size. The mediastinum is unremarkable. The lungs are clear.,No acute disease.,/home/20213144/.cache/kagglehub/datasets/raddar/chest-xrays-indiana-university/versions/2/images/images_normalized/366_IM-1820-1001.dcm.png,"Findings: The chest X-ray shows cardiomegaly, which is an enlargement of the heart, and mild pulmonary congestion. These findings may indicate an underlying heart or lung condition that requires further evaluation and clinical correlation.",Radiology Report
367,367_IM-1826-1001.dcm.png,Frontal,normal,normal,"Chest x-XXXX and Lateral views, dated XXXX, XXXX XXXX PM ",XXXX-year-old XXXX with dyspnea,,The lungs are clear. No focal airspace consolidation. No pleural effusion or pneumothorax. Heart size is within normal limits.,Clear lungs.,/home/20213144/.cache/kagglehub/datasets/raddar/chest-xrays-indiana-university/versions/2/images/images_normalized/367_IM-1826-1001.dcm.png,"Findings: The chest X-ray shows cardiomegaly, which is an enlargement of the heart, and mild pulmonary congestion. These findings may indicate an underlying heart or lung condition that requires further evaluation and clinical correlation.","Findings: The chest X-ray shows cardiomegaly, which is an enlargement of the heart, and mild pulmonary congestion. These findings may indicate an underlying heart or lung condition that requires further evaluation and clinical correlation."
368,368_IM-1832-1001.dcm.png,Frontal,normal,normal,"Chest, 2 views, XXXX XXXX","XXXX, sore throat, headache",,Cardiomediastinal silhouette and pulmonary vasculature are within normal limits. Lungs are clear. No pneumothorax or pleural effusion. No acute osseous findings.,No acute cardiopulmonary findings.,/home/20213144/.cache/kagglehub/datasets/raddar/chest-xrays-indiana-university/versions/2/images/images_normalized/368_IM-1832-1001.dcm.png,"Radiology Report

Chest X-ray

Findings:
The chest X-ray shows a small amount of pleural effusion in the right lower lobe.","Radiology Report

Chest X-ray

Findings:
The chest X-ray shows a small amount of pleural effusion in the right lower lobe."
370,370_IM-1848-1001.dcm.png,Frontal,normal,normal,PA and lateral chest radiographs. XXXX/XXXX at XXXX hours. ,XXXX-year-old female with shortness of breath.,None.,"Heart size and cardiomediastinal contours are normal. Lungs are clear without focal airspace opacity, pleural effusion, or pneumothorax. Osseous structures are grossly intact.",Negative for acute cardiopulmonary findings.,/home/20213144/.cache/kagglehub/datasets/raddar/chest-xrays-indiana-university/versions/2/images/images_normalized/370_IM-1848-1001.dcm.png,"Findings: The chest X-ray shows cardiomegaly, which is an enlargement of the heart, and mild pulmonary congestion. These findings may indicate an underlying heart or lung condition that requires further evaluation and clinical correlation.","Findings: The chest X-ray shows cardiomegaly, which is an enlargement of the heart, and mild pulmonary congestion. These findings may indicate an underlying heart or lung condition that requires further evaluation and clinical correlation."
371,371_IM-1852-1001.dcm.png,Frontal,"Lung/hyperdistention;Calcinosis/mediastinum/anterior;Calcinosis/lymph nodes;Arthritis/spine;Granulomatous Disease;Pulmonary Disease, Chronic Obstructive","Lung;Calcinosis;Calcinosis;Arthritis;Granulomatous Disease;Pulmonary Disease, Chronic Obstructive","Exam PA and lateral chest XXXX, XXXX at XXXX hours.",Preop knee revision.,"XXXX, XXXX.",The lungs are clear. There is hyperinflation. Calcification is seen over the anterior mediastinum XXXX a calcified lymph node at is not identified on the PA projection. The heart is normal. Arthritic changes the spine are seen.,COPD and old granulomatous disease.,/home/20213144/.cache/kagglehub/datasets/raddar/chest-xrays-indiana-university/versions/2/images/images_normalized/371_IM-1852-1001.dcm.png,"Findings: The chest X-ray shows cardiomegaly, which is an enlargement of the heart, and mild pulmonary congestion. These findings may indicate an underlying heart or lung condition that requires further evaluation and clinical correlation.","Findings: The chest X-ray shows an ill-defined opacity in the right lower lobe of the lung.

Impression: The presence of an ill-defined opacity in the right lower lobe may indicate an abnormality in the lung tissue. Further evaluation and clinical correlation are needed to determine the cause and significance of this finding."
372,372_IM-1858-4004.dcm.png,Frontal,"Airspace Disease/lung/left/retrocardiac;Costophrenic Angle/posterior/blunted;Catheters, Indwelling/right;Pleural Effusion/left/small","Airspace Disease;Costophrenic Angle;Catheters, Indwelling;Pleural Effusion",Xray Chest PA and Lateral,XXXX-year-old male with chest pain. History of cancer.,Chest radiograph XXXX.,Left retrocardiac airspace disease with blunted posterior costophrenic XXXX on lateral view suggesting small pleural effusion. Normal heart size. Right PICC is unchanged with tip at the caval atrial junction.,Left retrocardiac airspace disease could reflect atelectasis and possible scarring. Small left pleural effusion.,/home/20213144/.cache/kagglehub/datasets/raddar/chest-xrays-indiana-university/versions/2/images/images_normalized/372_IM-1858-4004.dcm.png,Findings: The chest X-ray shows an interval decrease in the bilateral airspace opacities. This means that the previously observed abnormalities in the lungs have decreased in density or extent compared to a previous X-ray.,"Findings: The chest X-ray shows bilateral hilar lymphadenopathy, which means there is enlargement of the lymph nodes in the region where the bronchi enter the lungs (the hilum)."
373,373_IM-1864-1001.dcm.png,Frontal,normal,normal,"CHEST 2V FRONTAL/LATERAL XXXX, XXXX XXXX PM ",wheezing and XXXX,,Both lungs are clear and expanded. Heart and mediastinum normal.,No active disease.,/home/20213144/.cache/kagglehub/datasets/raddar/chest-xrays-indiana-university/versions/2/images/images_normalized/373_IM-1864-1001.dcm.png,"Findings: The chest X-ray shows cardiomegaly, which is an enlargement of the heart, and mild pulmonary congestion. These findings may indicate an underlying heart or lung condition that requires further evaluation and clinical correlation.","Findings: The chest X-ray shows an elevated right hemidiaphragm, which is a finding in the image."
374,374_IM-1868-1001.dcm.png,Frontal,Cardiomegaly;Pleural Effusion/right/large;Pulmonary Atelectasis/base/right;Infiltrate/lung/base/right,Cardiomegaly;Pleural Effusion;Pulmonary Atelectasis;Infiltrate,"AP and lateral chest XXXX, XXXX at time XXXX with comparison XXXX XXXX ",dyspnea.,,,Cardiomegaly. Left lung clear. Large right effusion. Compressive atelectasis or infiltrate in the right base,/home/20213144/.cache/kagglehub/datasets/raddar/chest-xrays-indiana-university/versions/2/images/images_normalized/374_IM-1868-1001.dcm.png,"Findings: The chest X-ray shows cardiomegaly, which is an enlargement of the heart, and mild pulmonary congestion. These findings may indicate an underlying heart or lung condition that requires further evaluation and clinical correlation.","Findings: The chest X-ray shows cardiomegaly, which is an enlargement of the heart, and mild pulmonary congestion. These findings may indicate an underlying heart or lung condition that requires further evaluation and clinical correlation."
375,375_IM-1874-1001.dcm.png,Frontal,normal,normal,"Two view chest radiograph dated XXXX, XXXX ",Back pain,,"The cardiac silhouette, upper mediastinum and pulmonary vasculature are within normal limits. There is no acute air space infiltrate, pleural effusion or pneumothorax.",No acute process.,/home/20213144/.cache/kagglehub/datasets/raddar/chest-xrays-indiana-university/versions/2/images/images_normalized/375_IM-1874-1001.dcm.png,"Radiology Report

Chest X-ray

Findings:
The chest X-ray shows a small amount of pleural effusion in the right lower lobe.","Radiology Report

Chest X-ray

Findings:
The chest X-ray shows a small amount of pleural effusion in the right lower lobe of the lung. 

Impression:
The presence of a small amount of pleural effusion in the right lower lobe of the lung may indicate an underlying issue, such as infection, inflammation, or other lung conditions. Further evaluation and clinical correlation are needed to determine the cause and significance of this finding."
376,376_IM-1883-1001.dcm.png,Frontal,No Indexing,No Indexing,PA and Lateral Chest X-XXXX dated XXXX.,Bladder cancer.,XXXX.,The heart size and pulmonary vascularity appear within normal limits. The lungs are free of focal airspace disease. No pleural effusion or pneumothorax is seen. No non-calcified nodules are identified.,1. No evidence of active disease.,/home/20213144/.cache/kagglehub/datasets/raddar/chest-xrays-indiana-university/versions/2/images/images_normalized/376_IM-1883-1001.dcm.png,"Radiology Report

Chest X-ray

Findings:
The chest X-ray shows a small amount of pleural effusion in the right lower lobe.","Radiology Report

Chest X-ray

Findings:
The chest X-ray shows a mass in the left hemithorax.

Impression:
The presence of a mass in the left hemithorax may indicate an abnormal growth or lesion in that region of the chest. Further evaluation and tests would be needed to determine the exact nature of the mass and the appropriate course of treatment."
377,377_IM-1889-1001.dcm.png,Frontal,Spine/degenerative,Spine,Xray Chest PA and Lateral,Chest pain,,Heart size and pulmonary vascularity appear within normal limits. The lungs are free of focal airspace disease. No pleural effusion or pneumothorax is seen. Degenerative changes are present in the spine.,No evidence of active disease.,/home/20213144/.cache/kagglehub/datasets/raddar/chest-xrays-indiana-university/versions/2/images/images_normalized/377_IM-1889-1001.dcm.png,"Radiology Report

Chest X-ray

Findings:
The chest X-ray shows a mass in the left hemithorax.

Impression:
The presence of a mass in the left hemithorax may indicate an abnormality in the lung or surrounding structures. Further evaluation, such as a CT scan or additional imaging, may be needed to determine the nature and cause of the mass. It is important to consult a healthcare professional for a thorough assessment and appropriate diagnosis.","Findings: The chest X-ray shows cardiomegaly, which is an enlargement of the heart, and mild pulmonary congestion. These findings may indicate an underlying heart or lung condition that requires further evaluation and clinical correlation."
378,378_IM-1895-4001.dcm.png,Frontal,Pulmonary Atelectasis/base/right/mild,Pulmonary Atelectasis,"AP and lateral chest XXXX, XXXX at XXXX",acute mental status change Chest x-XXXX for placement,,,Minimal atelectasis right base. No evidence of tuberculosis. Heart size is normal.,/home/20213144/.cache/kagglehub/datasets/raddar/chest-xrays-indiana-university/versions/2/images/images_normalized/378_IM-1895-4001.dcm.png,"Findings: The chest X-ray shows cardiomegaly, which is an enlargement of the heart, and mild pulmonary congestion. These findings may indicate an underlying heart or lung condition that requires further evaluation and clinical correlation.","Findings: The chest X-ray shows an elevated right hemidiaphragm, which is a finding in the image."
379,379_IM-1903-4004.dcm.png,Frontal,"Catheters, Indwelling/right;Cardiomegaly/moderate;Opacity/lung/base/bilateral;Pleural Effusion/bilateral;Calcinosis/mild","Catheters, Indwelling;Cardiomegaly;Opacity;Pleural Effusion;Calcinosis",PA and lateral views of the Chest performed XXXX/XXXX.,XXXX year old dialysis catheter placement.,AP and lateral chest XXXX.,There has been interval placement of a dual-lumen dialysis catheter with the distal tip projected over the right atrium. Moderate cardiomegaly is identified. There is mild calcification of the transverse XXXX. XXXX airspace opacities are identified with bilateral pleural effusions.,1. Interval placement of a dual-lumen dialysis catheter with the distal tip projected over the right atrium. 2. Bibasilar airspace opacities and bilateral pleural effusions.,/home/20213144/.cache/kagglehub/datasets/raddar/chest-xrays-indiana-university/versions/2/images/images_normalized/379_IM-1903-4004.dcm.png,"Findings: The chest X-ray shows cardiomegaly, which is an enlargement of the heart, and mild pulmonary congestion. These findings may indicate an underlying heart or lung condition that requires further evaluation and clinical correlation.",Findings: The chest X-ray shows an interval decrease in the size of the left lower lobe infiltrate. This suggests that there has been some improvement in the lung condition over the course of the treatment.
380,380_IM-1911-2001.dcm.png,Frontal,Medical Device/thorax,Medical Device,"Chest 2 views dated XXXX, XXXX.",XXXX XXXX,None.,"The XXXX examination consists of supine and crosstable lateral radiographs of the chest. External monitor leads XXXX the thorax. The cardiomediastinal contours are within normal limits. Pulmonary vascularity is within normal limits. No focal consolidation, pleural effusion, or pneumothorax identified. The visualized osseous structures and upper abdomen are unremarkable.",No evidence of acute thoracic XXXX.,/home/20213144/.cache/kagglehub/datasets/raddar/chest-xrays-indiana-university/versions/2/images/images_normalized/380_IM-1911-2001.dcm.png,"Findings: The chest X-ray shows cardiomegaly, which is an enlargement of the heart, and mild pulmonary congestion. These findings may indicate an underlying heart or lung condition that requires further evaluation and clinical correlation.","Findings: The chest X-ray shows cardiomegaly, which is an enlargement of the heart, and mild pulmonary congestion. These findings may indicate an underlying heart or lung condition that requires further evaluation and clinical correlation."
382,382_IM-1927-1001.dcm.png,Frontal,Bullous Emphysema/lung/upper lobe/bilateral/severe;Bronchiectasis/upper lobe/bilateral;Opacity/lung/upper lobe/left/prominent,Bullous Emphysema;Bronchiectasis;Opacity,"Chest radiographs (PA and lateral views), dated XXXX. ",XXXX year-old female with hemoptysis. History of sarcoidosis.,"CT chest with contrast, dated XXXX.","Stable, normal cardiac size, mediastinum, and central pulmonary vasculature. Marked bullous emphysematous changes and traction bronchiectasis, again most notable involving the bilateral upper lobes. Stable prominent ovoid opacity (4.3 x 2.8 XXXX) XXXX a large left upper lobe XXXX, XXXX reflecting a superimposed aspergilloma-as more readily demonstrated on the previous CT chest study from XXXX. No XXXX areas of alveolar airspace consolidation are identified. No evidence of pleural effusion or pneumothorax.","1. Marked bullous emphysematous changes and traction bronchiectasis, again most notable involving the bilateral upper lobes. Stable suspected superimposed left upper lobe aspergilloma - as more readily demonstrated on the previous CT chest study from XXXX.",/home/20213144/.cache/kagglehub/datasets/raddar/chest-xrays-indiana-university/versions/2/images/images_normalized/382_IM-1927-1001.dcm.png,"Findings: The chest X-ray shows bilateral hilar lymphadenopathy, which means there is enlargement of the lymph nodes in the region where the bronchi enter the lungs (the hilum).","Findings: The chest X-ray shows bilateral hilar lymphadenopathy, which means there is enlargement of the lymph nodes in the region where the bronchi enter the lungs (the hilum)."
383,383_IM-1932-1001.dcm.png,Frontal,Osteophyte/thoracic vertebrae/anterior/multiple,Osteophyte,"PA and lateral chest x-XXXX dated XXXX, XXXX at XXXX. ",XXXX-year-old female with chest pain.,XXXX.,"Normal heart size. No focal air space consolidation, pneumothorax, pleural effusion, or pulmonary edema. Anterior osteophytes of the thoracic spine.",No acute cardiopulmonary disease.,/home/20213144/.cache/kagglehub/datasets/raddar/chest-xrays-indiana-university/versions/2/images/images_normalized/383_IM-1932-1001.dcm.png,"Findings: The chest X-ray shows cardiomegaly, which is an enlargement of the heart, and mild pulmonary congestion. These findings may indicate an underlying heart or lung condition that requires further evaluation and clinical correlation.","Findings: The chest X-ray shows cardiomegaly, which is an enlargement of the heart, and mild pulmonary congestion. These findings may indicate an underlying heart or lung condition that requires further evaluation and clinical correlation."
385,385_IM-1948-1001.dcm.png,Frontal,normal,normal,"CHEST 2V FRONTAL/LATERAL RADXXXX XXXX, XXXX XXXX PM ",cp,,,"Comparison XXXX, XXXX Clear lungs. No effusions. Unremarkable mediastinal contour. No acute cardiopulmonary abnormality identified.. Stable chest.",/home/20213144/.cache/kagglehub/datasets/raddar/chest-xrays-indiana-university/versions/2/images/images_normalized/385_IM-1948-1001.dcm.png,"Radiology Report

Chest X-ray

Findings:
The chest X-ray shows a small amount of pleural effusion in the right lower lobe.","Findings: The chest X-ray shows cardiomegaly, which is an enlargement of the heart, and mild pulmonary congestion. These findings may indicate an underlying heart or lung condition that requires further evaluation and clinical correlation."
386,386_IM-1954-4004.dcm.png,Frontal,Markings/bronchovascular,Markings,Xray Chest PA and Lateral,"XXXX-year-old male, chest pain",,"Heart size within normal limits, stable mediastinal and hilar contours. No focal alveolar consolidation, no definite pleural effusion seen. Bronchovascular crowding without typical findings of pulmonary edema.",No acute findings,/home/20213144/.cache/kagglehub/datasets/raddar/chest-xrays-indiana-university/versions/2/images/images_normalized/386_IM-1954-4004.dcm.png,"Radiology Report

Chest X-ray

Findings:
The chest X-ray shows a small amount of pleural effusion in the right lower lobe.","Findings: The chest X-ray shows an opacity in the right lower lobe of the lung.

Impression: The presence of an opacity in the right lower lobe may indicate an abnormality, such as an infection, inflammation, or a mass. Further evaluation and clinical correlation are needed to determine the cause and significance of this finding."
387,387_IM-1962-1001.dcm.png,Frontal,Lung/hilum/enlarged;Opacity/lung/upper lobe/left,Lung;Opacity,PA and lateral chest x-XXXX ,XXXX-year-old male with shortness of breath.,,Heart size is normal. There is left hilar enlargement with partial opacification of the left upper lobe suggestive of hilar mass with obstructive atelectasis. Questionable small right midlung nodule. Negative for pneumothorax or pleural effusion. Bony thorax is unremarkable.,Suspected left hilar mass with obstructive atelectasis. XXXX thorax for further characterization.,/home/20213144/.cache/kagglehub/datasets/raddar/chest-xrays-indiana-university/versions/2/images/images_normalized/387_IM-1962-1001.dcm.png,Findings: The chest X-ray shows an interval decrease in the size of the left lower lobe infiltrate. This suggests that there has been some improvement in the lung condition over the course of the treatment.,"Findings: The chest X-ray shows an opacity in the right lower lobe of the lung.

Impression: The presence of an opacity in the right lower lobe may indicate an abnormality, such as an infection, inflammation, or a mass. Further evaluation and clinical correlation are needed to determine the cause and significance of this finding."
388,388_IM-1968-1001.dcm.png,Frontal,Cardiomegaly;Aorta/tortuous;Calcinosis/aorta;Mastectomy/right,Cardiomegaly;Aorta;Calcinosis;Mastectomy,Xray Chest PA and Lateral,"Abnormal breath sounds, high blood pressure",,"Cardiomegaly is unchanged. Stable superior mediastinal contour with tortuous calcified aorta. Normal pulmonary vascularity. No focal air space consolidation, pleural effusion, or pneumothorax. No acute bony abnormality. Changes of prior right mastectomy.",Stable appearance of the chest. No acute cardiopulmonary findings.,/home/20213144/.cache/kagglehub/datasets/raddar/chest-xrays-indiana-university/versions/2/images/images_normalized/388_IM-1968-1001.dcm.png,"Radiology Report

Chest X-ray

Findings:
The chest X-ray shows a small amount of pleural effusion in the right lower lobe of the lung. 

Impression:
The presence of a small amount of pleural effusion in the right lower lobe of the lung may indicate an underlying issue, such as infection, inflammation, or other lung conditions. Further evaluation and clinical correlation are needed to determine the cause and significance of this finding.","Findings: The chest X-ray shows cardiomegaly, which is an enlargement of the heart, and mild pulmonary congestion. These findings may indicate an underlying heart or lung condition that requires further evaluation and clinical correlation."
389,389_IM-1973-1001.dcm.png,Frontal,"Calcified Granuloma/lung/lower lobe/right;Hernia, Hiatal","Calcified Granuloma;Hernia, Hiatal","Chest, 2 XXXX and Lateral ",XXXX-year-old female with shortness of breath,"XXXX, XXXX at XXXX","Cardiac and mediastinal contours are unremarkable. Pulmonary vascularity is within normal limits. No focal air space opacities, pleural effusion, or pneumothorax. There is a stable calcified granuloma in the right lower lobe. A hiatal hernia is present that is unchanged from the prior study. XXXX are grossly unremarkable.",1. Clear lungs. 2. Stable hiatal hernia.,/home/20213144/.cache/kagglehub/datasets/raddar/chest-xrays-indiana-university/versions/2/images/images_normalized/389_IM-1973-1001.dcm.png,Findings: The chest X-ray shows an interval decrease in the size of the left lower lobe infiltrate. This suggests that there has been some improvement in the lung condition over the course of the treatment.,"Findings: The chest X-ray shows an opacity in the right lower lobe of the lung.

Impression: The presence of an opacity in the right lower lobe may indicate an abnormality, such as an infection, inflammation, or a mass. Further evaluation and clinical correlation are needed to determine the cause and significance of this finding."
390,390_IM-1979-1001.dcm.png,Frontal,Aorta/tortuous/mild;Spine/degenerative,Aorta;Spine,"PA and LAT view CHEST XXXX, XXXX XXXX PM",Dyspnea and right-sided arm numbness,,Heart size and vascularity are normal. Mild tortuosity of the aorta. No focal airspace disease or effusion. Degenerative change of the spine. No pneumothorax.,No acute cardiopulmonary process.,/home/20213144/.cache/kagglehub/datasets/raddar/chest-xrays-indiana-university/versions/2/images/images_normalized/390_IM-1979-1001.dcm.png,"Radiology Report

Chest X-ray

Findings:
The chest X-ray shows a small amount of pleural effusion in the right lower lobe.","Radiology Report

Chest X-ray

Findings:
The chest X-ray shows a small amount of pleural effusion in the right lower lobe."
391,391_IM-1986-1001.dcm.png,Frontal,Lung/hypoinflation,Lung,PA and lateral views of the chest. ,XXXX-year-old female with one XXXX of productive XXXX.,None available.,Low lung volumes. Heart size normal. No focal airspace consolidations. No pneumothorax or effusions.,No acute cardiopulmonary findings.,/home/20213144/.cache/kagglehub/datasets/raddar/chest-xrays-indiana-university/versions/2/images/images_normalized/391_IM-1986-1001.dcm.png,"Findings: The chest X-ray shows cardiomegaly, which is an enlargement of the heart, and mild pulmonary congestion. These findings may indicate an underlying heart or lung condition that requires further evaluation and clinical correlation.","Findings: The chest X-ray shows cardiomegaly, which is an enlargement of the heart, and mild pulmonary congestion. These findings may indicate an underlying heart or lung condition that requires further evaluation and clinical correlation."
392,392_IM-1993-1001.dcm.png,Frontal,"Catheters, Indwelling","Catheters, Indwelling",PA AND LATERAL CHEST X-XXXX at XXXX on XXXX ,Complaining of shortness of breath,XXXX,"Lungs are clear. No focal consolidation, effusion, or pneumothorax. Interval resolution of left effusion. Central venous dialysis catheter unchanged in position. Heart and mediastinal contours are normal. Osseous structures intact.",No acute cardiopulmonary disease.,/home/20213144/.cache/kagglehub/datasets/raddar/chest-xrays-indiana-university/versions/2/images/images_normalized/392_IM-1993-1001.dcm.png,"Radiology Report

Chest X-ray

Findings:
The chest X-ray shows a small amount of pleural effusion in the right lower lobe of the lung. 

Impression:
The presence of a small amount of pleural effusion in the right lower lobe of the lung may indicate an underlying issue, such as an infection, inflammation, or other lung condition. Further evaluation and clinical correlation are needed to determine the cause and appropriate treatment for this finding.","Radiology Report

Chest X-ray

Findings:
The chest X-ray shows a small amount of pleural effusion in the right lower lobe of the lung. 

Impression:
The presence of a small amount of pleural effusion in the right lower lobe of the lung may indicate an underlying issue, such as an infection, inflammation, or other lung condition. Further evaluation and clinical correlation are needed to determine the cause and appropriate treatment for this finding."
393,393_IM-2002-1001.dcm.png,Frontal,normal,normal,Xray Chest PA and Lateral,XXXX-year-old woman with XXXX.,None.,"Heart size, mediastinal contour, and pulmonary vascularity are within normal limits. No focal consolidation, pleural effusion, or pneumothorax is identified. No acute osseous abnormality identified.",No acute cardiopulmonary abnormality. .,/home/20213144/.cache/kagglehub/datasets/raddar/chest-xrays-indiana-university/versions/2/images/images_normalized/393_IM-2002-1001.dcm.png,"Radiology Report

Chest X-ray

Findings:
The chest X-ray shows a small amount of pleural effusion in the right lower lobe.","Radiology Report

Chest X-ray

Findings:
The chest X-ray shows a small amount of pleural effusion in the right lower lobe."
394,394_IM-2010-1001.dcm.png,Frontal,Opacity/lung/lower lobe/right/large;Opacity/lung/middle lobe/right/large;Consolidation/lung/multilobar,Opacity;Opacity;Consolidation,PA lateral chest x-XXXX dated XXXX ,Shortness of breath,PA and lateral chest x-XXXX dated XXXX,There is a large airspace opacity in the right lower and middle lobes. There is no pneumothorax. Heart size is normal. Soft tissue and bony structures unremarkable.,Multilobar airspace consolidation.,/home/20213144/.cache/kagglehub/datasets/raddar/chest-xrays-indiana-university/versions/2/images/images_normalized/394_IM-2010-1001.dcm.png,"Findings: The chest X-ray shows cardiomegaly, which is an enlargement of the heart, and mild pulmonary congestion. These findings may indicate an underlying heart or lung condition that requires further evaluation and clinical correlation.","Findings: The chest X-ray shows an opacity in the right lower lobe of the lung.

Impression: The presence of an opacity in the right lower lobe may indicate an abnormality, such as an infection, inflammation, or a mass. Further evaluation and clinical correlation are needed to determine the cause and significance of this finding."
395,395_IM-2019-1001.dcm.png,Frontal,Calcinosis/lung/hilum/lymph nodes,Calcinosis,"PA and lateral chest radiograph, XXXX XXXX hours. ",XXXX-year-old male with chest pain.,None.,The cardiac and mediastinal silhouettes are unremarkable. The lungs are well expanded and clear. There are no focal air space opacities. There is no pneumothorax or effusion. There are calcified hilar lymph XXXX suggesting prior granulomatous disease. The bony structures of the thorax are intact with no evidence of acute osseous abnormality.,No evidence of acute cardiopulmonary process.,/home/20213144/.cache/kagglehub/datasets/raddar/chest-xrays-indiana-university/versions/2/images/images_normalized/395_IM-2019-1001.dcm.png,"Findings: The chest X-ray shows an opacity in the right lower lobe of the lung.

Impression: The presence of an opacity in the right lower lobe may indicate an abnormality, such as an infection, inflammation, or a mass. Further evaluation and clinical correlation are needed to determine the cause and significance of this finding.","Radiology Report

Chest X-ray

Findings:
The chest X-ray shows a small amount of pleural effusion in the right lower lobe. 

Impression:
The presence of a small amount of pleural effusion in the right lower lobe is an important finding. Pleural effusion is the accumulation of fluid in the pleural space, which is the area between the layers of tissue that line the lungs and the chest cavity. This can be caused by various conditions, such as infections, inflammation, heart failure, or malignancies. Further evaluation and clinical correlation are needed to determine the cause and significance of this finding."
396,396_IM-2024-2002.dcm.png,Frontal,Spine/degenerative/mild,Spine,"PA and LATERAL views of the chest, dated XXXX, XXXX XXXX PM","XXXX-year-old female, nonsmoker, preoperative evaluation, prolapse",XXXX,The lungs are clear. There is no focal airspace consolidation. No pleural effusion or pneumothorax. Normal cardiomediastinal silhouette. There are minimal degenerative changes of the spine.,No evidence of active disease.,/home/20213144/.cache/kagglehub/datasets/raddar/chest-xrays-indiana-university/versions/2/images/images_normalized/396_IM-2024-2002.dcm.png,"Findings: The chest X-ray shows cardiomegaly, which is an enlargement of the heart, and mild pulmonary congestion. These findings may indicate an underlying heart or lung condition that requires further evaluation and clinical correlation.","Findings: The chest X-ray shows cardiomegaly, which is an enlargement of the heart, and mild pulmonary congestion. These findings may indicate an underlying heart or lung condition that requires further evaluation and clinical correlation."
397,397_IM-2030-1001.dcm.png,Frontal,Density/lung/base/left/round;Thoracic Vertebrae/degenerative;Density/costophrenic angle/left/round,Density;Thoracic Vertebrae;Density,"PA and LAT view CHEST XXXX, XXXX XXXX XXXX",Prostate cancer,XXXX,There is a XXXX 7 XXXX nodular density at the left lung base. Lungs are otherwise clear. The CT scan without IV contrast could be performed for further evaluation. No pleural effusions or pneumothoraces. Heart and mediastinum of normal size and contour. Degenerative changes in the thoracic spine.,XXXX 7 XXXX nodular density at the left costophrenic XXXX. Recommend CT scan for further evaluation.,/home/20213144/.cache/kagglehub/datasets/raddar/chest-xrays-indiana-university/versions/2/images/images_normalized/397_IM-2030-1001.dcm.png,"Radiology Report

Chest X-ray

Findings:
The chest X-ray shows a small amount of pleural effusion in the right lower lobe.","Radiology Report

Chest X-ray

Findings:
The chest X-ray shows a small amount of pleural effusion in the right lower lobe."
398,398_IM-2039-1001.dcm.png,Frontal,Calcinosis/right/paratracheal,Calcinosis,Xray Chest PA and Lateral,"XXXX-year-old female, alleged physical assault",,"No focal consolidation, pneumothorax or definite pleural effusion. Heart size and pulmonary vascularity within normal limits, no mediastinal widening characteristic in appearance of vascular injury. Right paratracheal calcifications suggest a previous granulomatous process. No acute osseous injury XXXX demonstrated.",No acute findings. Please note that fractures may not be demonstrated and consider additional imaging as clinically warranted.,/home/20213144/.cache/kagglehub/datasets/raddar/chest-xrays-indiana-university/versions/2/images/images_normalized/398_IM-2039-1001.dcm.png,"Radiology Report

Chest X-ray

Findings:
The chest X-ray shows a small amount of pleural effusion in the right lower lobe.","Findings: The chest X-ray shows cardiomegaly, which is an enlargement of the heart, and mild pulmonary congestion. These findings may indicate an underlying heart or lung condition that requires further evaluation and clinical correlation."
399,399_IM-2043-1001.dcm.png,Frontal,Spine/degenerative,Spine,Xray Chest PA and Lateral,Hyperlipidemia. Chest XXXX.,None.,Heart size and pulmonary vascularity appear within normal limits. The lungs are free of focal airspace disease. No pleural effusion or pneumothorax is seen. Degenerative changes are present in the spine.,1. No evidence of active disease.,/home/20213144/.cache/kagglehub/datasets/raddar/chest-xrays-indiana-university/versions/2/images/images_normalized/399_IM-2043-1001.dcm.png,"Findings: The chest X-ray shows an interval decrease in the size of the left lower lobe opacity, along with the presence of new nodular opacities. These findings suggest that there have been changes in the lung tissue, possibly indicating an improvement or worsening of a lung condition.","Findings: The chest X-ray shows a right basal opacity. This means that there is an area of increased density in the lower part of the right lung, which could be due to various reasons such as infection, inflammation, or a mass."
400,400_IM-2050-1001.dcm.png,Frontal,Calcified Granuloma/lung/base/right/small,Calcified Granuloma,"PA and lateral chest x-XXXX dated XXXX, XXXX at XXXX p.m. ","XXXX-year-old woman with dyspnea and XXXX x3 days, history of asthma.","Two-view chest rehabilitation dated XXXX, XXXX.","The lungs are clear bilaterally. Specifically, no evidence of focal consolidation, pneumothorax, or pleural effusion. Stable small right basilar calcified granuloma. Cardio mediastinal silhouette is unremarkable. Visualized osseous structures of the thorax are without acute abnormality.",No acute cardiopulmonary abnormality.,/home/20213144/.cache/kagglehub/datasets/raddar/chest-xrays-indiana-university/versions/2/images/images_normalized/400_IM-2050-1001.dcm.png,"Findings: The chest X-ray shows cardiomegaly, which is an enlargement of the heart, and mild pulmonary congestion. These findings may indicate an underlying heart or lung condition that requires further evaluation and clinical correlation.","Findings: The chest X-ray shows cardiomegaly, which is an enlargement of the heart, and mild pulmonary congestion. These findings may indicate an underlying heart or lung condition that requires further evaluation and clinical correlation."
401,401_IM-2051-1001.dcm.png,Frontal,"Costophrenic Angle/left/blunted;Opacity/lung/interstitial;Lung Diseases, Interstitial/diffuse;Pleural Effusion","Costophrenic Angle;Opacity;Lung Diseases, Interstitial;Pleural Effusion",PA and lateral views of the chest ,Chest pain,"XXXX, XXXX",Mediastinal contours are normal. Blunting of the left costophrenic XXXX. Increased interstitial opacities.. There is no pneumothorax or large pleural effusion.,Diffuse interstitial lung disease with pleural effusion.,/home/20213144/.cache/kagglehub/datasets/raddar/chest-xrays-indiana-university/versions/2/images/images_normalized/401_IM-2051-1001.dcm.png,"Radiology Report

Chest X-ray

Findings:
The chest X-ray shows a small amount of pleural effusion in the right lower lobe.","Radiology Report

Chest X-ray

Findings:
The chest X-ray shows a small amount of pleural effusion in the right lower lobe. 

Impression:
The presence of a small amount of pleural effusion in the right lower lobe is an important finding. Pleural effusion is the accumulation of fluid in the pleural space, which is the area between the layers of tissue that line the lungs and the chest cavity. This can be caused by various conditions, such as infections, inflammation, heart failure, or malignancies. Further evaluation and clinical correlation are needed to determine the cause and significance of this finding."
402,402_IM-2051-1001.dcm.png,Frontal,No Indexing,No Indexing," CHEST 2V FRONTAL/LATERAL XXXX, XXXX XXXX PM ",cp,"XXXX, XXXX.",The heart and lungs have XXXX XXXX in the interval. Both lungs are clear and expanded. Heart and mediastinum normal.,No active disease.,/home/20213144/.cache/kagglehub/datasets/raddar/chest-xrays-indiana-university/versions/2/images/images_normalized/402_IM-2051-1001.dcm.png,"Findings: The chest X-ray shows cardiomegaly, which is an enlargement of the heart, and mild pulmonary congestion. These findings may indicate an underlying heart or lung condition that requires further evaluation and clinical correlation.","Findings: The chest X-ray shows an elevated right hemidiaphragm, which is a finding in the image."
403,403_IM-2052-2001.dcm.png,Frontal,"Fractures, Bone/ribs/right/multiple/healed","Fractures, Bone",PA and lateral views of the chest. ,XXXX-year-old female with chest pain.,Portable chest from XXXX.,Heart size within normal limits. No focal airspace disease. No pneumothorax. No effusions. Multiple old right-sided rib fractures again noted.,No acute cardiopulmonary findings.,/home/20213144/.cache/kagglehub/datasets/raddar/chest-xrays-indiana-university/versions/2/images/images_normalized/403_IM-2052-2001.dcm.png,"Findings: The chest X-ray shows cardiomegaly, which is an enlargement of the heart, and mild pulmonary congestion. These findings may indicate an underlying heart or lung condition that requires further evaluation and clinical correlation.","Findings: The chest X-ray shows cardiomegaly, which is an enlargement of the heart, and mild pulmonary congestion. These findings may indicate an underlying heart or lung condition that requires further evaluation and clinical correlation."
404,404_IM-2052-1001.dcm.png,Frontal,Foreign Bodies/abdomen;Technical Quality of Image Unsatisfactory ,Foreign Bodies;Technical Quality of Image Unsatisfactory ,PA and lateral views of the chest dated XXXX. ,"XXXX-year-old male, chest pain.",,Artifact in the region of the central upper abdomen. No focal areas of consolidation. No pleural effusions. No evidence of pneumothorax. Heart size within normal limits. Osseous structures intact.,Limited exam secondary to artifact within the upper abdomen (this does not represent free intra-abdominal XXXX). Recommend repeat chest x-XXXX.,/home/20213144/.cache/kagglehub/datasets/raddar/chest-xrays-indiana-university/versions/2/images/images_normalized/404_IM-2052-1001.dcm.png,"Findings: The chest X-ray shows an opacity in the right lower lobe of the lung.

Impression: The presence of an opacity in the right lower lobe may indicate an abnormality, such as an infection, inflammation, or a mass. Further evaluation and clinical correlation are needed to determine the cause and significance of this finding.","Radiology Report

Chest X-ray

Findings:
The chest X-ray shows a small amount of pleural effusion in the right lower lobe. 

Impression:
The presence of a small amount of pleural effusion in the right lower lobe is an important finding. Pleural effusion is the accumulation of fluid in the pleural space, which is the area between the layers of tissue that line the lungs and the chest cavity. This can be caused by various conditions, such as infections, inflammation, heart failure, or malignancies. Further evaluation and clinical correlation are needed to determine the cause and significance of this finding."
405,405_IM-2053-1001.dcm.png,Frontal,Technical Quality of Image Unsatisfactory ;Lung/hypoinflation,Technical Quality of Image Unsatisfactory ;Lung,2 views of the Chest XXXX/11. ,Shortness of breath,None.,"Rotated with low lung volumes. Question left atrial enlargement, XXXX appreciated on lateral view. There is no focal consolidation. There are no XXXX of a large pleural effusion. There is no pneumothorax. There is no acute bony abnormality seen.","Question left atrial enlargement, XXXX appreciated on lateral view. Clear lungs.",/home/20213144/.cache/kagglehub/datasets/raddar/chest-xrays-indiana-university/versions/2/images/images_normalized/405_IM-2053-1001.dcm.png,"Radiology Report

Chest X-ray

Findings:
The chest X-ray shows a small amount of pleural effusion in the right lower lobe of the lung. 

Impression:
The presence of a small amount of pleural effusion in the right lower lobe of the lung may indicate an underlying issue, such as infection, inflammation, or other lung conditions. Further evaluation and clinical correlation are needed to determine the cause and significance of this finding.","Findings: The chest X-ray shows cardiomegaly, which is an enlargement of the heart, and mild pulmonary congestion. These findings may indicate an underlying heart or lung condition that requires further evaluation and clinical correlation."
406,406_IM-2054-1001.dcm.png,Frontal,Calcinosis/lung/hilum/right;Granulomatous Disease/chronic;Nodule/lung/hilum/right,Calcinosis;Granulomatous Disease;Nodule,Chest XXXX and lateral ,XXXX-year-old female with rib injury.,None available.,"Heart size normal. No pneumothorax, large pleural effusion, or focal airspace disease. Bony structures appear intact. Calcified right hilar nodules consistent with chronic granulomatous disease.",No acute cardiopulmonary abnormality.,/home/20213144/.cache/kagglehub/datasets/raddar/chest-xrays-indiana-university/versions/2/images/images_normalized/406_IM-2054-1001.dcm.png,"Radiology Report

Chest X-ray

Findings:
The chest X-ray shows a small amount of pleural effusion in the right lower lobe.","Findings: The chest X-ray shows cardiomegaly, which is an enlargement of the heart, and mild pulmonary congestion. These findings may indicate an underlying heart or lung condition that requires further evaluation and clinical correlation."
407,407_IM-2054-1001.dcm.png,Frontal,normal,normal,"PA and lateral views of the chest XXXX, XXXX XXXX PM ",STAB,,Lungs are clear. No pleural effusions or pneumothoraces. Heart and mediastinum of normal size and contour.,Clear lungs.,/home/20213144/.cache/kagglehub/datasets/raddar/chest-xrays-indiana-university/versions/2/images/images_normalized/407_IM-2054-1001.dcm.png,"Radiology Report

Chest X-ray

Findings:
The chest X-ray shows a small amount of pleural effusion in the right lower lobe of the lung. 

Impression:
The presence of a small amount of pleural effusion in the right lower lobe of the lung may indicate an underlying issue, such as infection, inflammation, or other lung conditions. Further evaluation and clinical correlation are needed to determine the cause and significance of this finding.","Radiology Report

Chest X-ray

Findings:
The chest X-ray shows a small amount of pleural effusion in the right lower lobe of the lung. 

Impression:
The presence of a small amount of pleural effusion in the right lower lobe of the lung may indicate an underlying issue, such as infection, inflammation, or other lung conditions. Further evaluation and clinical correlation are needed to determine the cause and significance of this finding."
408,408_IM-2054-1001.dcm.png,Frontal,Lung/hypoinflation;Pleural Effusion/bilateral/small,Lung;Pleural Effusion,Xray Chest PA and Lateral,,None Indication Cirrhosis Evaluate pre liver transplant,The heart is normal in size. The mediastinum is unremarkable. The lungs are hypoinflated. Small bilateral pleural effusions are seen.,Small bilateral pleural effusions.,/home/20213144/.cache/kagglehub/datasets/raddar/chest-xrays-indiana-university/versions/2/images/images_normalized/408_IM-2054-1001.dcm.png,"Findings: The chest X-ray shows cardiomegaly, which is an enlargement of the heart, and mild pulmonary congestion. These findings may indicate an underlying heart or lung condition that requires further evaluation and clinical correlation.","Findings: The chest X-ray shows cardiomegaly, which is an enlargement of the heart, and mild pulmonary congestion. These findings may indicate an underlying heart or lung condition that requires further evaluation and clinical correlation."
409,409_IM-2055-2001.dcm.png,Frontal,Opacity/lung/interstitial;Pulmonary Fibrosis;Calcified Granuloma/lung/hilum/bilateral;Calcified Granuloma/paratracheal;Markings/lung/bilateral/interstitial,Opacity;Pulmonary Fibrosis;Calcified Granuloma;Calcified Granuloma;Markings,Xray Chest PA and Lateral,The patient is a XXXX-year-old female with XXXX.,,"Redemonstration of interstitial opacities, consistent with patient's history of pulmonary fibrosis. Unchanged calcified granulomas at the left greater than right hilum, and in the pretracheal region. No pneumothorax, pleural effusion or focal airspace consolidation. Cardiomediastinal size is the upper limits of normal. Pulmonary vasculature is normal . XXXX XXXX intact.","Interstitial markings bilaterally, pulmonary fibrosis, unchanged. .",/home/20213144/.cache/kagglehub/datasets/raddar/chest-xrays-indiana-university/versions/2/images/images_normalized/409_IM-2055-2001.dcm.png,"Findings: The chest X-ray shows cardiomegaly, which is an enlargement of the heart, and mild pulmonary congestion. These findings may indicate an underlying heart or lung condition that requires further evaluation and clinical correlation.","Findings: The chest X-ray shows cardiomegaly, which is an enlargement of the heart, and mild pulmonary congestion. These findings may indicate an underlying heart or lung condition that requires further evaluation and clinical correlation."
410,410_IM-2056-1002.dcm.png,Frontal,Scoliosis/thoracic vertebrae/left/mild;Shoulder/right/prominent/mild,Scoliosis;Shoulder,PA and lateral views of chest performed XXXX/XXXX at XXXX. ,XXXX-year-old with a XXXX.,None.,The heart and mediastinum are unremarkable. The lungs are clear without infiltrate. There is no effusion or pneumothorax. There is a mild levoscoliosis of the thoracic spine. There is mild widening of the right acromioclavicular joint which may be postsurgical or posttraumatic in XXXX.,1. No acute cardiopulmonary disease.,/home/20213144/.cache/kagglehub/datasets/raddar/chest-xrays-indiana-university/versions/2/images/images_normalized/410_IM-2056-1002.dcm.png,"Radiology Report

Chest X-ray

Findings:
The chest X-ray shows a small amount of pleural effusion in the right lower lobe.","Findings: The chest X-ray shows an elevated right hemidiaphragm, which is a finding in the image."
411,411_IM-2056-1001.dcm.png,Frontal,Opacity/lung/base/left/patchy/mild;Arthritis;Pulmonary Atelectasis/base/left;Cicatrix/lung/base/left/chronic,Opacity;Arthritis;Pulmonary Atelectasis;Cicatrix,Xray Chest PA and Lateral,Frequent XXXX. History emphysema.,,There is some minimal patchy opacity in left base which may represent atelectasis or scarring. The lungs are otherwise clear. The heart and mediastinum are normal for age. There is some arthritic changes of the skeletal structures and there has been previous rotator XXXX repair on the right.,Minimal left basilar opacity most XXXX representing atelectasis or chronic scarring.,/home/20213144/.cache/kagglehub/datasets/raddar/chest-xrays-indiana-university/versions/2/images/images_normalized/411_IM-2056-1001.dcm.png,"Radiology Report

Chest X-ray

Findings:
The chest X-ray shows a small amount of pleural effusion in the right lower lobe.","Findings: The chest X-ray shows cardiomegaly, which is an enlargement of the heart, and mild pulmonary congestion. These findings may indicate an underlying heart or lung condition that requires further evaluation and clinical correlation."
412,412_IM-2056-2001.dcm.png,Frontal,Pulmonary Emphysema/bilateral;Pulmonary Fibrosis/lower lobe/bilateral;Thoracic Vertebrae/degenerative;Opacity/lung/lower lobe/right;Nodule/lung/lower lobe/right;Deformity/ribs/right/posterior,Pulmonary Emphysema;Pulmonary Fibrosis;Thoracic Vertebrae;Opacity;Nodule;Deformity,PA lateral views of the chest dated XXXX. ,"XXXX-year-old female, hypoxia.",PA lateral views of the chest dated XXXX.,"Bilateral emphysematous again noted and lower lobe fibrotic changes. Postsurgical changes of the chest including CABG procedure, stable. Stable valve artifact. There are no focal areas of consolidation. No large pleural effusions. No evidence of pneumothorax. Degenerative changes noted of the visualized thoracic spine. Nodular right lower lobe opacity, XXXX nipple XXXX. Contour abnormality of the posterior aspect of the right 7th rib again noted, stable.",1. No acute cardiopulmonary abnormality. 2. Stable bilateral emphysematous and lower lobe fibrotic changes.,/home/20213144/.cache/kagglehub/datasets/raddar/chest-xrays-indiana-university/versions/2/images/images_normalized/412_IM-2056-2001.dcm.png,"Radiology Report

Chest X-ray

Findings:
The chest X-ray shows a small amount of pleural effusion in the right lower lobe of the lung. 

Impression:
The presence of a small amount of pleural effusion in the right lower lobe of the lung may indicate an underlying issue, such as infection, inflammation, or other lung conditions. Further evaluation and clinical correlation are needed to determine the cause and significance of this finding.","Radiology Report

Chest X-ray

Findings:
The chest X-ray shows a small amount of pleural effusion in the right lower lobe of the lung. 

Impression:
The presence of a small amount of pleural effusion in the right lower lobe of the lung may indicate an underlying issue, such as an infection, inflammation, or other lung condition. Further evaluation and clinical correlation are needed to determine the cause and appropriate treatment for this finding."
413,413_IM-2056-1001.dcm.png,Frontal,normal,normal," PA and lateral chest XXXX, XXXX at XXXX comparison XXXX. ",tuberculosis +PPD,,,Heart size is normal and lungs are clear. No evidence of tuberculosis,/home/20213144/.cache/kagglehub/datasets/raddar/chest-xrays-indiana-university/versions/2/images/images_normalized/413_IM-2056-1001.dcm.png,"Findings: The chest X-ray shows cardiomegaly, which is an enlargement of the heart, and mild pulmonary congestion. These findings may indicate an underlying heart or lung condition that requires further evaluation and clinical correlation.","Findings: The chest X-ray shows cardiomegaly, which is an enlargement of the heart, and mild pulmonary congestion. These findings may indicate an underlying heart or lung condition that requires further evaluation and clinical correlation."
414,414_IM-2057-1001.dcm.png,Frontal,Scoliosis/lumbar vertebrae/right/mild;Spine/degenerative/multiple;Scoliosis/thoracic vertebrae/right/mild,Scoliosis;Spine;Scoliosis,Xray Chest PA and Lateral,Chest pain,"XXXX, XXXX",Normal heart size. Clear lungs. Multilevel degenerative disc disease with mild dextrocurvature near the thoracolumbar junction.,No acute process.,/home/20213144/.cache/kagglehub/datasets/raddar/chest-xrays-indiana-university/versions/2/images/images_normalized/414_IM-2057-1001.dcm.png,"Findings: The chest X-ray shows an opacity in the right lower lobe of the lung.

Impression: The presence of an opacity in the right lower lobe may indicate an abnormality, such as an infection, inflammation, or a mass. Further evaluation and clinical correlation are needed to determine the cause and significance of this finding.","Findings: The chest X-ray shows an opacity in the right lower lobe of the lung.

Impression: The presence of an opacity in the right lower lobe may indicate an abnormality, such as an infection, inflammation, or a mass. Further evaluation and clinical correlation are needed to determine the cause and significance of this finding."
415,415_IM-2058-2002.dcm.png,Frontal,Breast Implants/bilateral,Breast Implants,Xray Chest PA and Lateral,,"None ,786.2 XXXX",The heart is normal in size. The mediastinum is unremarkable. The lungs are grossly clear. Bilateral breast prostheses are noted.,No acute disease.,/home/20213144/.cache/kagglehub/datasets/raddar/chest-xrays-indiana-university/versions/2/images/images_normalized/415_IM-2058-2002.dcm.png,"Findings: The chest X-ray shows cardiomegaly, which is an enlargement of the heart, and mild pulmonary congestion. These findings may indicate an underlying heart or lung condition that requires further evaluation and clinical correlation.","Findings: The chest X-ray shows cardiomegaly, which is an enlargement of the heart, and mild pulmonary congestion. These findings may indicate an underlying heart or lung condition that requires further evaluation and clinical correlation."
416,416_IM-2059-1001.dcm.png,Frontal,normal,normal,Xray Chest PA and Lateral,"XXXX-year-old female, XXXX",,"Heart size within normal limits, stable mediastinal and hilar contours. No focal alveolar consolidation, no definite pleural effusion seen. No typical findings of pulmonary edema.",No acute findings,/home/20213144/.cache/kagglehub/datasets/raddar/chest-xrays-indiana-university/versions/2/images/images_normalized/416_IM-2059-1001.dcm.png,"Findings: The chest X-ray shows cardiomegaly, which is an enlargement of the heart, and mild pulmonary congestion. These findings may indicate an underlying heart or lung condition that requires further evaluation and clinical correlation.","Findings: The chest X-ray shows cardiomegaly, which is an enlargement of the heart, and mild pulmonary congestion. These findings may indicate an underlying heart or lung condition that requires further evaluation and clinical correlation."
417,417_IM-2060-1001.dcm.png,Frontal,Calcified Granuloma,Calcified Granuloma,Chest X XXXX 2 XXXX PA and lateral ,"The patient is a XXXX-year-old female scheduled for right breast surgery, for XXXX cancer diagnosis. History of XXXX.",XXXX,"Stable calcified granulomas. The trachea is midline. Negative for pneumothorax, pleural effusion or focal airspace consolidation. The heart size is normal.",1. No acute cardiopulmonary abnormality.,/home/20213144/.cache/kagglehub/datasets/raddar/chest-xrays-indiana-university/versions/2/images/images_normalized/417_IM-2060-1001.dcm.png,"Findings: The chest X-ray shows cardiomegaly, which is an enlargement of the heart, and mild pulmonary congestion. These findings may indicate an underlying heart or lung condition that requires further evaluation and clinical correlation.","Radiology Report

Chest X-ray

Findings:
The chest X-ray shows a small amount of pleural effusion in the right lower lobe. 

Impression:
The presence of a small amount of pleural effusion in the right lower lobe is an important finding. Pleural effusion is the accumulation of fluid in the pleural space, which is the area between the layers of tissue that line the lungs and the chest cavity. This can be caused by various conditions, such as infections, inflammation, heart failure, or malignancies. Further evaluation and clinical correlation are needed to determine the cause and significance of this finding."
418,418_IM-2061-2001.dcm.png,Frontal,Cardiac Shadow/enlarged;Surgical Instruments;Density/lung/base/left;Cicatrix/lung/base/left;Pulmonary Atelectasis/base/left/chronic;Calcinosis/lung/hilum/right,Cardiac Shadow;Surgical Instruments;Density;Cicatrix;Pulmonary Atelectasis;Calcinosis,Xray Chest PA and Lateral,"XXXX-year-old male, chest pain",,"Stable enlargement of the cardiac silhouette, stable mediastinal and hilar contours, surgical clips and CABG markers. Stable XXXX densities in the left base compatible with scarring or chronic subsegmental atelectasis. No focal alveolar consolidation, no definite pleural effusion seen. Right hilar calcifications suggest a previous granulomatous process. No typical findings of pulmonary edema.",No acute findings,/home/20213144/.cache/kagglehub/datasets/raddar/chest-xrays-indiana-university/versions/2/images/images_normalized/418_IM-2061-2001.dcm.png,Findings: The chest X-ray shows an interval decrease in the size of the left lower lobe infiltrate. This suggests that there has been some improvement in the lung condition over the course of the treatment.,"Findings: The chest X-ray shows an opacity in the right lower lobe of the lung.

Impression: The presence of an opacity in the right lower lobe may indicate an abnormality, such as an infection, inflammation, or a mass. Further evaluation and clinical correlation are needed to determine the cause and significance of this finding."
419,419_IM-2062-1001.dcm.png,Frontal,normal,normal,"Chest, 2 views, frontal and lateral",Preop bariatric surgery.,"XXXX, XXXX",Cardiac and mediastinal contours are within normal limits. The lungs are clear. Bony structures are intact.,No acute preoperative findings.,/home/20213144/.cache/kagglehub/datasets/raddar/chest-xrays-indiana-university/versions/2/images/images_normalized/419_IM-2062-1001.dcm.png,"Radiology Report

Chest X-ray

Findings:
The chest X-ray shows a small amount of pleural effusion in the right lower lobe.","Radiology Report

Chest X-ray

Findings:
The chest X-ray shows a small amount of pleural effusion in the right lower lobe."
420,420_IM-2064-1001.dcm.png,Frontal,Density/lung/middle lobe/right,Density,PA and lateral views of the chest ,Chest pain.,None.,"Mediastinal contours are within normal limits. Heart size is within normal limits. No focal consolidation, pneumothorax or pleural effusion. No bony abnormality. Vague density in right mid lung, XXXX related to scapular tip and superimposed ribs. Not visualized on lateral exam.","1. Vague density in right XXXX, XXXX related to scapular tip and superimposed ribs. Consider oblique images to exclude true nodule. 2. No acute cardiopulmonary abnormality.",/home/20213144/.cache/kagglehub/datasets/raddar/chest-xrays-indiana-university/versions/2/images/images_normalized/420_IM-2064-1001.dcm.png,"Findings: The chest X-ray shows cardiomegaly, which is an enlargement of the heart, and mild pulmonary congestion. These findings may indicate an underlying heart or lung condition that requires further evaluation and clinical correlation.","Findings: The chest X-ray shows cardiomegaly, which is an enlargement of the heart, and mild pulmonary congestion. These findings may indicate an underlying heart or lung condition that requires further evaluation and clinical correlation."
421,421_IM-2064-1001.dcm.png,Frontal,normal,normal,"Chest x-XXXX XXXX and lateral, XXXX. ",XXXX-year-old female with chest pain,"Chest x-XXXX, XXXX","Lungs are clear without focal consolidation, effusion, or pneumothorax. Normal heart size. Bony thorax and soft tissues grossly unremarkable. Negative for pneumoperitoneum.",Negative for acute cardiopulmonary abnormality.,/home/20213144/.cache/kagglehub/datasets/raddar/chest-xrays-indiana-university/versions/2/images/images_normalized/421_IM-2064-1001.dcm.png,"Radiology Report

Chest X-ray

Findings:
The chest X-ray shows a small amount of pleural effusion in the right lower lobe.","Findings: The chest X-ray shows cardiomegaly, which is an enlargement of the heart, and mild pulmonary congestion. These findings may indicate an underlying heart or lung condition that requires further evaluation and clinical correlation."
422,422_IM-2065-5001.dcm.png,Frontal,Calcified Granuloma/lung/left,Calcified Granuloma,Xray Chest PA and Lateral,ASTHMA; Pt to have hip decompression surgery.,No comparison chest x-XXXX.,,Calcified granuloma periphery left lung. Well-expanded and clear lungs. Mediastinal contour within normal limits. No acute cardiopulmonary abnormality identified.,/home/20213144/.cache/kagglehub/datasets/raddar/chest-xrays-indiana-university/versions/2/images/images_normalized/422_IM-2065-5001.dcm.png,"Radiology Report

Chest X-ray

Findings:
The chest X-ray shows a small amount of pleural effusion in the right lower lobe of the lung. 

Impression:
The presence of a small amount of pleural effusion in the right lower lobe of the lung may indicate an underlying issue, such as an infection, inflammation, or other lung condition. Further evaluation and clinical correlation are needed to determine the cause and appropriate treatment for this finding.","Findings: The chest X-ray shows cardiomegaly, which is an enlargement of the heart, and mild pulmonary congestion. These findings may indicate an underlying heart or lung condition that requires further evaluation and clinical correlation."
423,423_IM-2066-0001-0003.dcm.png,Frontal,"Lung/hypoinflation;Pleural Effusion/bilateral/large;Pulmonary Atelectasis/base/bilateral;Airspace Disease/lung/base/bilateral;Catheters, Indwelling/left;Tube, Inserted;Lucency/diaphragm/left;Pneumoperitoneum","Lung;Pleural Effusion;Pulmonary Atelectasis;Airspace Disease;Catheters, Indwelling;Tube, Inserted;Lucency;Pneumoperitoneum",Xray Chest PA and Lateral,XXXX-year-old male with shortness of breath.,"Portable chest XXXX, XXXX.","There is a left subphrenic crescentic lucency, this is concerning for pneumoperitoneum. There are low lung volumes and bilateral moderate to large pleural effusions with bibasilar atelectasis/airspace disease that are larger in size in comparison to the prior exam. No pneumothorax. Heart size upper limits of normal. The left central venous catheter tip overlies the lower SVC. The feeding tube has been placed in the interval and extends below the diaphragm and below the XXXX-of-view.",1. Concern for left subphrenic free air. Verification with abdominal decubitus views is recommended for further evaluation. 2. Interval increase in size of the moderate to large bilateral pleural effusions with bibasilar atelectasis/airspace disease. 3. Left central venous catheter in unchanged position. 4. Interval placement of feeding tube the courses beneath the diaphragm and out of the XXXX-of-view.,/home/20213144/.cache/kagglehub/datasets/raddar/chest-xrays-indiana-university/versions/2/images/images_normalized/423_IM-2066-0001-0003.dcm.png,"Findings: The chest X-ray shows cardiomegaly, which is an enlargement of the heart, and mild pulmonary congestion. These findings may indicate an underlying heart or lung condition that requires further evaluation and clinical correlation.","Findings: The chest X-ray shows cardiomegaly, which is an enlargement of the heart, and mild pulmonary congestion. These findings may indicate an underlying heart or lung condition that requires further evaluation and clinical correlation."
425,425_IM-2068-1001.dcm.png,Frontal,normal,normal,Chest x-XXXX XXXX ,Chest pain.,XXXX,Lungs are clear. There is no pneumothorax or pleural effusion. The heart and mediastinum are within normal limits. Bony structures are intact.,No acute cardiopulmonary process.,/home/20213144/.cache/kagglehub/datasets/raddar/chest-xrays-indiana-university/versions/2/images/images_normalized/425_IM-2068-1001.dcm.png,"Radiology Report

Chest X-ray

Findings:
The chest X-ray shows a small amount of pleural effusion in the right lower lobe.","Radiology Report

Chest X-ray

Findings:
The chest X-ray shows a small amount of pleural effusion in the right lower lobe. 

Impression:
The presence of a small amount of pleural effusion in the right lower lobe is an important finding. Pleural effusion is the accumulation of fluid in the pleural space, which is the area between the layers of tissue that line the lungs and the chest cavity. This can be caused by various conditions, such as infections, inflammation, heart failure, or malignancies. Further evaluation and clinical correlation are needed to determine the cause and significance of this finding."
426,426_IM-2069-4004.dcm.png,Frontal,"Aorta, Thoracic/tortuous;Spine/degenerative","Aorta, Thoracic;Spine",Xray Chest PA and Lateral,Pain.,None.,Normal heart size. Tortuosity of the thoracic aorta. The lungs are free of any focal airspace disease. There is no pneumothorax or pleural effusion. Degenerative changes are present in the spine.,No acute cardiopulmonary process. .,/home/20213144/.cache/kagglehub/datasets/raddar/chest-xrays-indiana-university/versions/2/images/images_normalized/426_IM-2069-4004.dcm.png,"Radiology Report

Chest X-ray

Findings:
The chest X-ray shows a small amount of pleural effusion in the right lower lobe.","Radiology Report

Chest X-ray

Findings:
The chest X-ray shows a small amount of pleural effusion in the right lower lobe."
427,427_IM-2070-1001.dcm.png,Frontal,normal,normal,PA and lateral chest x-XXXX XXXX at XXXX hours. ,XXXX,None available,"The cardiomediastinal silhouette is within normal limits for size and contour. The lungs are normally inflated without evidence of focal airspace disease, pleural effusion, or pneumothorax. Osseous structures are within normal limits for patient age..",1. No acute radiographic cardiopulmonary process.,/home/20213144/.cache/kagglehub/datasets/raddar/chest-xrays-indiana-university/versions/2/images/images_normalized/427_IM-2070-1001.dcm.png,"Radiology Report

Chest X-ray

Findings:
The chest X-ray shows a small amount of pleural effusion in the right lower lobe of the lung. 

Impression:
The presence of a small amount of pleural effusion in the right lower lobe of the lung may indicate an underlying issue, such as infection, inflammation, or other lung conditions. Further evaluation and clinical correlation are needed to determine the cause and significance of this finding.","Radiology Report

Chest X-ray

Findings:
The chest X-ray shows a small amount of pleural effusion in the right lower lobe of the lung. 

Impression:
The presence of a small amount of pleural effusion in the right lower lobe of the lung may indicate an underlying issue, such as an infection, inflammation, or other lung condition. Further evaluation and clinical correlation are needed to determine the cause and appropriate treatment for this finding."
428,428_IM-2070-1001.dcm.png,Frontal,normal,normal,"CHEST 2V FRONTAL/LATERAL Sept 15, XXXX XXXX XXXX ",remote h/o POS PPD,chest x-XXXX and lateral from XXXX.,"The trachea is midline. The cardiomediastinal silhouette is normal. The lungs are clear, without evidence of acute infiltrate or effusion. There is no evidence of tuberculous disease. There is no pneumothorax. Visualized bony structures reveal no acute abnormalities.",No acute cardiopulmonary abnormalities.,/home/20213144/.cache/kagglehub/datasets/raddar/chest-xrays-indiana-university/versions/2/images/images_normalized/428_IM-2070-1001.dcm.png,"Radiology Report

Chest X-ray

Findings:
The chest X-ray shows a small amount of pleural effusion in the right lower lobe.","Radiology Report

Chest X-ray

Findings:
The chest X-ray shows a small amount of pleural effusion in the right lower lobe. 

Impression:
The presence of a small amount of pleural effusion in the right lower lobe is an important finding. Pleural effusion is the accumulation of fluid in the pleural space, which is the area between the layers of tissue that line the lungs and the chest cavity. This can be caused by various conditions, such as infections, inflammation, heart failure, or malignancies. Further evaluation and clinical correlation are needed to determine the cause and significance of this finding."
429,429_IM-2070-1001.dcm.png,Frontal,normal,normal,Xray Chest PA and Lateral,"Pain, pedestrian XXXX 2 XXXX ago.",None.,"The cardiomediastinal silhouette and pulmonary vasculature are within normal limits in size. The lungs are clear of focal airspace disease, pneumothorax, or pleural effusion. There is no definite evidence of acute fracture.",No acute cardiopulmonary findings. .,/home/20213144/.cache/kagglehub/datasets/raddar/chest-xrays-indiana-university/versions/2/images/images_normalized/429_IM-2070-1001.dcm.png,"Findings: The chest X-ray shows cardiomegaly, which is an enlargement of the heart, and mild pulmonary congestion. These findings may indicate an underlying heart or lung condition that requires further evaluation and clinical correlation.","Findings: The chest X-ray shows cardiomegaly, which is an enlargement of the heart, and mild pulmonary congestion. These findings may indicate an underlying heart or lung condition that requires further evaluation and clinical correlation."
430,430_IM-2071-1001.dcm.png,Frontal,normal,normal,CHEST PA and LATERAL at XXXX p.m. XXXX/XXXX,XXXX-year-old with chest pain,None.,Lungs are clear. No focal infiltrate or effusion. No pneumothorax. Heart and mediastinal contours within normal limits. Visualized osseous structures intact.,No acute cardiopulmonary disease.,/home/20213144/.cache/kagglehub/datasets/raddar/chest-xrays-indiana-university/versions/2/images/images_normalized/430_IM-2071-1001.dcm.png,"Radiology Report

Chest X-ray

Findings:
The chest X-ray shows a small amount of pleural effusion in the right lower lobe.","Radiology Report

Chest X-ray

Findings:
The chest X-ray shows a small amount of pleural effusion in the right lower lobe."
431,431_IM-2072-1001.dcm.png,Frontal,Osteophyte/thoracic vertebrae/multiple;Technical Quality of Image Unsatisfactory ;Cardiomegaly/borderline,Osteophyte;Technical Quality of Image Unsatisfactory ;Cardiomegaly,"CHEST 2V FRONTAL/LATERAL XXXX, XXXX XXXX XXXX ",please XXXX for sarcoid/tuberculosis,"chest 2 views from XXXX, XXXX.",The Heart size is normal. Cardiomediastinal silhouette is normal in contour. The lungs are clear bilaterally. Lateral views obscured by patient body habitus. There is no evidence of apical disease. XXXX are unchanged from previous exam and appear normal. Thoracic spine shows osteophyte formations at several levels.,no radiographic evidence of tuberculosis or sarcoidosis.,/home/20213144/.cache/kagglehub/datasets/raddar/chest-xrays-indiana-university/versions/2/images/images_normalized/431_IM-2072-1001.dcm.png,"Findings: The chest X-ray shows cardiomegaly, which is an enlargement of the heart, and mild pulmonary congestion. These findings may indicate an underlying heart or lung condition that requires further evaluation and clinical correlation.","Findings: The chest X-ray shows cardiomegaly, which is an enlargement of the heart, and mild pulmonary congestion. These findings may indicate an underlying heart or lung condition that requires further evaluation and clinical correlation."
432,432_IM-2072-1001.dcm.png,Frontal,normal,normal,PA and lateral chest x-XXXX XXXX. ,"XXXX-year-old female, XXXX, nonsmoker.",None.,"The cardiomediastinal silhouette is within normal limits for size and contour. The lungs are normally inflated without evidence of focal airspace disease, pleural effusion, or pneumothorax. Cholecystectomy clips overlie the right upper quadrant. No acute bone abnormality.",No acute cardiopulmonary process.,/home/20213144/.cache/kagglehub/datasets/raddar/chest-xrays-indiana-university/versions/2/images/images_normalized/432_IM-2072-1001.dcm.png,"Findings: The chest X-ray shows cardiomegaly, which is an enlargement of the heart, and mild pulmonary congestion. These findings may indicate an underlying heart or lung condition that requires further evaluation and clinical correlation.","Findings: The chest X-ray shows cardiomegaly, which is an enlargement of the heart, and mild pulmonary congestion. These findings may indicate an underlying heart or lung condition that requires further evaluation and clinical correlation."
433,433_IM-2073-1001.dcm.png,Frontal,normal,normal,"PA and lateral chest XXXX, XXXX at XXXX comparison 14 XXXX ",chest pain,,,Heart size normal. Lungs clear.,/home/20213144/.cache/kagglehub/datasets/raddar/chest-xrays-indiana-university/versions/2/images/images_normalized/433_IM-2073-1001.dcm.png,"Radiology Report

Chest X-ray

Findings:
The chest X-ray shows a small amount of pleural effusion in the right lower lobe of the lung. 

Impression:
The presence of a small amount of pleural effusion in the right lower lobe of the lung may indicate an underlying issue, such as infection, inflammation, or other lung conditions. Further evaluation and clinical correlation are needed to determine the cause and significance of this finding.","Findings: The chest X-ray shows cardiomegaly, which is an enlargement of the heart, and mild pulmonary congestion. These findings may indicate an underlying heart or lung condition that requires further evaluation and clinical correlation."
434,434_IM-2074-1001.dcm.png,Frontal,Calcinosis/aorta;Calcinosis/mediastinum/lymph nodes;Lung/hyperdistention;Diaphragm/flattened;Spine/degenerative,Calcinosis;Calcinosis;Lung;Diaphragm;Spine,Xray Chest PA and Lateral,"XXXX-year-old XXXX with XXXX, fatigue.","XXXX, XXXX","Sternotomy XXXX appear intact. Borderline heart size. Aortic calcification noted. Calcified mediastinal lymph XXXX unchanged. Negative for focal pulmonary consolidation, pleural effusion, or pneumothorax. There is hyperexpansion of the lungs with flattening of the diaphragms. Degenerative changes are present in the spine.",No acute abnormality. .,/home/20213144/.cache/kagglehub/datasets/raddar/chest-xrays-indiana-university/versions/2/images/images_normalized/434_IM-2074-1001.dcm.png,"Radiology Report

Chest X-ray

Findings:
The chest X-ray shows a small amount of pleural effusion in the right lower lobe.","Radiology Report

Chest X-ray

Findings:
The chest X-ray shows a small amount of pleural effusion in the right lower lobe. 

Impression:
The presence of a small amount of pleural effusion in the right lower lobe is an important finding. Pleural effusion is the accumulation of fluid in the pleural space, which is the area between the layers of tissue that line the lungs and the chest cavity. This can be caused by various conditions, such as infections, inflammation, heart failure, or malignancies. Further evaluation and clinical correlation are needed to determine the cause and significance of this finding."
435,435_IM-2075-1001.dcm.png,Frontal,normal,normal,Chest x-XXXX XXXX ,Chest pain.,,Lungs are clear. There is no pneumothorax or pleural effusion. The heart and mediastinum are within normal limits. Bony structures are intact.,No acute cardiopulmonary process.,/home/20213144/.cache/kagglehub/datasets/raddar/chest-xrays-indiana-university/versions/2/images/images_normalized/435_IM-2075-1001.dcm.png,"Radiology Report

Chest X-ray

Findings:
The chest X-ray shows a small amount of pleural effusion in the right lower lobe of the lung. 

Impression:
The presence of a small amount of pleural effusion in the right lower lobe of the lung may indicate an underlying issue, such as an infection, inflammation, or other lung condition. Further evaluation and clinical correlation are needed to determine the cause and appropriate treatment for this finding.","Findings: The chest X-ray shows cardiomegaly, which is an enlargement of the heart, and mild pulmonary congestion. These findings may indicate an underlying heart or lung condition that requires further evaluation and clinical correlation."
436,436_IM-2076-1001-0002.dcm.png,Frontal,"Calcinosis/aorta;Hernia, Hiatal/retrocardiac/large;Cardiomegaly/borderline","Calcinosis;Hernia, Hiatal;Cardiomegaly",Xray Chest PA and Lateral,Dyspnea,None.,,Borderline heart size. Calcified aorta. No active pulmonary edema or lobar pneumonia. Probable large retrocardiac hiatal hernia.,/home/20213144/.cache/kagglehub/datasets/raddar/chest-xrays-indiana-university/versions/2/images/images_normalized/436_IM-2076-1001-0002.dcm.png,"Radiology Report

Chest X-ray

Findings:
The chest X-ray shows a small amount of pleural effusion in the right lower lobe.","Radiology Report

Chest X-ray

Findings:
The chest X-ray shows a small amount of pleural effusion in the right lower lobe of the lung. 

Impression:
The presence of a small amount of pleural effusion in the right lower lobe of the lung may indicate an underlying issue, such as infection, inflammation, or other lung conditions. Further evaluation and clinical correlation are needed to determine the cause and significance of this finding."
437,437_IM-2077-1001.dcm.png,Frontal,Cardiomegaly;Aortic Aneurysm;Spine/degenerative/mild;Aorta/prominent,Cardiomegaly;Aortic Aneurysm;Spine;Aorta,Xray Chest PA and Lateral,"XXXX-year-old male, preoperative evaluation. History of thyroid cancer.",CT chest XXXX (part of XXXX/CT scan),"There are postoperative changes of sternotomy. There is cardiomegaly. The contour of the ascending aorta is prominent, consistent with known ascending aortic aneurysm. The lungs appear clear. No focal airspace consolidation. No pleural effusion or pneumothorax. There are minimal degenerative changes of the spine.","1. No acute pulmonary abnormality demonstrated. 2. Stable cardiomegaly. 3. Prominent contour of the ascending aorta, consistent with known ascending aortic aneurysm.",/home/20213144/.cache/kagglehub/datasets/raddar/chest-xrays-indiana-university/versions/2/images/images_normalized/437_IM-2077-1001.dcm.png,"Findings: The chest X-ray shows cardiomegaly, which is an enlargement of the heart, and mild pulmonary congestion. These findings may indicate an underlying heart or lung condition that requires further evaluation and clinical correlation.","Findings: The chest X-ray shows cardiomegaly, which is an enlargement of the heart, and mild pulmonary congestion. These findings may indicate an underlying heart or lung condition that requires further evaluation and clinical correlation."
438,438_IM-2078-1001.dcm.png,Frontal,normal,normal," PA and lateral chest XXXX, XXXX XXXX comparison XXXX ",dyspnea,,,Heart size is normal and lungs are clear,/home/20213144/.cache/kagglehub/datasets/raddar/chest-xrays-indiana-university/versions/2/images/images_normalized/438_IM-2078-1001.dcm.png,"Findings: The chest X-ray shows cardiomegaly, which is an enlargement of the heart, and mild pulmonary congestion. These findings may indicate an underlying heart or lung condition that requires further evaluation and clinical correlation.","Radiology Report

Chest X-ray

Findings:
The chest X-ray shows a small amount of pleural effusion in the right lower lobe."
439,439_IM-2078-1001.dcm.png,Frontal,Calcinosis/lung/base/right/small;Granulomatous Disease;Calcinosis/lung/hilum/lymph nodes/small,Calcinosis;Granulomatous Disease;Calcinosis,Xray Chest PA and Lateral .,Sarcoid Hx sarcoidosis; Occasional XXXX/SOB; No cp/previous injury/surgery; Non-XXXX.,XXXX.,,Small calcification right lung base with appearance of old granulomatous disease. Also small perihilar calcified lymph XXXX. Lungs are clear. No active parenchymal disease. No XXXX of pleural effusions. No pulmonary edema. Normal heart size. No XXXX of active cardiopulmonary disease. Unchanged.,/home/20213144/.cache/kagglehub/datasets/raddar/chest-xrays-indiana-university/versions/2/images/images_normalized/439_IM-2078-1001.dcm.png,"Findings: The chest X-ray shows cardiomegaly, which is an enlargement of the heart, and mild pulmonary congestion. These findings may indicate an underlying heart or lung condition that requires further evaluation and clinical correlation.","Findings: The chest X-ray shows cardiomegaly, which is an enlargement of the heart, and mild pulmonary congestion. These findings may indicate an underlying heart or lung condition that requires further evaluation and clinical correlation."
440,440_IM-2078-5005.dcm.png,Frontal,Emphysema;Thickening/pleura/apex/left/focal;Cicatrix/pleura/apex/left;Atherosclerosis/aorta,Emphysema;Thickening;Cicatrix;Atherosclerosis,Xray Chest PA and Lateral ,Hemorrhagic infarct. Increased BNP.,None.,Heart size is within normal limits. Emphysematous changes. Focal pleural thickening in the left apex is XXXX scarring. Atherosclerotic calcifications of the aortic XXXX. There is no focal infiltrate. No pneumothorax or pleural effusion.,Emphysema without acute cardiopulmonary findings.,/home/20213144/.cache/kagglehub/datasets/raddar/chest-xrays-indiana-university/versions/2/images/images_normalized/440_IM-2078-5005.dcm.png,"Radiology Report

Chest X-ray

Findings:
The chest X-ray shows a small amount of pleural effusion in the right lower lobe.","Radiology Report

Chest X-ray

Findings:
The chest X-ray shows a small amount of pleural effusion in the right lower lobe. 

Impression:
The presence of a small amount of pleural effusion in the right lower lobe is an important finding. Pleural effusion is the accumulation of fluid in the pleural space, which is the area between the layers of tissue that line the lungs and the chest cavity. This can be caused by various conditions, such as infections, inflammation, heart failure, or malignancies. Further evaluation and clinical correlation are needed to determine the cause and significance of this finding."
441,441_IM-2078-1001.dcm.png,Frontal,Calcified Granuloma/lung/scattered/multiple;Granulomatous Disease;Nodule/lung/scattered/multiple;Calcinosis/lung/scattered/multiple,Calcified Granuloma;Granulomatous Disease;Nodule;Calcinosis,PA and lateral views of the chest ,Evaluate for pneumonia.,Chest x-XXXX dated XXXX.,"Mediastinal contours are normal. Heart size is within normal limits. Multiple scattered calcified pulmonary nodules, XXXX sequela of prior granulomatous disease. Otherwise lungs are clear.. There is no pneumothorax or large pleural effusion. No bony abnormality.",No acute cardiopulmonary abnormality.,/home/20213144/.cache/kagglehub/datasets/raddar/chest-xrays-indiana-university/versions/2/images/images_normalized/441_IM-2078-1001.dcm.png,"Findings: The chest X-ray shows an opacity in the right lower lobe of the lung.

Impression: The presence of an opacity in the right lower lobe may indicate an abnormality, such as an infection, inflammation, or a mass. Further evaluation and clinical correlation are needed to determine the cause and significance of this finding.","Findings: The chest X-ray shows a right basal infiltrate, which is an area of increased density in the lower part of the right lung."
442,442_IM-2078-1001.dcm.png,Frontal,"Lung/hyperdistention;Pulmonary Disease, Chronic Obstructive","Lung;Pulmonary Disease, Chronic Obstructive"," CHEST 2V FRONTAL/LATERAL XXXX, XXXX XXXX PM ",sob,"XXXX, XXXX.",The lungs remain hyperexpanded. No XXXX infiltrates or masses. Heart and mediastinum are normal.,XXXX change COPD with no acute findings.,/home/20213144/.cache/kagglehub/datasets/raddar/chest-xrays-indiana-university/versions/2/images/images_normalized/442_IM-2078-1001.dcm.png,"Radiology Report

Chest X-ray

Findings:
The chest X-ray shows a small amount of pleural effusion in the right lower lobe.","Radiology Report

Chest X-ray

Findings:
The chest X-ray shows a small amount of pleural effusion in the right lower lobe. 

Impression:
The presence of a small amount of pleural effusion in the right lower lobe is an important finding. Pleural effusion is the accumulation of fluid in the pleural space, which is the area between the layers of tissue that line the lungs and the chest cavity. This can be caused by various conditions, such as infections, inflammation, heart failure, or malignancies. Further evaluation and clinical correlation are needed to determine the cause and significance of this finding."
443,443_IM-2078-1001.dcm.png,Frontal,Thoracic Vertebrae/degenerative,Thoracic Vertebrae,PA and Lateral Chest Radiograph ,Positive PPD,,"Heart size and mediastinal contour within normal limits. No focal airspace consolidation, pneumothorax, or large pleural effusion. Degenerative changes of thoracic spine.","No acute cardiopulmonary abnormality, specifically no evidence for acute tuberculosis.",/home/20213144/.cache/kagglehub/datasets/raddar/chest-xrays-indiana-university/versions/2/images/images_normalized/443_IM-2078-1001.dcm.png,"Findings: The chest X-ray shows cardiomegaly, which is an enlargement of the heart, and mild pulmonary congestion. These findings may indicate an underlying heart or lung condition that requires further evaluation and clinical correlation.","Findings: The chest X-ray shows cardiomegaly, which is an enlargement of the heart, and mild pulmonary congestion. These findings may indicate an underlying heart or lung condition that requires further evaluation and clinical correlation."
444,444_IM-2079-1001.dcm.png,Frontal,normal,normal,"PA and lateral chest, XXXX, XXXX XXXX PM ",XXXX-year-old female with chest pain.,None.,The heart size is normal. The mediastinal contour is within normal limits. The lungs are free of any focal infiltrates. There are no nodules or masses. No visible pneumothorax. No visible pleural fluid. The XXXX are grossly normal. There is no visible free intraperitoneal air under the diaphragm.,No acute radiographic cardiopulmonary process.,/home/20213144/.cache/kagglehub/datasets/raddar/chest-xrays-indiana-university/versions/2/images/images_normalized/444_IM-2079-1001.dcm.png,"Radiology Report

Chest X-ray

Findings:
The chest X-ray shows a small amount of pleural effusion in the right lower lobe.","Findings: The chest X-ray shows cardiomegaly, which is an enlargement of the heart, and mild pulmonary congestion. These findings may indicate an underlying heart or lung condition that requires further evaluation and clinical correlation."
445,445_IM-2079-1001.dcm.png,Frontal,normal,normal," PA and lateral chest XXXX, XXXX at time XXXX ",chest pain,,,Heart size is normal and lungs are clear.,/home/20213144/.cache/kagglehub/datasets/raddar/chest-xrays-indiana-university/versions/2/images/images_normalized/445_IM-2079-1001.dcm.png,"Radiology Report

Chest X-ray

Findings:
The chest X-ray shows a small amount of pleural effusion in the right lower lobe.","Findings: The chest X-ray shows cardiomegaly, which is an enlargement of the heart, and mild pulmonary congestion. These findings may indicate an underlying heart or lung condition that requires further evaluation and clinical correlation."
446,446_IM-2080-1001.dcm.png,Frontal,Spondylosis/thoracic vertebrae,Spondylosis,"Chest, 2 views, frontal and lateral",Preop total knee replacement.,None.,The cardiac contours are normal. The lungs are clear. Thoracic spondylosis.,No acute preoperative findings.,/home/20213144/.cache/kagglehub/datasets/raddar/chest-xrays-indiana-university/versions/2/images/images_normalized/446_IM-2080-1001.dcm.png,"Findings: The chest X-ray shows cardiomegaly, which is an enlargement of the heart, and mild pulmonary congestion. These findings may indicate an underlying heart or lung condition that requires further evaluation and clinical correlation.","Findings: The chest X-ray shows cardiomegaly, which is an enlargement of the heart, and mild pulmonary congestion. These findings may indicate an underlying heart or lung condition that requires further evaluation and clinical correlation."
448,448_IM-2080-1001.dcm.png,Frontal,normal,normal,PA and lateral views of the chest. ,"XXXX-year-old female, pregnant.",Portable chest from XXXX.,Heart size is within normal limits. No focal airspace consolidations. No pneumothorax or pleural effusion.,No acute cardiopulmonary findings.,/home/20213144/.cache/kagglehub/datasets/raddar/chest-xrays-indiana-university/versions/2/images/images_normalized/448_IM-2080-1001.dcm.png,"Findings: The chest X-ray shows cardiomegaly, which is an enlargement of the heart, and mild pulmonary congestion. These findings may indicate an underlying heart or lung condition that requires further evaluation and clinical correlation.","Findings: The chest X-ray shows cardiomegaly, which is an enlargement of the heart, and mild pulmonary congestion. These findings may indicate an underlying heart or lung condition that requires further evaluation and clinical correlation."
449,449_IM-2080-1001.dcm.png,Frontal,normal,normal,"Chest radiographs, 2 images. ",XXXX-year-old with wheezing.,None.,Cardiac silhouette within normal limits. No edema or airspace consolidation. No pneumothorax. No pleural effusion.,No evidence of acute cardiopulmonary process.,/home/20213144/.cache/kagglehub/datasets/raddar/chest-xrays-indiana-university/versions/2/images/images_normalized/449_IM-2080-1001.dcm.png,"Radiology Report

Chest X-ray

Findings:
The chest X-ray shows a small amount of pleural effusion in the right lower lobe.","Radiology Report

Chest X-ray

Findings:
The chest X-ray shows a mass in the left hemithorax.

Impression:
The presence of a mass in the left hemithorax may indicate an abnormal growth or lesion in that region of the chest. Further evaluation and tests would be needed to determine the exact nature of the mass and the appropriate course of treatment."
450,450_IM-2082-1001.dcm.png,Frontal,normal,normal,PA and lateral of the chest ,XXXX-year-old chest pain.,,No focal consolidation. No pneumothorax. No pleural effusions. Heart size normal. Cardio mediastinal silhouette is unremarkable.,1. No acute cardiopulmonary findings.,/home/20213144/.cache/kagglehub/datasets/raddar/chest-xrays-indiana-university/versions/2/images/images_normalized/450_IM-2082-1001.dcm.png,"Findings: The chest X-ray shows cardiomegaly, which is an enlargement of the heart, and mild pulmonary congestion. These findings may indicate an underlying heart or lung condition that requires further evaluation and clinical correlation.","Findings: The chest X-ray shows cardiomegaly, which is an enlargement of the heart, and mild pulmonary congestion. These findings may indicate an underlying heart or lung condition that requires further evaluation and clinical correlation."
451,451_IM-2082-1001.dcm.png,Frontal,Calcinosis/mediastinum/lymph nodes,Calcinosis,"Pelvis with bilateral hips, AP femur with PA and lateral chest XXXX, XXXX.",Bilateral hip pain with osteoarthritis. Possible hip replacement.,,On the right there is marked narrowing of the hip joint space uniformly throughout. Osteophyte formation is present with some sclerosis and subchondral cyst formation vertically along the superior acetabulum and femoral head. I do not see evidence for fracture or destructive process. AP view of the femur shows no femoral XXXX destructive process or other significant abnormality. For of the Left hip shows near-complete obliteration of the joint space with severe subchondral sclerosis and cystic formation in both the superior acetabulum and superior aspect of the femoral head. No fracture or destructive process is identified. Surgical markers were XXXX in the images and left hip for the purpose of surgical planning. PA and lateral chest show the lungs to be clear. There may be some hyperinflation. No pleural effusion is identified. The heart is normal in size. There are calcified mediastinal lymph XXXX. The skeletal structures appear normal.,1.Severe arthritic changes in both hips left worse than right. 2. Possible COPD but no acute pulmonary disease.,/home/20213144/.cache/kagglehub/datasets/raddar/chest-xrays-indiana-university/versions/2/images/images_normalized/451_IM-2082-1001.dcm.png,"Findings: The chest X-ray shows cardiomegaly, which is an enlargement of the heart, and mild pulmonary congestion. These findings may indicate an underlying heart or lung condition that requires further evaluation and clinical correlation.","Findings: The chest X-ray shows cardiomegaly, which is an enlargement of the heart, and mild pulmonary congestion. These findings may indicate an underlying heart or lung condition that requires further evaluation and clinical correlation."
452,452_IM-2083-1001.dcm.png,Frontal,Sutures/lung/apex/left,Sutures,"PA and lateral views of the chest, XXXX, XXXX XXXX XXXX",",786.2 XXXX - f/u ? aspiration",XXXX at XXXX,The lungs appear clear. No evidence of focal pneumonia. The heart and pulmonary XXXX are normal. There is suture material at the left apex suggesting prior lung surgery. In the pleural spaces are clear. Mediastinal contours appear normal.,1. No evidence of pneumonia or aspiration 2. Suture material along left apex suggesting prior lung surgery,/home/20213144/.cache/kagglehub/datasets/raddar/chest-xrays-indiana-university/versions/2/images/images_normalized/452_IM-2083-1001.dcm.png,"Findings: The chest X-ray shows cardiomegaly, which is an enlargement of the heart, and mild pulmonary congestion. These findings may indicate an underlying heart or lung condition that requires further evaluation and clinical correlation.","Findings: The chest X-ray shows cardiomegaly, which is an enlargement of the heart, and mild pulmonary congestion. These findings may indicate an underlying heart or lung condition that requires further evaluation and clinical correlation."
453,453_IM-2084-1001.dcm.png,Frontal,Pulmonary Fibrosis/base/bilateral,Pulmonary Fibrosis,Xray Chest PA and Lateral,Preop anesthesia XXXX,None.,,Concerning findings for fibrosis in the bases of the lungs. This can be further characterized with a XXXX of the chest. No confluent lobar pneumonia or pleural effusion.,/home/20213144/.cache/kagglehub/datasets/raddar/chest-xrays-indiana-university/versions/2/images/images_normalized/453_IM-2084-1001.dcm.png,"Findings: The chest X-ray shows an opacity in the right lower lobe of the lung.

Impression: The presence of an opacity in the right lower lobe may indicate an abnormality, such as an infection, inflammation, or a mass. Further evaluation and clinical correlation are needed to determine the cause and significance of this finding.","Findings: The chest X-ray shows an opacity in the right lower lobe of the lung.

Impression: The presence of an opacity in the right lower lobe may indicate an abnormality, such as an infection, inflammation, or a mass. Further evaluation and clinical correlation are needed to determine the cause and significance of this finding."
454,454_IM-2085-1001.dcm.png,Frontal,Cardiomegaly/mild,Cardiomegaly,Chest radiograph PA and lateral. ,XXXX-year-old woman with chest pain.,XXXX.,There is stable mild cardiac enlargement. Lungs are clear. There is no pleural line to suggest pneumothorax or costophrenic XXXX blunting to suggest large pleural effusion. Bony structures are within normal limits.,Stable mild cardiomegaly. No acute cardiopulmonary findings.,/home/20213144/.cache/kagglehub/datasets/raddar/chest-xrays-indiana-university/versions/2/images/images_normalized/454_IM-2085-1001.dcm.png,"Findings: The chest X-ray shows cardiomegaly, which is an enlargement of the heart, and mild pulmonary congestion. These findings may indicate an underlying heart or lung condition that requires further evaluation and clinical correlation.","Findings: The chest X-ray shows cardiomegaly, which is an enlargement of the heart, and mild pulmonary congestion. These findings may indicate an underlying heart or lung condition that requires further evaluation and clinical correlation."
455,455_IM-2086-4004.dcm.png,Frontal,Lung/hypoinflation;Markings/bronchovascular;Pulmonary Atelectasis/base;Cardiac Shadow/right/prominent;Thoracic Vertebrae/degenerative/chronic,Lung;Markings;Pulmonary Atelectasis;Cardiac Shadow;Thoracic Vertebrae,"PA and Lateral Chest Radiograph XXXX, XXXX XXXX XXXX","XXXX-year-old male, status post cardiac arrest","Chest radiograph XXXX, XXXX","There are low lung volumes with associated bronchovascular crowding and basilar subsegmental atelectasis. There is stable prominence of the right cardiac silhouette. The mediastinum is unremarkable. There is no pleural effusion, pneumothorax, or focal airspace disease. There are stable chronic degenerative changes of the thoracic spine.",No acute cardiopulmonary abnormality.,/home/20213144/.cache/kagglehub/datasets/raddar/chest-xrays-indiana-university/versions/2/images/images_normalized/455_IM-2086-4004.dcm.png,"Radiology Report

Chest X-ray

Findings:
The chest X-ray shows a small amount of pleural effusion in the right lower lobe of the lung. 

Impression:
The presence of a small amount of pleural effusion in the right lower lobe of the lung may indicate an underlying issue, such as infection, inflammation, or other lung conditions. Further evaluation and clinical correlation are needed to determine the cause and significance of this finding.","Radiology Report

Chest X-ray

Findings:
The chest X-ray shows a small amount of pleural effusion in the right lower lobe of the lung. 

Impression:
The presence of a small amount of pleural effusion in the right lower lobe of the lung may indicate an underlying issue, such as infection, inflammation, or other lung conditions. Further evaluation and clinical correlation are needed to determine the cause and significance of this finding."
456,456_IM-2087-1001.dcm.png,Frontal,Granulomatous Disease,Granulomatous Disease,"PA and Lateral Chest: XXXX, XXXX at XXXX p.m.",XXXX-year-old female with mid back pain that radiates to rib. XXXX recent injury.,XXXX,"PA and lateral radiograph the chest demonstrate stable cardiomediastinal silhouette. No focal consolidation, large pleural effusion, or pneumothorax is identified. Evidence of prior granulomatous disease. Visualized osseous structures appear intact.",No acute cardiopulmonary abnormality.,/home/20213144/.cache/kagglehub/datasets/raddar/chest-xrays-indiana-university/versions/2/images/images_normalized/456_IM-2087-1001.dcm.png,"Radiology Report

Chest X-ray

Findings:
The chest X-ray shows a small amount of pleural effusion in the right lower lobe of the lung. 

Impression:
The presence of a small amount of pleural effusion in the right lower lobe of the lung may indicate an underlying issue, such as infection, inflammation, or other lung conditions. Further evaluation and clinical correlation are needed to determine the cause and significance of this finding.","Radiology Report

Chest X-ray

Findings:
The chest X-ray shows a small amount of pleural effusion in the right lower lobe of the lung. 

Impression:
The presence of a small amount of pleural effusion in the right lower lobe of the lung may indicate an underlying issue, such as infection, inflammation, or other lung conditions. Further evaluation and clinical correlation are needed to determine the cause and significance of this finding."
457,457_IM-2088-1001-0001.dcm.png,Frontal,Calcified Granuloma/lung/lingula;Density/lung/upper lobe/right/anterior/round;Opacity/lung/interstitial/prominent,Calcified Granuloma;Density;Opacity,Xray Chest PA and Lateral,XXXX,"Chest 2 views. XXXX, XXXX.","There is a calcified granuloma left midlung. There is round density within the anterior segment of the right upper lobe. There are prominent interstitial opacities which may represent changes associated with fibrosis. Heart size is normal. No pneumothorax. anterior segment of upper lobe, rounded focal density. could be XXXX lung nodule.",Round density within the anterior segment of the right upper lobe. This may represent XXXX pulmonary nodule. The primordial XXXX was employed to notify the referring physicians of this critical finding. .,/home/20213144/.cache/kagglehub/datasets/raddar/chest-xrays-indiana-university/versions/2/images/images_normalized/457_IM-2088-1001-0001.dcm.png,"Radiology Report

Chest X-ray

Findings:
The chest X-ray shows a small amount of pleural effusion in the right lower lobe of the lung. 

Impression:
The presence of a small amount of pleural effusion in the right lower lobe of the lung may indicate an underlying issue, such as infection, inflammation, or other lung conditions. Further evaluation and clinical correlation are needed to determine the cause and significance of this finding.","Findings: The chest X-ray shows patchy bilateral infiltrates, which are areas of increased opacity in the lung tissue. These infiltrates can be caused by various factors, such as infections, inflammation, or other lung conditions."
458,458_IM-2089-1001.dcm.png,Frontal,No Indexing,No Indexing,"PA and lateral views of the chest, XXXX, XXXX XXXX PM",XXXX H/O SMOKING XXXX FOR CAUSES. PAIN IN NECK AND XXXX.,,The lungs are clear. The heart and pulmonary XXXX are normal. The pleural spaces are clear. Mediastinal contours are normal. Bony overlap in the lung apices could obscure a small pulmonary nodule.,No acute cardiopulmonary disease,/home/20213144/.cache/kagglehub/datasets/raddar/chest-xrays-indiana-university/versions/2/images/images_normalized/458_IM-2089-1001.dcm.png,"Radiology Report

Chest X-ray

Findings:
The chest X-ray shows a small amount of pleural effusion in the right lower lobe.","Findings: The chest X-ray shows cardiomegaly, which is an enlargement of the heart, and mild pulmonary congestion. These findings may indicate an underlying heart or lung condition that requires further evaluation and clinical correlation."
459,459_IM-2090-2001.dcm.png,Frontal,normal,normal,"PA and lateral chest radiograph, XXXX XXXX hours. ","XXXX-year-old male, rule out foreign body.",None.,"The cardiac and mediastinal contours are normal. The lungs are well-inflated and clear. There is no focal consolidation, pneumothorax or effusion. No acute bony abnormalities are seen. No radiopaque foreign bodies are present.",No evidence of acute cardiopulmonary process. Negative examination of the chest.,/home/20213144/.cache/kagglehub/datasets/raddar/chest-xrays-indiana-university/versions/2/images/images_normalized/459_IM-2090-2001.dcm.png,"Radiology Report

Chest X-ray

Findings:
The chest X-ray shows a small amount of pleural effusion in the right lower lobe.","Findings: The chest X-ray shows cardiomegaly, which is an enlargement of the heart, and mild pulmonary congestion. These findings may indicate an underlying heart or lung condition that requires further evaluation and clinical correlation."
460,460_IM-2090-1001.dcm.png,Frontal,"Aorta, Thoracic/tortuous/mild","Aorta, Thoracic",2 views Chest: XXXX,Chest pain and dizziness,Chest x-XXXX XXXX,"The lungs and pleural spaces show no acute abnormality. Heart size and pulmonary vascularity within normal limits. Mild tortuosity of the thoracic aorta, unchanged",1. No acute pulmonary abnormality.,/home/20213144/.cache/kagglehub/datasets/raddar/chest-xrays-indiana-university/versions/2/images/images_normalized/460_IM-2090-1001.dcm.png,"Radiology Report

Chest X-ray

Findings:
The chest X-ray shows a small amount of pleural effusion in the right lower lobe of the lung. 

Impression:
The presence of a small amount of pleural effusion in the right lower lobe of the lung may indicate an underlying issue, such as infection, inflammation, or other lung conditions. Further evaluation and clinical correlation are needed to determine the cause and significance of this finding.","Findings: The chest X-ray shows cardiomegaly, which is an enlargement of the heart, and mild pulmonary congestion. These findings may indicate an underlying heart or lung condition that requires further evaluation and clinical correlation."
461,461_IM-2090-1001.dcm.png,Frontal,normal,normal,Xray Chest PA and Lateral,"XXXX, throat pain, right ear pain",,"The cardiomediastinal silhouette is normal size and configuration. Pulmonary vasculature within normal limits. The lungs are well-aerated. There is no pneumothorax, pleural effusion, or focal consolidation.",No acute cardiopulmonary disease. .,/home/20213144/.cache/kagglehub/datasets/raddar/chest-xrays-indiana-university/versions/2/images/images_normalized/461_IM-2090-1001.dcm.png,"Radiology Report

Chest X-ray

Findings:
The chest X-ray shows a small amount of pleural effusion in the right lower lobe.","Findings: The chest X-ray shows cardiomegaly, which is an enlargement of the heart, and mild pulmonary congestion. These findings may indicate an underlying heart or lung condition that requires further evaluation and clinical correlation."
462,462_IM-2090-1001.dcm.png,Frontal,"Cardiomegaly/mild;Aorta, Thoracic/tortuous/mild","Cardiomegaly;Aorta, Thoracic","PA lateral chest x-XXXX XXXX, XXXX XXXX hours ","XXXX-year-old male, dyspnea",None available,Mild cardiomegaly. Mild unfolding of the thoracic aorta. No focal air space opacity. No pleural effusion or pneumothorax. Visualized osseous structures are unremarkable in appearance.,"1. Mild cardiomegaly. 2. Otherwise, no acute cardiopulmonary abnormalities.",/home/20213144/.cache/kagglehub/datasets/raddar/chest-xrays-indiana-university/versions/2/images/images_normalized/462_IM-2090-1001.dcm.png,"Radiology Report

Chest X-ray

Findings:
The chest X-ray shows a small amount of pleural effusion in the right lower lobe of the lung. 

Impression:
The presence of a small amount of pleural effusion in the right lower lobe of the lung may indicate an underlying issue, such as infection, inflammation, or other lung conditions. Further evaluation and clinical correlation are needed to determine the cause and significance of this finding.","Findings: The chest X-ray shows cardiomegaly, which is an enlargement of the heart, and mild pulmonary congestion. These findings may indicate an underlying heart or lung condition that requires further evaluation and clinical correlation."
463,463_IM-2091-1001.dcm.png,Frontal,Opacity/lung/lower lobe/left;Osteophyte/thoracic vertebrae/multiple;Calcinosis/lung/hilum/lymph nodes;Mass/thorax/left,Opacity;Osteophyte;Calcinosis;Mass,Xray Chest PA and Lateral,"Preoperative, knee surgery.",None available.,There is a approximately 4 cm opacity with one XXXX margin and the other ill-defined in the lateral lower left lung is seen on the PA view. This is not definitely seen on the lateral view. There is no pneumothorax or pleural effusion. The cardiac silhouette is within normal limits. There are T-spine osteophytes. There is no pneumothorax or pleural effusion. There are calcified hilar lymph XXXX there,Approximately 4.8 cm mass in the left lower hemithorax. This is favored to be arising from the chest wall and be pleural based. A CT of the chest is recommended for further evaluation. Critical result notification documented through Primordial.,/home/20213144/.cache/kagglehub/datasets/raddar/chest-xrays-indiana-university/versions/2/images/images_normalized/463_IM-2091-1001.dcm.png,"Radiology Report

Chest X-ray

Findings:
The chest X-ray shows a small amount of pleural effusion in the right lower lobe.","Radiology Report

Chest X-ray

Findings:
The chest X-ray shows a small amount of pleural effusion in the right lower lobe."
464,464_IM-2092-12012.dcm.png,Frontal,Diaphragmatic Eventration/right;Spine/degenerative,Diaphragmatic Eventration;Spine,Xray Chest PA and Lateral,Chest pain.,None.,Heart size and pulmonary vascularity appear within normal limits. The lungs are free of focal airspace disease. No pleural effusion or pneumothorax is seen. There is eventration of the right hemidiaphragm. Degenerative changes are present in the spine.,1. No evidence of active disease.,/home/20213144/.cache/kagglehub/datasets/raddar/chest-xrays-indiana-university/versions/2/images/images_normalized/464_IM-2092-12012.dcm.png,"Findings: The chest X-ray shows an opacity in the right lower lobe of the lung.

Impression: The presence of an opacity in the right lower lobe may indicate an abnormality, such as an infection, inflammation, or a mass. Further evaluation and clinical correlation are needed to determine the cause and significance of this finding.","Findings: The chest X-ray shows bilateral hilar lymphadenopathy, which means there is enlargement of the lymph nodes in the region where the bronchi enter the lungs (the hilum)."
465,465_IM-2093-0001-0002.dcm.png,Frontal,Opacity/lung/lower lobe/right/patchy;Opacity/lung/middle lobe/right/patchy;Pneumothorax/apex/right/small;Pleural Effusion/right/small;Pulmonary Atelectasis/lower lobe/right;Pulmonary Atelectasis/middle lobe/right,Opacity;Opacity;Pneumothorax;Pleural Effusion;Pulmonary Atelectasis;Pulmonary Atelectasis,Xray Chest PA and Lateral,XXXX-year-old status post thoracentesis,,Normal cardiomediastinal contours. Right lower lung patchy opacities. Small right pneumothorax. Small right pleural effusion.,"1. Small right apical pneumothorax. 2. Right middle and lower lobe patchy opacities, XXXX residual atelectasis. 3. Near-complete resolution of right-sided pleural effusion with XXXX residual. .",/home/20213144/.cache/kagglehub/datasets/raddar/chest-xrays-indiana-university/versions/2/images/images_normalized/465_IM-2093-0001-0002.dcm.png,"Findings: The chest X-ray shows cardiomegaly, which is an enlargement of the heart, and mild pulmonary congestion. These findings may indicate an underlying heart or lung condition that requires further evaluation and clinical correlation.","Findings: The chest X-ray shows cardiomegaly, which is an enlargement of the heart, and mild pulmonary congestion. These findings may indicate an underlying heart or lung condition that requires further evaluation and clinical correlation."
466,466_IM-2094-2002.dcm.png,Frontal,Aorta/tortuous/mild;Scoliosis/lumbar vertebrae/left/mild,Aorta;Scoliosis,Frontal and lateral chest on XXXX at XXXX.,Hypertension.,None available.,"Normal heart size. Mild tortuosity of the aorta. No pneumothorax, pleural effusion or suspicious airspace opacity. Mild levoscoliosis of the lumbar spine.",No acute abnormality seen.,/home/20213144/.cache/kagglehub/datasets/raddar/chest-xrays-indiana-university/versions/2/images/images_normalized/466_IM-2094-2002.dcm.png,"Findings: The chest X-ray shows cardiomegaly, which is an enlargement of the heart, and mild pulmonary congestion. These findings may indicate an underlying heart or lung condition that requires further evaluation and clinical correlation.","Findings: The chest X-ray shows cardiomegaly, which is an enlargement of the heart, and mild pulmonary congestion. These findings may indicate an underlying heart or lung condition that requires further evaluation and clinical correlation."
468,468_IM-2096-1001.dcm.png,Frontal,"Nodule/lung/apex/right;Lung/hyperdistention;Density/thorax/scattered;Costophrenic Angle/blunted/chronic;Fractures, Bone/ribs/right/posterior/healed","Nodule;Lung;Density;Costophrenic Angle;Fractures, Bone",2 views Chest: XXXX,Syncope,Chest x-XXXX XXXX,The lungs and pleural spaces show no acute abnormality. There is a XXXX 10 XXXX nodule in the right apex projecting between the third and fourth posterior ribs. Lungs are hyperexpanded. Heart size and pulmonary vascularity within normal limits. Scattered XXXX densities throughout the chest from prior gunshot wound. Chronic blunting of the costophrenic XXXX. Healed right 10th and left 9th posterolateral rib fracture.,1. No acute pulmonary abnormality. 2. XXXX right apical nodule. Further evaluation XXXX chest should be considered to exclude the possibility of pulmonary malignancy. 3.Chronic findings as discussed below.,/home/20213144/.cache/kagglehub/datasets/raddar/chest-xrays-indiana-university/versions/2/images/images_normalized/468_IM-2096-1001.dcm.png,"Radiology Report

Chest X-ray

Findings:
The chest X-ray shows a small amount of pleural effusion in the right lower lobe of the lung. 

Impression:
The presence of a small amount of pleural effusion in the right lower lobe of the lung may indicate an underlying issue, such as infection, inflammation, or other lung conditions. Further evaluation and clinical correlation are needed to determine the cause and significance of this finding.","Radiology Report

Chest X-ray

Findings:
The chest X-ray shows a small amount of pleural effusion in the right lower lobe of the lung. 

Impression:
The presence of a small amount of pleural effusion in the right lower lobe of the lung may indicate an underlying issue, such as infection, inflammation, or other lung conditions. Further evaluation and clinical correlation are needed to determine the cause and significance of this finding."
469,469_IM-2097-1001.dcm.png,Frontal,Scoliosis/lumbar vertebrae;Scoliosis/thoracic vertebrae;Spine/degenerative,Scoliosis;Scoliosis;Spine,PA and lateral chest radiographs dated XXXX at XXXX hours. ,XXXX-year-old with dyspnea.,Two views of the chest dated XXXX.,"The heart, pulmonary XXXX and mediastinum are within normal limits. There is no pleural effusion or pneumothorax. There is no focal airspace opacity to suggest a pneumonia. There are scoliotic changes of the thoracolumbar spine. There degenerative changes of the spine.",No acute cardiopulmonary disease.,/home/20213144/.cache/kagglehub/datasets/raddar/chest-xrays-indiana-university/versions/2/images/images_normalized/469_IM-2097-1001.dcm.png,"Findings: The chest X-ray shows an interval decrease in the size of the left lower lobe opacity, along with the presence of new nodular opacities. These findings suggest that there have been changes in the lung tissue, possibly indicating an improvement or worsening of a lung condition.","Findings: The chest X-ray shows an opacity in the right lower lobe of the lung.

Impression: The presence of an opacity in the right lower lobe may indicate an abnormality, such as an infection, inflammation, or a mass. Further evaluation and clinical correlation are needed to determine the cause and significance of this finding."
470,470_IM-2099-3001.dcm.png,Frontal,normal,normal,"PA and lateral chest radiograph, XXXX at XXXX hours. ",XXXX-year-old male with XXXX.,"PA and lateral chest radiograph, XXXX.","The cardiac and mediastinal contours are within normal limits. The lungs are well-inflated and clear. There is no focal consolidation, pneumothorax, or effusion. The bony structures of the thorax are unremarkable.",No evidence of acute cardiopulmonary process. Stable appearance of the chest.,/home/20213144/.cache/kagglehub/datasets/raddar/chest-xrays-indiana-university/versions/2/images/images_normalized/470_IM-2099-3001.dcm.png,"Radiology Report

Chest X-ray

Findings:
The chest X-ray shows a small amount of pleural effusion in the right lower lobe.","Findings: The chest X-ray shows cardiomegaly, which is an enlargement of the heart, and mild pulmonary congestion. These findings may indicate an underlying heart or lung condition that requires further evaluation and clinical correlation."
471,471_IM-2099-2002.dcm.png,Frontal,Funnel Chest/mild,Funnel Chest,Xray Chest PA and Lateral,"XXXX, XXXX",,The heart is normal in size. The mediastinum is unremarkable. Mild pectus excavatum deformity is noted. The lungs are clear.,No acute disease.,/home/20213144/.cache/kagglehub/datasets/raddar/chest-xrays-indiana-university/versions/2/images/images_normalized/471_IM-2099-2002.dcm.png,"Radiology Report

Chest X-ray

Findings:
The chest X-ray shows a small amount of pleural effusion in the right lower lobe.","Findings: The chest X-ray shows cardiomegaly, which is an enlargement of the heart, and mild pulmonary congestion. These findings may indicate an underlying heart or lung condition that requires further evaluation and clinical correlation."
472,472_IM-2100-1001.dcm.png,Frontal,Thoracic Vertebrae/degenerative,Thoracic Vertebrae,"PA and lateral chest x-XXXX XXXX, XXXX XXXX hours ",54 old male with chest pain,"CT chest XXXX, XXXX",Normal heart size and mediastinal contours. No focal airspace consolidation. No pleural effusion or pneumothorax. Stable postoperative and degenerative changes of the XXXX. Stable degenerative disc disease of the thoracic spine.,No acute cardiopulmonary abnormalities.,/home/20213144/.cache/kagglehub/datasets/raddar/chest-xrays-indiana-university/versions/2/images/images_normalized/472_IM-2100-1001.dcm.png,"Radiology Report

Chest X-ray

Findings:
The chest X-ray shows a small amount of pleural effusion in the right lower lobe.","Radiology Report

Chest X-ray

Findings:
The chest X-ray shows a small amount of pleural effusion in the right lower lobe. 

Impression:
The presence of a small amount of pleural effusion in the right lower lobe is an important finding. Pleural effusion is the accumulation of fluid in the pleural space, which is the area between the layers of tissue that line the lungs and the chest cavity. This can be caused by various conditions, such as infections, inflammation, heart failure, or malignancies. Further evaluation and clinical correlation are needed to determine the cause and significance of this finding."
473,473_IM-2101-1001.dcm.png,Frontal,normal,normal, PA and lateral chest.,preop for XXXX,,,Heart size normal. Lungs clear.,/home/20213144/.cache/kagglehub/datasets/raddar/chest-xrays-indiana-university/versions/2/images/images_normalized/473_IM-2101-1001.dcm.png,"Findings: The chest X-ray shows cardiomegaly, which is an enlargement of the heart, and mild pulmonary congestion. These findings may indicate an underlying heart or lung condition that requires further evaluation and clinical correlation.","Findings: The chest X-ray shows an elevated right hemidiaphragm, which is a finding in the image."
474,474_IM-2101-1001.dcm.png,Frontal,normal,normal,Xray Chest PA and Lateral,Chest pain and bilateral hand numbness.,,The lungs are clear. There is no pleural effusion or pneumothorax. The heart and mediastinum are normal. The skeletal structures are normal.,No acute pulmonary disease.,/home/20213144/.cache/kagglehub/datasets/raddar/chest-xrays-indiana-university/versions/2/images/images_normalized/474_IM-2101-1001.dcm.png,"Findings: The chest X-ray shows cardiomegaly, which is an enlargement of the heart, and mild pulmonary congestion. These findings may indicate an underlying heart or lung condition that requires further evaluation and clinical correlation.","Findings: The chest X-ray shows cardiomegaly, which is an enlargement of the heart, and mild pulmonary congestion. These findings may indicate an underlying heart or lung condition that requires further evaluation and clinical correlation."
475,475_IM-2101-1001.dcm.png,Frontal,normal,normal,Xray Chest PA and Lateral,Syncope. Chest and abdominal pain.,None.,Frontal and lateral views of the chest show normal size and configuration of the cardiac silhouette. Normal pulmonary vasculature and central airways. No focal airspace consolidation or pleural effusion.,"No acute or active cardiac, pulmonary or pleural disease.",/home/20213144/.cache/kagglehub/datasets/raddar/chest-xrays-indiana-university/versions/2/images/images_normalized/475_IM-2101-1001.dcm.png,"Findings: The chest X-ray shows cardiomegaly, which is an enlargement of the heart, and mild pulmonary congestion. These findings may indicate an underlying heart or lung condition that requires further evaluation and clinical correlation.","Findings: The chest X-ray shows cardiomegaly, which is an enlargement of the heart, and mild pulmonary congestion. These findings may indicate an underlying heart or lung condition that requires further evaluation and clinical correlation."
476,476_IM-2101-1001.dcm.png,Frontal,Calcinosis/aorta,Calcinosis,"PA and lateral chest XXXX, XXXX.",Prostate cancer with prostatectomy.,,The lungs are clear. No pleural effusion is identified. The heart is normal. There are calcifications of the aortic XXXX. The skeletal structures are normal.,No active disease.,/home/20213144/.cache/kagglehub/datasets/raddar/chest-xrays-indiana-university/versions/2/images/images_normalized/476_IM-2101-1001.dcm.png,"Radiology Report

Chest X-ray

Findings:
The chest X-ray shows a small amount of pleural effusion in the right lower lobe.","Radiology Report

Chest X-ray

Findings:
The chest X-ray shows a small amount of pleural effusion in the right lower lobe."
477,477_IM-2101-1001.dcm.png,Frontal,normal,normal,PA and lateral chest x-XXXX XXXX at XXXX hours. ,XXXX-year-old XXXX with XXXX,Chest on XXXX,"The cardiomediastinal silhouette is within normal limits for size and contour. The lungs are normally inflated without evidence of focal airspace disease, pleural effusion, or pneumothorax. Osseous structures are within normal limits for patient age..",1. No acute radiographic cardiopulmonary process.,/home/20213144/.cache/kagglehub/datasets/raddar/chest-xrays-indiana-university/versions/2/images/images_normalized/477_IM-2101-1001.dcm.png,"Findings: The chest X-ray shows cardiomegaly, which is an enlargement of the heart, and mild pulmonary congestion. These findings may indicate an underlying heart or lung condition that requires further evaluation and clinical correlation.","Findings: The chest X-ray shows an elevated right hemidiaphragm, which is a finding in the image."
478,478_IM-2101-1001-0002.dcm.png,Frontal,Spondylosis/thoracic vertebrae,Spondylosis,Xray Chest PA and Lateral,Bronchitis and XXXX,"XXXX, XXXX",The cardiac contours are normal. The lungs are clear. Thoracic spondylosis.,No acute findings.,/home/20213144/.cache/kagglehub/datasets/raddar/chest-xrays-indiana-university/versions/2/images/images_normalized/478_IM-2101-1001-0002.dcm.png,"Radiology Report

Chest X-ray

Findings:
The chest X-ray shows a small amount of pleural effusion in the right lower lobe.","Findings: The chest X-ray shows cardiomegaly, which is an enlargement of the heart, and mild pulmonary congestion. These findings may indicate an underlying heart or lung condition that requires further evaluation and clinical correlation."
479,479_IM-2102-1001.dcm.png,Frontal,normal,normal,"PA and lateral chest, XXXX, XXXX XXXX XXXX ",XXXX.,CT chest with contrast dated XXXX.,The heart size is normal. The mediastinal contour is within normal limits. The lungs are free of any focal infiltrates. There are no nodules or masses. No visible pneumothorax. No visible pleural fluid. The XXXX are grossly normal. There is no visible free intraperitoneal air under the diaphragm.,1. No acute radiographic cardiopulmonary process.,/home/20213144/.cache/kagglehub/datasets/raddar/chest-xrays-indiana-university/versions/2/images/images_normalized/479_IM-2102-1001.dcm.png,"Radiology Report

Chest X-ray

Findings:
The chest X-ray shows a small amount of pleural effusion in the right lower lobe of the lung. 

Impression:
The presence of a small amount of pleural effusion in the right lower lobe of the lung may indicate an underlying issue, such as infection, inflammation, or other lung conditions. Further evaluation and clinical correlation are needed to determine the cause and significance of this finding.","Findings: The chest X-ray shows cardiomegaly, which is an enlargement of the heart, and mild pulmonary congestion. These findings may indicate an underlying heart or lung condition that requires further evaluation and clinical correlation."
480,480_IM-2104-1001.dcm.png,Frontal,normal,normal,"2 view CHEST: XXXX, XXXX at XXXX hours. ",Rule out TB,,,"Heart size, mediastinal silhouette, pulmonary vascularity are within normal limits. There is no focal air space consolidation to suggest acute pneumonia or active tuberculous infection. No pleural effusion or pneumothorax.",/home/20213144/.cache/kagglehub/datasets/raddar/chest-xrays-indiana-university/versions/2/images/images_normalized/480_IM-2104-1001.dcm.png,"Radiology Report

Chest X-ray

Findings:
The chest X-ray shows a small amount of pleural effusion in the right lower lobe.","Radiology Report

Chest X-ray

Findings:
The chest X-ray shows a mass in the left hemithorax.

Impression:
The presence of a mass in the left hemithorax may indicate an abnormal growth or lesion in that region of the chest. Further evaluation and tests would be needed to determine the exact nature of the mass and the appropriate course of treatment."
481,481_IM-2105-1001.dcm.png,Frontal,"Catheters, Indwelling/left;Atherosclerosis/aorta;Lung/hyperdistention;Calcinosis/bronchi/diffuse;Bone Diseases, Metabolic;Cervical Vertebrae/degenerative;Pulmonary Disease, Chronic Obstructive","Catheters, Indwelling;Atherosclerosis;Lung;Calcinosis;Bone Diseases, Metabolic;Cervical Vertebrae;Pulmonary Disease, Chronic Obstructive",2 view chest dated XXXX XXXX,PICC line placement.,,,"Left PICC line tip near junction of brachiocephalic vein and SVC; repositioning with a slight advancement may be helpful. There is a tortuous atherosclerotic aorta. Large lung volumes with widened AP diameter of the chest, XXXX due to COPD; recommend clinical correlation. Diffuse XXXX bronchial calcification and with mild atherosclerotic calcification. No evidence of pulmonary consolidation, large pleural effusion/pneumothorax. there is degenerative changes at the XXXX joints. Osteopenia. Degenerative changes of the cervical spine with possible fusion in the lower cervical region.",/home/20213144/.cache/kagglehub/datasets/raddar/chest-xrays-indiana-university/versions/2/images/images_normalized/481_IM-2105-1001.dcm.png,"Findings: The chest X-ray shows cardiomegaly, which is an enlargement of the heart, and mild pulmonary congestion. These findings may indicate an underlying heart or lung condition that requires further evaluation and clinical correlation.","Findings: The chest X-ray shows cardiomegaly, which is an enlargement of the heart, and mild pulmonary congestion. These findings may indicate an underlying heart or lung condition that requires further evaluation and clinical correlation."
482,482_IM-2106-2001.dcm.png,Frontal,"Tube, Inserted","Tube, Inserted","PA and lateral chest x-XXXX dated XXXX, XXXX at XXXX a.m.. ",XXXX-year-old female with XXXX and XXXX..,"Single view chest radiograph dated XXXX, XXXX..","The lungs are clear bilaterally. Specifically, no evidence of focal consolidation, pneumothorax, or pleural effusion.. Cardio mediastinal silhouette is unremarkable. Visualized osseous structures of the thorax are without acute abnormality. Gastrostomy tube is noted.",No acute cardiopulmonary abnormality..,/home/20213144/.cache/kagglehub/datasets/raddar/chest-xrays-indiana-university/versions/2/images/images_normalized/482_IM-2106-2001.dcm.png,"Findings: The chest X-ray shows cardiomegaly, which is an enlargement of the heart, and mild pulmonary congestion. These findings may indicate an underlying heart or lung condition that requires further evaluation and clinical correlation.","Findings: The chest X-ray shows cardiomegaly, which is an enlargement of the heart, and mild pulmonary congestion. These findings may indicate an underlying heart or lung condition that requires further evaluation and clinical correlation."
483,483_IM-2107-1001.dcm.png,Frontal,Diaphragm/flattened;Markings/lung/interstitial/prominent;Atherosclerosis/aorta;Lung/hyperdistention;Cardiomegaly/borderline,Diaphragm;Markings;Atherosclerosis;Lung;Cardiomegaly,Xray Chest PA and Lateral,Pneumonia,,There is flattening of hemidiaphragms. There are prominent interstitial markings. There is no focal consolidation to suggest pneumonia. There are atherosclerotic institutions of the aorta. The heart is of the first limits of normal size. No pneumothorax or pleural effusion.,1. Hyperexpanded lungs with flattened hemidiaphragm suggesting COPD. 2. Borderline enlarged heart. 3. No acute cardiopulmonary abnormality.,/home/20213144/.cache/kagglehub/datasets/raddar/chest-xrays-indiana-university/versions/2/images/images_normalized/483_IM-2107-1001.dcm.png,"Radiology Report

Chest X-ray

Findings:
The chest X-ray shows a small amount of pleural effusion in the right lower lobe.","Findings: The chest X-ray shows an opacity in the right lower lobe of the lung.

Impression: The presence of an opacity in the right lower lobe may indicate an abnormality, such as an infection, inflammation, or a mass. Further evaluation and clinical correlation are needed to determine the cause and significance of this finding."
484,484_IM-2108-1001.dcm.png,Frontal,Scoliosis/thoracic vertebrae/severe;Scoliosis/lumbar vertebrae/severe;Atherosclerosis/aorta;Lung/hypoinflation,Scoliosis;Scoliosis;Atherosclerosis;Lung,Xray Chest PA and Lateral,Bladder CA f/u.,,The heart is normal in size. The mediastinum is stable. There is again significant thoracolumbar rotatory scoliosis. The aorta is atherosclerotic. The lungs are hypoinflated but clear.,Hypoinflation without acute disease.,/home/20213144/.cache/kagglehub/datasets/raddar/chest-xrays-indiana-university/versions/2/images/images_normalized/484_IM-2108-1001.dcm.png,"Radiology Report

Chest X-ray

Findings:
The chest X-ray shows a small amount of pleural effusion in the right lower lobe.","Radiology Report

Chest X-ray

Findings:
The chest X-ray shows a small amount of pleural effusion in the right lower lobe of the lung. 

Impression:
The presence of a small amount of pleural effusion in the right lower lobe of the lung may indicate an underlying issue, such as infection, inflammation, or other lung conditions. Further evaluation and clinical correlation are needed to determine the cause and significance of this finding."
485,485_IM-2109-1001.dcm.png,Frontal,No Indexing,No Indexing,"CHEST 2V FRONTAL/LATERAL XXXX, XXXX XXXX PM ",chest pain x 3 days,"XXXX, XXXX.",The heart and lungs have XXXX XXXX in the interval. Both lungs are clear and expanded. Heart and mediastinum normal.,No active disease.,/home/20213144/.cache/kagglehub/datasets/raddar/chest-xrays-indiana-university/versions/2/images/images_normalized/485_IM-2109-1001.dcm.png,"Findings: The chest X-ray shows cardiomegaly, which is an enlargement of the heart, and mild pulmonary congestion. These findings may indicate an underlying heart or lung condition that requires further evaluation and clinical correlation.","Findings: The chest X-ray shows cardiomegaly, which is an enlargement of the heart, and mild pulmonary congestion. These findings may indicate an underlying heart or lung condition that requires further evaluation and clinical correlation."
486,486_IM-2110-1001.dcm.png,Frontal,"Cicatrix/lung/middle lobe/right;Thickening/pleura/right/focal;Costophrenic Angle/bilateral/blunted/chronic;Aorta, Thoracic/tortuous","Cicatrix;Thickening;Costophrenic Angle;Aorta, Thoracic",2 views Chest: XXXX,"Infection, XXXX, shortness of breath",Chest x-XXXX XXXX,"The lungs and pleural spaces show no acute abnormality. XXXX scar in the right lateral midlung. Adjacent focal pleural thickening is noted. Chronic blunting of both lateral costophrenic XXXX. Heart size and pulmonary vascularity within normal limits. Tortuous, ectatic thoracic aorta, unchanged. XXXX sternotomy XXXX intact.",1. No acute pulmonary abnormality.,/home/20213144/.cache/kagglehub/datasets/raddar/chest-xrays-indiana-university/versions/2/images/images_normalized/486_IM-2110-1001.dcm.png,"Radiology Report

Chest X-ray

Findings:
The chest X-ray shows a small amount of pleural effusion in the right lower lobe.","Radiology Report

Chest X-ray

Findings:
The chest X-ray shows a small amount of pleural effusion in the right lower lobe."
487,487_IM-2110-1001.dcm.png,Frontal,normal,normal,PA and lateral chest x-XXXX ,XXXX-year-old female with wheezing.,,"Cardiomediastinal silhouettes are within normal limits. Lungs are clear without focal consolidation, pneumothorax, or pleural effusion. Bony thorax is unremarkable.",No acute cardiopulmonary abnormalities.,/home/20213144/.cache/kagglehub/datasets/raddar/chest-xrays-indiana-university/versions/2/images/images_normalized/487_IM-2110-1001.dcm.png,"Findings: The chest X-ray shows an opacity in the right lower lobe of the lung.

Impression: The presence of an opacity in the right lower lobe may indicate an abnormality, such as an infection, inflammation, or a mass. Further evaluation and clinical correlation are needed to determine the cause and significance of this finding.","Findings: The chest X-ray shows an opacity in the right lower lobe of the lung.

Impression: The presence of an opacity in the right lower lobe may indicate an abnormality, such as an infection, inflammation, or a mass. Further evaluation and clinical correlation are needed to determine the cause and significance of this finding."
488,488_IM-2110-1001.dcm.png,Frontal,Surgical Instruments/lung/hilum/left,Surgical Instruments,Xray Chest PA and Lateral,"XXXX-year-old female with history of XXXX outlet right ventricle, and transposition of the Great XXXX. Status post surgery.","XXXX, XXXX","Broken of the 4XXXX XXXX XXXX, similar to the prior study. Stable multiple surgical clips in the left hilar area. Stable cardiomediastinal silhouette. Pulmonary vasculatures are within normal limits. No XXXX focal consolidation, pleural effusion or pneumothorax. Unremarkable bony structure.",No acute pulmonary findings. .,/home/20213144/.cache/kagglehub/datasets/raddar/chest-xrays-indiana-university/versions/2/images/images_normalized/488_IM-2110-1001.dcm.png,"Findings: The chest X-ray shows cardiomegaly, which is an enlargement of the heart, and mild pulmonary congestion. These findings may indicate an underlying heart or lung condition that requires further evaluation and clinical correlation.","Findings: The chest X-ray shows an elevated right hemidiaphragm, which is a finding in the image."
489,489_IM-2110-1001.dcm.png,Frontal,Granuloma/multiple,Granuloma,Xray Chest PA and Lateral,"XXXX-year-old female with XXXX, XXXX XXXX XXXX, pain in the left lower ribs.",,"Cardiomediastinal silhouette is a within normal limits. No focal consolidation, pneumothorax, or pleural effusion. Multiple granulomas. No acute bony abnormalities.","1. No acute cardiopulmonary abnormalities. 2. No acute bony abnormalities. If there is continued concern for occult fracture, consider dedicated rib series. .",/home/20213144/.cache/kagglehub/datasets/raddar/chest-xrays-indiana-university/versions/2/images/images_normalized/489_IM-2110-1001.dcm.png,"Radiology Report

Chest X-ray

Findings:
The chest X-ray shows a small amount of pleural effusion in the right lower lobe.","Findings: The chest X-ray shows cardiomegaly, which is an enlargement of the heart, and mild pulmonary congestion. These findings may indicate an underlying heart or lung condition that requires further evaluation and clinical correlation."
490,490_IM-2110-1001.dcm.png,Frontal,Technical Quality of Image Unsatisfactory ,Technical Quality of Image Unsatisfactory ,Xray Chest PA and Lateral,Syncope,,Patient is slightly rotated. Normal heart size. There is no pulmonary edema. There is no focal consolidation. There are no XXXX of a pleural effusion. There is no evidence of pneumothorax.,There is no evidence of acute cardiopulmonary disease. .,/home/20213144/.cache/kagglehub/datasets/raddar/chest-xrays-indiana-university/versions/2/images/images_normalized/490_IM-2110-1001.dcm.png,"Findings: The chest X-ray shows cardiomegaly, which is an enlargement of the heart, and mild pulmonary congestion. These findings may indicate an underlying heart or lung condition that requires further evaluation and clinical correlation.",Findings: The chest X-ray shows an elevated hemidiaphragm and an elevated right hemidiaphragm.
491,491_IM-2111-1001.dcm.png,Frontal,Pulmonary Atelectasis/base/bilateral;Opacity/lung/base/bilateral,Pulmonary Atelectasis;Opacity,"PA and lateral chest x-XXXX dated XXXX, XXXX at XXXX a.m.. ","XXXX-year-old XXXX with recent myocardial infarction, increasing oxygen requirements..","Portable chest radiograph dated XXXX, XXXX.","Cardiomediastinal silhouette is stable and within normal limits. There is improved lung volumes bilaterally with persistent bibasilar atelectatic opacities, without focal consolidation, pneumothorax, or effusion. No acute bony abnormality identified.",Improving lung volumes with bibasilar atelectasis.,/home/20213144/.cache/kagglehub/datasets/raddar/chest-xrays-indiana-university/versions/2/images/images_normalized/491_IM-2111-1001.dcm.png,"Findings: The chest X-ray shows cardiomegaly, which is an enlargement of the heart, and mild pulmonary congestion. These findings may indicate an underlying heart or lung condition that requires further evaluation and clinical correlation.","Findings: The chest X-ray shows cardiomegaly, which is an enlargement of the heart, and mild pulmonary congestion. These findings may indicate an underlying heart or lung condition that requires further evaluation and clinical correlation."
492,492_IM-2112-2002.dcm.png,Frontal,normal,normal,Xray Chest PA and Lateral,The patient is a XXXX-year-old male with left shoulder pain.,None.,"No pneumothorax, pleural effusion or airspace consolidation. Heart size and pulmonary vasculature appear within normal limits. XXXX XXXX are intact.",No acute cardiopulmonary abnormality. .,/home/20213144/.cache/kagglehub/datasets/raddar/chest-xrays-indiana-university/versions/2/images/images_normalized/492_IM-2112-2002.dcm.png,"Findings: The chest X-ray shows cardiomegaly, which is an enlargement of the heart, and mild pulmonary congestion. These findings may indicate an underlying heart or lung condition that requires further evaluation and clinical correlation.","Findings: The chest X-ray shows cardiomegaly, which is an enlargement of the heart, and mild pulmonary congestion. These findings may indicate an underlying heart or lung condition that requires further evaluation and clinical correlation."
493,493_IM-2113-1001.dcm.png,Frontal,Calcinosis/lymph nodes/bilateral,Calcinosis,PA and lateral chest radiograph (2 views) (2 images) ,"Preop XXXX choli, chest pain, wheezing, gastroesophageal reflux disease, obstructive apnea. Obesity","XXXX, XXXX.",Stable appearing bilateral calcified lymph XXXX. The cardiac silhouette and mediastinal contours are within normal limits. No focal opacity. No large pleural effusion. There is no pneumothorax.,No acute cardiopulmonary abnormality.,/home/20213144/.cache/kagglehub/datasets/raddar/chest-xrays-indiana-university/versions/2/images/images_normalized/493_IM-2113-1001.dcm.png,"Findings: The chest X-ray shows cardiomegaly, which is an enlargement of the heart, and mild pulmonary congestion. These findings may indicate an underlying heart or lung condition that requires further evaluation and clinical correlation.","Findings: The chest X-ray shows cardiomegaly, which is an enlargement of the heart, and mild pulmonary congestion. These findings may indicate an underlying heart or lung condition that requires further evaluation and clinical correlation."
494,494_IM-2114-1001.dcm.png,Frontal,Opacity/lung/base/left,Opacity,"PA and lateral chest, XXXX at XXXX","XXXX-year-old female, breast cancer, preoperative evaluation.",None.,"Heart size within normal limits. Mediastinal contours unremarkable. Pulmonary vascularity is normal. Right lung is clear. XXXX opacities left lung base may represent atelectasis versus scarring. No focal consolidation. No pleural effusion, no pneumothorax. Bony structures unremarkable.","Atelectasis versus scar left lung base. Otherwise unremarkable. XXXX XXXX for the opportunity to assist in the care of your patient. If there are any questions about this examination please XXXX. XXXX, XXXX certified radiologist, at XXXX.",/home/20213144/.cache/kagglehub/datasets/raddar/chest-xrays-indiana-university/versions/2/images/images_normalized/494_IM-2114-1001.dcm.png,"Radiology Report

Chest X-ray

Findings:
The chest X-ray shows a small amount of pleural effusion in the right lower lobe.","Radiology Report

Chest X-ray

Findings:
The chest X-ray shows a small amount of pleural effusion in the right lower lobe."
495,495_IM-2114-1001.dcm.png,Frontal,Airspace Disease/lung/streaky,Airspace Disease,Xray Chest PA and Lateral,"XXXX-year-old XXXX, XXXX and XXXX for 6 days.",None.,Heart size within normal limits. Streaky airspace disease is demonstrated on the lateral examination. No pneumothorax or pleural effusion.,Streaky air space disease may represent infiltrate. .,/home/20213144/.cache/kagglehub/datasets/raddar/chest-xrays-indiana-university/versions/2/images/images_normalized/495_IM-2114-1001.dcm.png,"Findings: The chest X-ray shows cardiomegaly, which is an enlargement of the heart, and mild pulmonary congestion. These findings may indicate an underlying heart or lung condition that requires further evaluation and clinical correlation.","Findings: The chest X-ray shows cardiomegaly, which is an enlargement of the heart, and mild pulmonary congestion. These findings may indicate an underlying heart or lung condition that requires further evaluation and clinical correlation."
496,496_IM-2114-1001.dcm.png,Frontal,normal,normal,"KNEE 1-2 VIEWS XXXX, XXXX XXXX PM ",PRE-OP XXXX,"left knee radiograph XXXX, XXXX.","Chest. Lungs are clear and expanded. Heart normal. Left knee. No change marked narrowing, large osteophyte formation, multiple synovial osteochondromas.",1. Chest. No active disease. 2. Left knee. Advanced degenerative joint disease.,/home/20213144/.cache/kagglehub/datasets/raddar/chest-xrays-indiana-university/versions/2/images/images_normalized/496_IM-2114-1001.dcm.png,"Findings: The chest X-ray shows cardiomegaly, which is an enlargement of the heart, and mild pulmonary congestion. These findings may indicate an underlying heart or lung condition that requires further evaluation and clinical correlation.","Findings: The chest X-ray shows cardiomegaly, which is an enlargement of the heart, and mild pulmonary congestion. These findings may indicate an underlying heart or lung condition that requires further evaluation and clinical correlation."
497,497_IM-2114-1001.dcm.png,Frontal,normal,normal," PA and lateral chest XXXX, XXXX XXXX comparison XXXX XXXX ",chest pain history of Hodgkin's disease,,"Heart size normal. Lungs are clear. XXXX are normal. No pneumonia, effusions, edema, pneumothorax, adenopathy, nodules or masses.",Normal chest.,/home/20213144/.cache/kagglehub/datasets/raddar/chest-xrays-indiana-university/versions/2/images/images_normalized/497_IM-2114-1001.dcm.png,"Radiology Report

Chest X-ray

Findings:
The chest X-ray shows a small amount of pleural effusion in the right lower lobe.","Radiology Report

Chest X-ray

Findings:
The chest X-ray shows a small amount of pleural effusion in the right lower lobe."
498,498_IM-2115-1001.dcm.png,Frontal,Mass/lung/upper lobe/right/large;Thoracic Vertebrae/degenerative,Mass;Thoracic Vertebrae,Xray Chest PA and Lateral,"XXXX-year-old male, chest pain, no shortness of breath, XXXX.",,"Large medial right upper lobe mass lesion, measuring approximately 5.8 cm x 6.0 cm in diameter. No pneumothorax. No pleural effusions. Lungs clear. Heart size within normal limits. Degenerative changes thoracic spine.",Large medial right upper lobe mass highly concerning for primary lung cancer. XXXX chest with intravenous contrast for further evaluation. XXXX XXXX XXXX. XXXX's XXXX was notified of this result at XXXXPM XXXX/XXXX and accepted receipt. Results were faxed. .,/home/20213144/.cache/kagglehub/datasets/raddar/chest-xrays-indiana-university/versions/2/images/images_normalized/498_IM-2115-1001.dcm.png,"Findings: The chest X-ray shows cardiomegaly, which is an enlargement of the heart, and mild pulmonary congestion. These findings may indicate an underlying heart or lung condition that requires further evaluation and clinical correlation.","Findings: The chest X-ray shows cardiomegaly, which is an enlargement of the heart, and mild pulmonary congestion. These findings may indicate an underlying heart or lung condition that requires further evaluation and clinical correlation."
499,499_IM-2116-1001.dcm.png,Frontal,normal,normal,PA and lateral views of the chest dated XXXX. ,"XXXX-year-old female, shortness of breath.",PA and lateral views of the chest dated XXXX.,There are no focal areas of consolidation. No suspicious pulmonary opacities. Heart size within normal limits. No pleural effusions. There is no evidence of pneumothorax.,No acute cardiopulmonary abnormality.,/home/20213144/.cache/kagglehub/datasets/raddar/chest-xrays-indiana-university/versions/2/images/images_normalized/499_IM-2116-1001.dcm.png,"Findings: The chest X-ray shows cardiomegaly, which is an enlargement of the heart, and mild pulmonary congestion. These findings may indicate an underlying heart or lung condition that requires further evaluation and clinical correlation.","Findings: The chest X-ray shows cardiomegaly, which is an enlargement of the heart, and mild pulmonary congestion. These findings may indicate an underlying heart or lung condition that requires further evaluation and clinical correlation."
501,501_IM-2120-1001.dcm.png,Frontal,Opacity/lung/posterior/streaky/mild,Opacity,"Two-view chest, XXXX ",XXXX,Chest CT dated XXXX,,"1. There is minimal streaky opacity in the posterior lungs, possibly cyst, scarring, or pneumonia. 2. Heart size and pulmonary XXXX appear normal 3. Mediastinal contours are normal",/home/20213144/.cache/kagglehub/datasets/raddar/chest-xrays-indiana-university/versions/2/images/images_normalized/501_IM-2120-1001.dcm.png,"Radiology Report

Chest X-ray

Findings:
The chest X-ray shows a small amount of pleural effusion in the right lower lobe of the lung. 

Impression:
The presence of a small amount of pleural effusion in the right lower lobe of the lung may indicate an underlying issue, such as infection, inflammation, or other lung conditions. Further evaluation and clinical correlation are needed to determine the cause and significance of this finding.","Radiology Report

Chest X-ray

Findings:
The chest X-ray shows a small amount of pleural effusion in the right lower lobe of the lung. 

Impression:
The presence of a small amount of pleural effusion in the right lower lobe of the lung may indicate an underlying issue, such as infection, inflammation, or other lung conditions. Further evaluation and clinical correlation are needed to determine the cause and significance of this finding."
502,502_IM-2120-1001.dcm.png,Frontal,normal,normal,"Chest X XXXX 2 XXXX PA and lateral, Abdomen X XXXX 2 XXXX AP supine and XXXX. ","The patient is a XXXX-year-old male with abdominal pain, question of small bowel obstruction. XXXX onset XXXX and wheezing in bilateral lung XXXX.","XXXX chest, XXXX abdominal CT.","Chest. The trachea is midline. Negative for pneumothorax, pleural effusion or focal airspace consolidation. The heart size is normal. Abdomen. No pneumoperitoneum. There is a normal bowel XXXX pattern. Air and stool visible throughout the entire large colon including the rectum. No abnormally dilated small bowel loops. No evidence for intussusception or small bowel obstruction. No pathologic calcifications XXXX over the abdomen or pelvis. XXXX XXXX are without fracture or destructive lesion, though there are mild degenerative changes throughout the lumbar spine. Small hiatal hernia is not as well demonstrated on this exam.",Chest. 1. No acute cardiopulmonary abnormality. Abdomen. 1. No acute intra-abdominal process. Negative for obstruction.,/home/20213144/.cache/kagglehub/datasets/raddar/chest-xrays-indiana-university/versions/2/images/images_normalized/502_IM-2120-1001.dcm.png,"Findings: The chest X-ray shows cardiomegaly, which is an enlargement of the heart, and mild pulmonary congestion. These findings may indicate an underlying heart or lung condition that requires further evaluation and clinical correlation.","Findings: The chest X-ray shows cardiomegaly, which is an enlargement of the heart, and mild pulmonary congestion. These findings may indicate an underlying heart or lung condition that requires further evaluation and clinical correlation."
503,503_IM-2121-1001.dcm.png,Frontal,normal,normal,Xray Chest PA and Lateral,"XXXX-year-old female with XXXX, chest pain",,"Lungs are clear bilaterally with no focal infiltrate, pleural effusion, or pneumothoraces. Cardiomediastinal silhouette is within normal limits. XXXX and soft tissues are unremarkable.",No acute cardiopulmonary findings. .,/home/20213144/.cache/kagglehub/datasets/raddar/chest-xrays-indiana-university/versions/2/images/images_normalized/503_IM-2121-1001.dcm.png,"Findings: The chest X-ray shows cardiomegaly, which is an enlargement of the heart, and mild pulmonary congestion. These findings may indicate an underlying heart or lung condition that requires further evaluation and clinical correlation.","Findings: The chest X-ray shows cardiomegaly, which is an enlargement of the heart, and mild pulmonary congestion. These findings may indicate an underlying heart or lung condition that requires further evaluation and clinical correlation."
504,504_IM-2122-1001.dcm.png,Frontal,Opacity/lung/base/left;Cicatrix/lung/base/left;Pulmonary Atelectasis/base/left;Calcified Granuloma/lung/base/left/round;Spine/degenerative,Opacity;Cicatrix;Pulmonary Atelectasis;Calcified Granuloma;Spine,"PA and Lateral Chest. XXXX, XXXX. &gt;] ",XXXX-year-old with dyspnea.,XXXX.,"Stable cardiomediastinal silhouette. Stable XXXX opacity in the left base, XXXX scarring or atelectasis. Rounded calcified density in the left lung base, XXXX calcified granuloma. No XXXX consolidation. No pleural effusion or pneumothorax. Stable degenerative changes of the spine.",No acute cardiopulmonary abnormality.,/home/20213144/.cache/kagglehub/datasets/raddar/chest-xrays-indiana-university/versions/2/images/images_normalized/504_IM-2122-1001.dcm.png,"Findings: The chest X-ray shows cardiomegaly, which is an enlargement of the heart, and mild pulmonary congestion. These findings may indicate an underlying heart or lung condition that requires further evaluation and clinical correlation.","Findings: The chest X-ray shows cardiomegaly, which is an enlargement of the heart, and mild pulmonary congestion. These findings may indicate an underlying heart or lung condition that requires further evaluation and clinical correlation."
505,505_IM-2123-1001.dcm.png,Frontal,normal,normal,"PA and Lateral Chest. XXXX, XXXX. ",Chest pain,None available,"No focal consolidation, suspicious pulmonary opacity, pneumothorax or definite pleural effusion. Heart size and pulmonary vascularity within normal limits, visualized osseous structures appear intact.",No acute cardiopulmonary abnormality.,/home/20213144/.cache/kagglehub/datasets/raddar/chest-xrays-indiana-university/versions/2/images/images_normalized/505_IM-2123-1001.dcm.png,"Findings: The chest X-ray shows cardiomegaly, which is an enlargement of the heart, and mild pulmonary congestion. These findings may indicate an underlying heart or lung condition that requires further evaluation and clinical correlation.","Findings: The chest X-ray shows cardiomegaly, which is an enlargement of the heart, and mild pulmonary congestion. These findings may indicate an underlying heart or lung condition that requires further evaluation and clinical correlation."
506,506_IM-2124-1001.dcm.png,Frontal,normal,normal,Xray Chest PA and Lateral,Choroidal melanoma,"XXXX, XXXX",Cardiac and mediastinal contours are within normal limits. The lungs are clear. Bony structures are intact.,No x-XXXX evidence of metastatic disease.,/home/20213144/.cache/kagglehub/datasets/raddar/chest-xrays-indiana-university/versions/2/images/images_normalized/506_IM-2124-1001.dcm.png,"Findings: The chest X-ray shows cardiomegaly, which is an enlargement of the heart, and mild pulmonary congestion. These findings may indicate an underlying heart or lung condition that requires further evaluation and clinical correlation.","Findings: The chest X-ray shows cardiomegaly, which is an enlargement of the heart, and mild pulmonary congestion. These findings may indicate an underlying heart or lung condition that requires further evaluation and clinical correlation."
507,507_IM-2125-1001.dcm.png,Frontal,No Indexing,No Indexing,Xray Chest PA and Lateral,,,"No airspace disease, effusion or noncalcified nodule. Normal heart size and mediastinum. Visualized XXXX of the chest XXXX are within normal limits.",No acute cardiopulmonary abnormality.,/home/20213144/.cache/kagglehub/datasets/raddar/chest-xrays-indiana-university/versions/2/images/images_normalized/507_IM-2125-1001.dcm.png,"Radiology Report

Chest X-ray

Findings:
The chest X-ray shows a small amount of pleural effusion in the right lower lobe of the lung. 

Impression:
The presence of a small amount of pleural effusion in the right lower lobe of the lung may indicate an underlying issue, such as an infection, inflammation, or other lung condition. Further evaluation and clinical correlation are needed to determine the cause and appropriate treatment for this finding.","Radiology Report

Chest X-ray

Findings:
The chest X-ray shows a small amount of pleural effusion in the right lower lobe of the lung. 

Impression:
The presence of a small amount of pleural effusion in the right lower lobe of the lung may indicate an underlying issue, such as an infection, inflammation, or other lung condition. Further evaluation and clinical correlation are needed to determine the cause and significance of this finding."
508,508_IM-2125-1001.dcm.png,Frontal,normal,normal,"PA lateral chest radiograph XXXX, XXXX XXXX hours ","Positive PPD, please evaluate for pulmonary lesions.",None available,Normal heart size and mediastinal contours. No focal airspace consolidation. No pleural effusion or pneumothorax. Visualized osseous structures are unremarkable.,No acute cardiopulmonary abnormality.,/home/20213144/.cache/kagglehub/datasets/raddar/chest-xrays-indiana-university/versions/2/images/images_normalized/508_IM-2125-1001.dcm.png,"Findings: The chest X-ray shows an interval decrease in the size of the left lower lobe opacity, along with the presence of new nodular opacities. These findings suggest that there have been changes in the lung tissue, possibly indicating an improvement or worsening of a lung condition.","Findings: The chest X-ray shows an opacity in the right lower lobe of the lung.

Impression: The presence of an opacity in the right lower lobe may indicate an abnormality, such as an infection, inflammation, or a mass. Further evaluation and clinical correlation are needed to determine the cause and significance of this finding."
509,509_IM-2125-1001.dcm.png,Frontal,"Tube, Inserted/thorax/left;Pleural Effusion/left;Tube, Inserted/trachea, carina;Catheters, Indwelling;Airspace Disease/lung/left/patchy","Tube, Inserted;Pleural Effusion;Tube, Inserted;Catheters, Indwelling;Airspace Disease",Xray Chest PA and Lateral,"XXXX-year-old female, cirrhosis.",Portable chest dated XXXX.,Two left-sided chest tubes again noted. Interval improved aeration of the left lung compared to prior. Interval improvement in left lung pleural fluid. Right lung clear. Endotracheal tube noted with tip approximately 4.5 cm above the carina. Left internal jugular central venous catheter with tip approximating the high SVC. No evidence of pneumothorax.,Interval improvement in aeration of left lung with interval reduction in size of left pleural effusion. Persistent patchy left lung airspace disease is noted. Stable left-sided chest tubes. .,/home/20213144/.cache/kagglehub/datasets/raddar/chest-xrays-indiana-university/versions/2/images/images_normalized/509_IM-2125-1001.dcm.png,"Findings: The chest X-ray shows cardiomegaly, which is an enlargement of the heart, and mild pulmonary congestion. These findings may indicate an underlying heart or lung condition that requires further evaluation and clinical correlation.","Findings: The chest X-ray shows cardiomegaly, which is an enlargement of the heart, and mild pulmonary congestion. These findings may indicate an underlying heart or lung condition that requires further evaluation and clinical correlation."
510,510_IM-2126-1001.dcm.png,Frontal,normal,normal,Xray Chest PA and Lateral,"XXXX-year-old female with chest pain, rectal bleeding",,"Lungs are clear bilaterally with no focal infiltrate, pleural effusion, or pneumothoraces. Cardiomediastinal silhouette is within normal limits. XXXX and soft tissues are unremarkable.",No acute cardiopulmonary abnormality. .,/home/20213144/.cache/kagglehub/datasets/raddar/chest-xrays-indiana-university/versions/2/images/images_normalized/510_IM-2126-1001.dcm.png,"Radiology Report

Chest X-ray

Findings:
The chest X-ray shows a small amount of pleural effusion in the right lower lobe of the lung. 

Impression:
The presence of a small amount of pleural effusion in the right lower lobe of the lung may indicate an underlying issue, such as an infection, inflammation, or other lung condition. Further evaluation and clinical correlation are needed to determine the cause and appropriate treatment for this finding.","Radiology Report

Chest X-ray

Findings:
The chest X-ray shows a small amount of pleural effusion in the right lower lobe."
511,511_IM-2127-1001.dcm.png,Frontal,Lung/hyperdistention;Diaphragm/flattened,Lung;Diaphragm,Chest 2 views. ,COPD.,XXXX.,Hyperaerated lungs with flattened hemidiaphragms. Normal heart size. Increased retrosternal airspace. No focal infiltrate. No pneumothorax or pleural effusion.,No acute findings.,/home/20213144/.cache/kagglehub/datasets/raddar/chest-xrays-indiana-university/versions/2/images/images_normalized/511_IM-2127-1001.dcm.png,"Radiology Report

Chest X-ray

Findings:
The chest X-ray shows a small amount of pleural effusion in the right lower lobe.","Radiology Report

Chest X-ray

Findings:
The chest X-ray shows a mass in the left hemithorax.

Impression:
The presence of a mass in the left hemithorax may indicate an abnormal growth or lesion in that region of the chest. Further evaluation and tests would be needed to determine the exact nature of the mass and the appropriate course of treatment."
512,512_IM-2127-1001.dcm.png,Frontal,Thoracic Vertebrae/degenerative/mild,Thoracic Vertebrae,PA and lateral views of the chest dated XXXX. ,"XXXX-year-old male, XXXX.",,There are no focal areas of consolidation. No suspicious bony opacities. Heart size within normal limits. No pleural effusions. No evidence of pneumothorax. Mild degenerative changes of the thoracic spine.,No acute cardiopulmonary abnormality.,/home/20213144/.cache/kagglehub/datasets/raddar/chest-xrays-indiana-university/versions/2/images/images_normalized/512_IM-2127-1001.dcm.png,"Radiology Report

Chest X-ray

Findings:
The chest X-ray shows a small amount of pleural effusion in the right lower lobe.","Radiology Report

Chest X-ray

Findings:
The chest X-ray shows a diffuse, bilateral reticulonodular pattern. This pattern is characterized by a combination of reticular (net-like) and nodular (small, rounded masses) opacities in both lungs."
513,513_IM-2128-1001.dcm.png,Frontal,Heart Atria/bilateral/enlarged;Cardiac Shadow/enlarged;Lung/hyperdistention/mild;Thickening/pleura/apex/left/mild;Thoracic Vertebrae/degenerative/moderate;Cardiomegaly,Heart Atria;Cardiac Shadow;Lung;Thickening;Thoracic Vertebrae;Cardiomegaly,Xray Chest PA and Lateral,XXXX-year-old male presents for preoperative evaluation.,None available.,"There is prominence of the right heart XXXX, consistent with right atrial enlargement. A XXXX density is demonstrated on the frontal view with exaggerated posterior projection of the cardiac silhouette, suggesting left atrial enlargement. The cardiac silhouette is overall enlarged. The mediastinal contours are otherwise within normal limits for appearance. No focal areas of pulmonary consolidation. No pneumothorax. No pleural effusion. Mild pulmonary hyperexpansion. Mild left apical pleural thickening. Moderate degenerative changes of the thoracic spine. 19/33.",1. Right and left atrial enlargement with cardiomegaly. No acute pulmonary abnormality demonstrated. .,/home/20213144/.cache/kagglehub/datasets/raddar/chest-xrays-indiana-university/versions/2/images/images_normalized/513_IM-2128-1001.dcm.png,"Findings: The chest X-ray shows cardiomegaly, which is an enlargement of the heart, and mild pulmonary congestion. These findings may indicate an underlying heart or lung condition that requires further evaluation and clinical correlation.","Findings: The chest X-ray shows cardiomegaly, which is an enlargement of the heart, and mild pulmonary congestion. These findings may indicate an underlying heart or lung condition that requires further evaluation and clinical correlation."
514,514_IM-2129-2001.dcm.png,Frontal,normal,normal,Chest radiograph PA and lateral. ,XXXX-year-old woman with MVA.,Left shoulder XXXX.,The heart size is normal. Lungs are clear. There is no pleural line to suggest pneumothorax or costophrenic XXXX blunting to suggest large pleural effusion. Bony structures are within normal limits.,No acute cardiopulmonary findings.,/home/20213144/.cache/kagglehub/datasets/raddar/chest-xrays-indiana-university/versions/2/images/images_normalized/514_IM-2129-2001.dcm.png,"Radiology Report

Chest X-ray

Findings:
The chest X-ray shows a small amount of pleural effusion in the right lower lobe of the lung. 

Impression:
The presence of a small amount of pleural effusion in the right lower lobe of the lung may indicate an underlying issue, such as infection, inflammation, or other lung conditions. Further evaluation and clinical correlation are needed to determine the cause and significance of this finding.","Radiology Report

Chest X-ray

Findings:
The chest X-ray shows a small amount of pleural effusion in the right lower lobe of the lung. 

Impression:
The presence of a small amount of pleural effusion in the right lower lobe of the lung may indicate an underlying issue, such as infection, inflammation, or other lung conditions. Further evaluation and clinical correlation are needed to determine the cause and significance of this finding."
515,515_IM-2129-1001.dcm.png,Frontal,normal,normal,"Chest Two views PA and lateral XXXX, XXXX XXXX p.m. ",Dyspnea,,"Lungs are clear bilaterally.There is no focal consolidation, pleural effusion, or pneumothoraces. Cardiomediastinal silhouette is within normal limits. XXXX are unremarkable.",No acute cardiopulmonary abnormality.,/home/20213144/.cache/kagglehub/datasets/raddar/chest-xrays-indiana-university/versions/2/images/images_normalized/515_IM-2129-1001.dcm.png,"Radiology Report

Chest X-ray

Findings:
The chest X-ray shows a small amount of pleural effusion in the right lower lobe.","Findings: The chest X-ray shows cardiomegaly, which is an enlargement of the heart, and mild pulmonary congestion. These findings may indicate an underlying heart or lung condition that requires further evaluation and clinical correlation."
516,516_IM-2130-1001.dcm.png,Frontal,Calcified Granuloma/lung/hilum/right,Calcified Granuloma,Chest 2 views. ,Rule out pneumonia/XXXX.,None.,Normal heart. Calcified right hilar granulomas. No focal infiltrate. Midline trachea.,No acute cardiopulmonary abnormality.,/home/20213144/.cache/kagglehub/datasets/raddar/chest-xrays-indiana-university/versions/2/images/images_normalized/516_IM-2130-1001.dcm.png,"Findings: The chest X-ray shows an opacity in the right lower lobe of the lung.

Impression: The presence of an opacity in the right lower lobe may indicate an abnormality, such as an infection, inflammation, or a mass. Further evaluation and clinical correlation are needed to determine the cause and significance of this finding.","Findings: The chest X-ray shows an opacity in the right lower lobe of the lung.

Impression: The presence of an opacity in the right lower lobe may indicate an abnormality, such as an infection, inflammation, or a mass. Further evaluation and clinical correlation are needed to determine the cause and significance of this finding."
517,517_IM-2130-2002.dcm.png,Frontal,Granuloma/lung/base/right;Calcinosis/lung/hilum/lymph nodes/right/multiple;Nodule/lung/base/right;Calcinosis/lung/base/right,Granuloma;Calcinosis;Nodule;Calcinosis,Xray Chest PA and Lateral,724.1 lung nodule,"Comparison XXXX, XXXX.",,Calcified right basilar nodule compatible with granuloma / histoplasmoma. A few calcified right hilar lymph XXXX. Lungs overall well expanded and clear. Unremarkable mediastinal contour. No acute cardiopulmonary abnormality identified.,/home/20213144/.cache/kagglehub/datasets/raddar/chest-xrays-indiana-university/versions/2/images/images_normalized/517_IM-2130-2002.dcm.png,Findings: The chest X-ray shows an elevated hemidiaphragm and an elevated right hemidiaphragm.,"Findings: The chest X-ray shows cardiomegaly, which is an enlargement of the heart, and mild pulmonary congestion. These findings may indicate an underlying heart or lung condition that requires further evaluation and clinical correlation."
518,518_IM-2131-1001.dcm.png,Frontal,normal,normal, PA and lateral chest. XXXX. ,Shortness of breath.,,"Stable normal cardiac size and contour, unremarkable mediastinal silhouette. Normal pulmonary XXXX and interstitium. Lungs clear, no airspace disease, pleural effusion, or pneumothorax. No active/acute cardiopulmonary disease.","Stable normal cardiac size and contour, unremarkable mediastinal silhouette. Normal pulmonary XXXX and interstitium. Lungs clear, no airspace disease, pleural effusion, or pneumothorax. No active/acute cardiopulmonary disease.",/home/20213144/.cache/kagglehub/datasets/raddar/chest-xrays-indiana-university/versions/2/images/images_normalized/518_IM-2131-1001.dcm.png,"Radiology Report

Chest X-ray

Findings:
The chest X-ray shows a small amount of pleural effusion in the right lower lobe of the lung. 

Impression:
The presence of a small amount of pleural effusion in the right lower lobe of the lung may indicate an underlying issue, such as infection, inflammation, or other lung conditions. Further evaluation and clinical correlation are needed to determine the cause and significance of this finding.","Radiology Report

Chest X-ray

Findings:
The chest X-ray shows a small amount of pleural effusion in the right lower lobe of the lung. 

Impression:
The presence of a small amount of pleural effusion in the right lower lobe of the lung may indicate an underlying issue, such as an infection, inflammation, or other lung condition. Further evaluation and clinical correlation are needed to determine the cause and significance of this finding."
519,519_IM-2131-1001.dcm.png,Frontal,normal,normal,Xray Chest PA and Lateral,"The patient is a XXXX-year-old male with XXXX, shortness of breath. History of smoking 30 years ago.",None.,"No pneumothorax, pleural effusion or airspace consolidation. Cardiomediastinal size is within normal limits. XXXX XXXX intact.",No acute cardiopulmonary abnormality. .,/home/20213144/.cache/kagglehub/datasets/raddar/chest-xrays-indiana-university/versions/2/images/images_normalized/519_IM-2131-1001.dcm.png,Findings: The chest X-ray shows an interval decrease in the size of the left lower lobe infiltrate. This suggests that there has been some improvement in the lung condition over the course of the treatment.,"Findings: The chest X-ray shows an opacity in the right lower lobe of the lung.

Impression: The presence of an opacity in the right lower lobe may indicate an abnormality, such as an infection, inflammation, or a mass. Further evaluation and clinical correlation are needed to determine the cause and significance of this finding."
520,520_IM-2131-1001.dcm.png,Frontal,"Fractures, Bone/ribs/healed;Hernia, Hiatal;Density/mediastinum","Fractures, Bone;Hernia, Hiatal;Density",Xray Chest PA and Lateral,"The patient is a XXXX-year-old male with atrial flutter, hypertensive urgency..",,"No pneumothorax, pleural effusion or airspace consolidation. Cardiomediastinal size is within normal limits. Pulmonary vasculature is normal. Old rib fractures, healed. Stable increased density overlying the lower mediastinum, unchanged, is XXXX due to hiatal hernia seen on XXXX examination.",No acute cardiopulmonary abnormality. .,/home/20213144/.cache/kagglehub/datasets/raddar/chest-xrays-indiana-university/versions/2/images/images_normalized/520_IM-2131-1001.dcm.png,Findings: The chest X-ray shows an interval decrease in the size of the left lower lobe infiltrate. This suggests that there has been some improvement in the lung condition over the course of the treatment.,"Findings: The chest X-ray shows an ill-defined opacity in the right lower lobe of the lung.

Impression: The presence of an ill-defined opacity in the right lower lobe may indicate an abnormality in the lung tissue. Further evaluation and clinical correlation are needed to determine the cause and significance of this finding."
521,521_IM-2132-4004.dcm.png,Frontal,Technical Quality of Image Unsatisfactory ;Lung/hypoinflation;Markings/bronchovascular,Technical Quality of Image Unsatisfactory ;Lung;Markings,Xray Chest PA and Lateral,"XXXX-year-old male, XXXX, MVA",,"Low lung volumes with bronchovascular crowding. No focal alveolar consolidation, no definite pleural effusion seen. Heart size within normal limits for technique, no typical mediastinal widening of vascular injury. No pleural line of pneumothorax.",Limited quality exam shows no definite acute findings.,/home/20213144/.cache/kagglehub/datasets/raddar/chest-xrays-indiana-university/versions/2/images/images_normalized/521_IM-2132-4004.dcm.png,"Radiology Report

Chest X-ray

Findings:
The chest X-ray shows a small amount of pleural effusion in the right lower lobe of the lung. 

Impression:
The presence of a small amount of pleural effusion in the right lower lobe of the lung may indicate an underlying issue, such as infection, inflammation, or other lung conditions. Further evaluation and clinical correlation are needed to determine the cause and significance of this finding.","Radiology Report

Chest X-ray

Findings:
The chest X-ray shows a small amount of pleural effusion in the right lower lobe of the lung. 

Impression:
The presence of a small amount of pleural effusion in the right lower lobe of the lung may indicate an underlying issue, such as an infection, inflammation, or other lung condition. Further evaluation and clinical correlation are needed to determine the cause and appropriate treatment for this finding."
522,522_IM-2133-1002001.dcm.png,Frontal,"Lung/hyperdistention;Cicatrix/cardiophrenic angle/left/small;Atherosclerosis/aorta;Arthritis;Pulmonary Atelectasis;Cicatrix/lung/base/left/small;Pulmonary Disease, Chronic Obstructive","Lung;Cicatrix;Atherosclerosis;Arthritis;Pulmonary Atelectasis;Cicatrix;Pulmonary Disease, Chronic Obstructive",Xray Chest PA and Lateral,Lightheaded and dizzy. Hypertension.,,There is hyperinflation of the lungs. A small area scarring is seen in the left cardiophrenic XXXX region. There is no pleural effusion or pneumothorax. The heart is not significantly enlarged. There are atherosclerotic changes of the aorta. Arthritic changes of the skeletal structures are noted.,COPD and small left basilar scar.,/home/20213144/.cache/kagglehub/datasets/raddar/chest-xrays-indiana-university/versions/2/images/images_normalized/522_IM-2133-1002001.dcm.png,"Radiology Report

Chest X-ray

Findings:
The chest X-ray shows a small amount of pleural effusion in the right lower lobe of the lung. 

Impression:
The presence of a small amount of pleural effusion in the right lower lobe of the lung may indicate an underlying issue, such as infection, inflammation, or other lung conditions. Further evaluation and clinical correlation are needed to determine the cause and significance of this finding.","Radiology Report

Chest X-ray

Findings:
The chest X-ray shows a small amount of pleural effusion in the right lower lobe of the lung. 

Impression:
The presence of a small amount of pleural effusion in the right lower lobe of the lung may indicate an underlying issue, such as infection, inflammation, or other lung conditions. Further evaluation and clinical correlation are needed to determine the cause and significance of this finding."
525,525_IM-2136-1001.dcm.png,Frontal,"Fractures, Bone/ribs/right;Kyphosis/severe;Aorta/tortuous/mild;Deformity/ribs/right","Fractures, Bone;Kyphosis;Aorta;Deformity",Xray Chest PA and Lateral,"XXXX-year-old male, alleged physical assault, pain",,"No focal consolidation, no definite pleural effusion seen. Exaggerated kyphosis with increased AP dimension of the thorax, curvilinear density projected over the right anterior 3rd and 4th ribs beyond which lung markings are seen XXXX skin fold artifact. Mild aortic ectasia/tortuosity, no typical mediastinal widening to suggest vascular injury. Contour irregularity of the lateral right 9th rib of indeterminate age.","1. No acute cardiopulmonary findings. 2. Age-indeterminate fracture of the right lateral 9th rib. If findings localize to this region, suspect acute fracture.",/home/20213144/.cache/kagglehub/datasets/raddar/chest-xrays-indiana-university/versions/2/images/images_normalized/525_IM-2136-1001.dcm.png,Findings: The chest X-ray shows an interval decrease in the size of the left lower lobe infiltrate. This suggests that there has been some improvement in the lung condition over the course of the treatment.,"Findings: The chest X-ray shows an opacity in the right lower lobe of the lung.

Impression: The presence of an opacity in the right lower lobe may indicate an abnormality, such as an infection, inflammation, or a mass. Further evaluation and clinical correlation are needed to determine the cause and significance of this finding."
527,527_IM-2137-1001.dcm.png,Frontal,normal,normal,Xray Chest PA and Lateral,XXXX-year-old male with shortness of breath and chest pain.,None.,"Cardiac and mediastinal XXXX appear normal. No visible pneumothorax, focal airspace opacity, or pleural effusion is seen. No visible free air under the diaphragm. The osseous structures appear intact.",No acute radiographic cardiopulmonary process. .,/home/20213144/.cache/kagglehub/datasets/raddar/chest-xrays-indiana-university/versions/2/images/images_normalized/527_IM-2137-1001.dcm.png,"Findings: The chest X-ray shows cardiomegaly, which is an enlargement of the heart, and mild pulmonary congestion. These findings may indicate an underlying heart or lung condition that requires further evaluation and clinical correlation.","Findings: The chest X-ray shows an opacity in the right lower lobe of the lung.

Impression: The presence of an opacity in the right lower lobe may indicate an abnormality, such as an infection, inflammation, or a mass. Further evaluation and clinical correlation are needed to determine the cause and significance of this finding."
529,529_IM-2137-1001.dcm.png,Frontal,normal,normal,"PA lateral chest x-XXXX XXXX, XXXX XXXX hours ","XXXX-year-old male, chest pain.",None available,Normal heart size and mediastinal contours. No focal airspace consolidation. No pleural effusion or pneumothorax. Chronic appearing right mid clavicle injury. Visualized bony structures otherwise unremarkable.,No acute cardiopulmonary abnormality.,/home/20213144/.cache/kagglehub/datasets/raddar/chest-xrays-indiana-university/versions/2/images/images_normalized/529_IM-2137-1001.dcm.png,"Findings: The chest X-ray shows cardiomegaly, which is an enlargement of the heart, and mild pulmonary congestion. These findings may indicate an underlying heart or lung condition that requires further evaluation and clinical correlation.","Findings: The chest X-ray shows cardiomegaly, which is an enlargement of the heart, and mild pulmonary congestion. These findings may indicate an underlying heart or lung condition that requires further evaluation and clinical correlation."
530,530_IM-2139-1001.dcm.png,Frontal,Cardiomegaly/mild,Cardiomegaly,"PA and lateral chest XXXX, XXXX at XXXX",chest pain dyspnea,,,Slight cardiomegaly. Clear lungs. No effusion,/home/20213144/.cache/kagglehub/datasets/raddar/chest-xrays-indiana-university/versions/2/images/images_normalized/530_IM-2139-1001.dcm.png,"Findings: The chest X-ray shows cardiomegaly, which is an enlargement of the heart, and mild pulmonary congestion. These findings may indicate an underlying heart or lung condition that requires further evaluation and clinical correlation.","Findings: The chest X-ray shows cardiomegaly, which is an enlargement of the heart, and mild pulmonary congestion. These findings may indicate an underlying heart or lung condition that requires further evaluation and clinical correlation."
531,531_IM-2140-1001.dcm.png,Frontal,"Lung/left/hyperdistention;Lung, Hyperlucent/left;Volume Loss/thorax/right;Shift/mediastinum","Lung;Lung, Hyperlucent;Volume Loss;Shift", PA and lateral views. ,XXXX-year-old female. XXXX vehicle XXXX.,"CT chest, dated XXXX, XXXX.","Right thorax volume loss with some degree of left-to-right mediastinal shift. Relative hyperlucency of left lung, XXXX compensatory hyperinflation. Diminutive right hilar silhouette, compatible with absence of right XXXX pulmonary artery, as noted on prior CT. No focal consolidation, pneumothorax or large pleural effusion. Negative for acute displaced rib fracture.",Negative for acute abnormality.,/home/20213144/.cache/kagglehub/datasets/raddar/chest-xrays-indiana-university/versions/2/images/images_normalized/531_IM-2140-1001.dcm.png,"Findings: The chest X-ray shows cardiomegaly, which is an enlargement of the heart, and mild pulmonary congestion. These findings may indicate an underlying heart or lung condition that requires further evaluation and clinical correlation.","Findings: The chest X-ray shows cardiomegaly, which is an enlargement of the heart, and mild pulmonary congestion. These findings may indicate an underlying heart or lung condition that requires further evaluation and clinical correlation."
532,532_IM-2140-1001.dcm.png,Frontal,normal,normal,"PA and lateral chest x-XXXX dated XXXX, XXXX at XXXX a.m. ","XXXX-year-old woman, XXXX vehicle collision.",None.,"The lungs are clear bilaterally. Specifically, no evidence of focal consolidation, pneumothorax, or pleural effusion. Cardiomediastinal silhouette is unremarkable. Visualized osseous structures of the thorax are without acute abnormality.",No acute cardiopulmonary abnormality.,/home/20213144/.cache/kagglehub/datasets/raddar/chest-xrays-indiana-university/versions/2/images/images_normalized/532_IM-2140-1001.dcm.png,"Findings: The chest X-ray shows cardiomegaly, which is an enlargement of the heart, and mild pulmonary congestion. These findings may indicate an underlying heart or lung condition that requires further evaluation and clinical correlation.","Findings: The chest X-ray shows cardiomegaly, which is an enlargement of the heart, and mild pulmonary congestion. These findings may indicate an underlying heart or lung condition that requires further evaluation and clinical correlation."
533,533_IM-2140-1001.dcm.png,Frontal,"Mediastinum/prominent;Aorta, Thoracic/tortuous;Scoliosis/thoracic vertebrae","Mediastinum;Aorta, Thoracic;Scoliosis",PA and lateral chest x-XXXX XXXX. ,"XXXX-year-old female, rule out dissection.",PA and lateral chest radiographs XXXX and CT chest without contrast XXXX.,There is prominence of the superior mediastinum which may be partially due to patient's known thyroid mass. There is increased tortuosity of the descending thoracic aorta. Cardiac silhouette is within normal limits. Lungs are clear without focal opacification. No pneumothorax or pleural effusion. There is scoliotic curvature the thoracic spine. No acute bone abnormality.,"Increasing prominence of the superior mediastinum may be secondary to enlarging thyroid mass. With increasing tortuosity of the thoracic aorta and concern for dissection, chest CT is recommended for further evaluation.",/home/20213144/.cache/kagglehub/datasets/raddar/chest-xrays-indiana-university/versions/2/images/images_normalized/533_IM-2140-1001.dcm.png,"Radiology Report

Chest X-ray

Findings:
The chest X-ray shows a small amount of pleural effusion in the right lower lobe of the lung. 

Impression:
The presence of a small amount of pleural effusion in the right lower lobe of the lung may indicate an underlying issue, such as infection, inflammation, or other lung conditions. Further evaluation and clinical correlation are needed to determine the cause and significance of this finding.","Radiology Report

Chest X-ray

Findings:
The chest X-ray shows a small amount of pleural effusion in the right lower lobe of the lung. 

Impression:
The presence of a small amount of pleural effusion in the right lower lobe of the lung may indicate an underlying issue, such as infection, inflammation, or other lung conditions. Further evaluation and clinical correlation are needed to determine the cause and significance of this finding."
534,534_IM-2141-1001.dcm.png,Frontal,Cicatrix/lung/upper lobe/hilum/left;Opacity/retrocardiac/streaky;Pulmonary Atelectasis/left/mild,Cicatrix;Opacity;Pulmonary Atelectasis,CHEST 2V FRONTAL/LATERAL ,XXXX and hypoxia,,The heart is normal in size. The mediastinum is unremarkable. Left perihilar scarring is noted in the upper lobe. Streaky opacities in the retrocardiac region XXXX reflect mild subsegmental atelectasis. There is no focal infiltrate or pleural effusion.,Mild left-sided scarring/subsegmental atelectasis. No definite infiltrate.,/home/20213144/.cache/kagglehub/datasets/raddar/chest-xrays-indiana-university/versions/2/images/images_normalized/534_IM-2141-1001.dcm.png,"Findings: The chest X-ray shows cardiomegaly, which is an enlargement of the heart, and mild pulmonary congestion. These findings may indicate an underlying heart or lung condition that requires further evaluation and clinical correlation.","Findings: The chest X-ray shows cardiomegaly, which is an enlargement of the heart, and mild pulmonary congestion. These findings may indicate an underlying heart or lung condition that requires further evaluation and clinical correlation."
535,535_IM-2142-1001.dcm.png,Frontal,Scoliosis/thoracic vertebrae;Scoliosis/lumbar vertebrae;Osteophyte/thoracic vertebrae/multiple;Opacity/lung/base/left;Cicatrix/lung/base/left;Pulmonary Atelectasis/base/left;Calcinosis/lung/hilum/lymph nodes,Scoliosis;Scoliosis;Osteophyte;Opacity;Cicatrix;Pulmonary Atelectasis;Calcinosis,Xray Chest PA and Lateral,"COPD exacerbation,","CBD exacerbation, XXXX x1 month",There is S-shaped thoracolumbar scoliosis. There are T-spine osteophytes. XXXX opacity in the left lower lobe XXXX represents atelectasis or scarring. There is no pneumothorax. There is no large pleural effusion. The cardiomediastinal silhouette is within normal limits. There is no lobar pneumonia. There are calcified hilar lymph XXXX.,XXXX opacity in left lung base XXXX represents atelectasis or scarring.,/home/20213144/.cache/kagglehub/datasets/raddar/chest-xrays-indiana-university/versions/2/images/images_normalized/535_IM-2142-1001.dcm.png,"Radiology Report

Chest X-ray

Findings:
The chest X-ray shows a small amount of pleural effusion in the right lower lobe.","Radiology Report

Chest X-ray

Findings:
The chest X-ray shows a small amount of pleural effusion in the right lower lobe."
