uid,filename,projection,MeSH,Problems,image,indication,comparison,findings,impression,image_path,llavamed_report,llavamed_report_with_VCD,radgraph_e_llavamed,radgraph_er_llavamed,radgraph_bar_er_llavamed,ratescore_llavamed,chair_hallucination_score_llavamed,chair_recall_llavamed,chair_specificity_llavamed,chair_accuracy_llavamed,chair_article_llavamed,chair_article_recall_llavamed,radgraph_e_vcd,radgraph_er_vcd,radgraph_bar_er_vcd,ratescore_vcd,chair_hallucination_score_vcd,chair_recall_vcd,chair_specificity_vcd,chair_accuracy_vcd,chair_article_vcd,chair_article_recall_vcd
1,1_IM-0001-4001.dcm.png,Frontal,normal,normal,Xray Chest PA and Lateral,Positive TB test,None.,The cardiac silhouette and mediastinum size are within normal limits. There is no pulmonary edema. There is no focal consolidation. There are no XXXX of a pleural effusion. There is no evidence of pneumothorax.,Normal chest x-XXXX.,/home/20213144/.cache/kagglehub/datasets/raddar/chest-xrays-indiana-university/versions/2/images/images_normalized/1_IM-0001-4001.dcm.png,Findings: The chest X-ray shows hyperinflation of the right lung.,"Findings: The chest X-ray shows bilateral hilar prominence, which is an enlargement or increased visibility of the hilum on both sides of the lungs.",0.0,0.0,0.0,0.5361836870745778,0.5,0.030555555555555555,0.0,0.14864864864864866,0.9126984126984127,0.030555555555555555,0.0,0.0,0.0,0.38732167889008695,0.403125,0.05555555555555555,0.0,0.1342281879194631,0.9375,0.05555555555555555
2,2_IM-0652-1001.dcm.png,Frontal,Cardiomegaly/borderline;Pulmonary Artery/enlarged,Cardiomegaly;Pulmonary Artery,"Chest, 2 views, frontal and lateral",Preop bariatric surgery.,None.,Borderline cardiomegaly. Midline sternotomy XXXX. Enlarged pulmonary arteries. Clear lungs. Inferior XXXX XXXX XXXX.,No acute pulmonary findings.,/home/20213144/.cache/kagglehub/datasets/raddar/chest-xrays-indiana-university/versions/2/images/images_normalized/2_IM-0652-1001.dcm.png,"Findings: The chest X-ray shows bilateral hilar prominence, which is an enlargement or increased visibility of the hilum on both sides of the lungs.","Findings: The chest X-ray shows bilateral hilar prominence, which is an enlargement or increased visibility of the hilum on both sides of the lungs.",0.0,0.0,0.0,0.49621494864342525,0.5,0.030555555555555555,0.0,0.14864864864864866,0.9126984126984127,0.030555555555555555,0.0,0.0,0.0,0.49621494864342525,0.403125,0.05555555555555555,0.0,0.1342281879194631,0.9375,0.05555555555555555
3,3_IM-1384-1001.dcm.png,Frontal,normal,normal,Xray Chest PA and Lateral,"rib pain after a XXXX, XXXX XXXX steps this XXXX. Pain to R back, R elbow and R rib XXXX, no previous heart or lung hx, non-XXXX, no hx ca",,,"No displaced rib fractures, pneumothorax, or pleural effusion identified. Well-expanded and clear lungs. Mediastinal contour within normal limits. No acute cardiopulmonary abnormality identified.",/home/20213144/.cache/kagglehub/datasets/raddar/chest-xrays-indiana-university/versions/2/images/images_normalized/3_IM-1384-1001.dcm.png,"Findings: The chest X-ray shows bilateral hilar prominence, which is an enlargement or increased visibility of the hilum on both sides of the lungs.",Findings: The chest X-ray shows bilateral hilar prominence and a left-sided pleural effusion.,0.0,0.0,0.0,0.44738934411557957,0.5,0.030555555555555555,0.0,0.14864864864864866,0.9126984126984127,0.030555555555555555,0.08695652173913045,0.08695652173913045,0.08695652173913045,0.3427432293800816,0.403125,0.05555555555555555,0.0,0.1342281879194631,0.9375,0.05555555555555555
4,4_IM-2050-1001.dcm.png,Frontal,"Pulmonary Disease, Chronic Obstructive;Bullous Emphysema;Pulmonary Fibrosis/interstitial;Cicatrix/lung/upper lobe/left;Opacity/lung/apex/left/irregular;Opacity/lung/upper lobe/right/streaky;Opacity/pulmonary alveoli;Opacity/lung/bilateral/interstitial/diffuse","Pulmonary Disease, Chronic Obstructive;Bullous Emphysema;Pulmonary Fibrosis;Cicatrix;Opacity;Opacity;Opacity;Opacity","PA and lateral views of the chest XXXX, XXXX at XXXX hours ",XXXX-year-old XXXX with XXXX.,None available,"There are diffuse bilateral interstitial and alveolar opacities consistent with chronic obstructive lung disease and bullous emphysema. There are irregular opacities in the left lung apex, that could represent a cavitary lesion in the left lung apex.There are streaky opacities in the right upper lobe, XXXX scarring. The cardiomediastinal silhouette is normal in size and contour. There is no pneumothorax or large pleural effusion.","1. Bullous emphysema and interstitial fibrosis. 2. Probably scarring in the left apex, although difficult to exclude a cavitary lesion. 3. Opacities in the bilateral upper lobes could represent scarring, however the absence of comparison exam, recommend short interval followup radiograph or CT thorax to document resolution.",/home/20213144/.cache/kagglehub/datasets/raddar/chest-xrays-indiana-university/versions/2/images/images_normalized/4_IM-2050-1001.dcm.png,"Findings: The chest X-ray shows bilateral diffuse reticular opacities. Reticular opacities are a pattern of interlacing lines that can be seen in the lung fields, and they may indicate various lung conditions, such as infections, interstitial lung diseases, or other pulmonary disorders.","Findings: The chest X-ray shows bilateral diffuse reticular opacities. Reticular opacities are a pattern of interlacing lines that can be seen in the lung fields, and they may indicate various lung conditions, such as infections, interstitial lung diseases, or other pulmonary disorders.",0.23809523809523808,0.18181818181818182,0.12244897959183672,0.5364791750873728,0.5,0.030555555555555555,0.0,0.14864864864864866,0.9126984126984127,0.030555555555555555,0.23809523809523808,0.18181818181818182,0.12244897959183672,0.5364791750873728,0.403125,0.05555555555555555,0.0,0.1342281879194631,0.9375,0.05555555555555555
5,5_IM-2117-1003002.dcm.png,Frontal,Osteophyte/thoracic vertebrae/multiple/small;Thickening/pleura/apex/bilateral;Lung/hyperdistention/mild,Osteophyte;Thickening;Lung,Xray Chest PA and Lateral,Chest and nasal congestion.,,"The cardiomediastinal silhouette and pulmonary vasculature are within normal limits. There is no pneumothorax or pleural effusion. There are no focal areas of consolidation. Cholecystectomy clips are present. Small T-spine osteophytes. There is biapical pleural thickening, unchanged from prior. Mildly hyperexpanded lungs.",No acute cardiopulmonary abnormality.,/home/20213144/.cache/kagglehub/datasets/raddar/chest-xrays-indiana-university/versions/2/images/images_normalized/5_IM-2117-1003002.dcm.png,Findings: The chest X-ray shows bilateral hilar prominence and a left-sided pleural effusion.,Findings: The chest X-ray shows bilateral hilar prominence and a left-sided pleural effusion.,0.06451612903225806,0.06451612903225806,0.0625,0.3902071518706801,0.5,0.030555555555555555,0.0,0.14864864864864866,0.9126984126984127,0.030555555555555555,0.06451612903225806,0.06451612903225806,0.0625,0.3902071518706801,0.403125,0.05555555555555555,0.0,0.1342281879194631,0.9375,0.05555555555555555
6,6_IM-2192-1001.dcm.png,Frontal,normal,normal,"PA and Lateral Chest. XXXX, XXXX at XXXX ",Evaluate for infection,"XXXX, XXXX",Heart size and mediastinal contour are within normal limits. There is no focal airspace consolidation or suspicious pulmonary opacity. No pneumothorax or large pleural effusion. Mild degenerative change of the thoracic spine.,No acute cardiopulmonary findings.,/home/20213144/.cache/kagglehub/datasets/raddar/chest-xrays-indiana-university/versions/2/images/images_normalized/6_IM-2192-1001.dcm.png,"Findings: The chest X-ray shows bilateral hilar prominence, which is an enlargement or increased visibility of the hilum on both sides of the lungs.",Findings: The chest X-ray shows bilateral hilar prominence and a left-sided pleural effusion.,0.0,0.0,0.0,0.3654975963201848,0.5,0.030555555555555555,0.0,0.14864864864864866,0.9126984126984127,0.030555555555555555,0.07142857142857144,0.07142857142857144,0.06896551724137931,0.31959939456570924,0.403125,0.05555555555555555,0.0,0.1342281879194631,0.9375,0.05555555555555555
7,7_IM-2263-1001.dcm.png,Frontal,Pulmonary Atelectasis/base;Spondylosis/thoracic vertebrae;Arthritis/cervical vertebrae,Pulmonary Atelectasis;Spondylosis;Arthritis,Xray Chest PA and Lateral,Preop lumbar surgery,"XXXX, XXXX",The cardiac contours are normal. XXXX basilar atelectasis. The lungs are clear. Thoracic spondylosis. Lower cervical XXXX arthritis.,Basilar atelectasis. No confluent lobar consolidation or pleural effusion.,/home/20213144/.cache/kagglehub/datasets/raddar/chest-xrays-indiana-university/versions/2/images/images_normalized/7_IM-2263-1001.dcm.png,"Findings: The chest X-ray shows bilateral hilar prominence, which is an enlargement or increased visibility of the hilum on both sides of the lungs.","Findings: The chest X-ray shows bilateral hilar prominence, which is an enlargement or increased visibility of the hilum on both sides of the lungs.",0.0,0.0,0.0,0.3707522431765503,0.5,0.030555555555555555,0.0,0.14864864864864866,0.9126984126984127,0.030555555555555555,0.0,0.0,0.0,0.3707522431765503,0.403125,0.05555555555555555,0.0,0.1342281879194631,0.9375,0.05555555555555555
8,8_IM-2333-1001.dcm.png,Frontal,normal,normal,Xray Chest PA and Lateral,XXXX-year-old with XXXX on XXXX. Dyspnea. History of mitral valve prolapse.,Two views of the chest dated XXXX.,"The heart, pulmonary XXXX and mediastinum are within normal limits. There is no pleural effusion or pneumothorax. There is no focal air space opacity to suggest a pneumonia. There is an interim XXXX cervical spinal fusion partly evaluated.",No acute cardiopulmonary disease.,/home/20213144/.cache/kagglehub/datasets/raddar/chest-xrays-indiana-university/versions/2/images/images_normalized/8_IM-2333-1001.dcm.png,"Findings: The chest X-ray shows bilateral hilar prominence, which is an enlargement or increased visibility of the hilum on both sides of the lungs.","Findings: The chest X-ray shows bilateral hilar lymphadenopathy, which means there is enlargement of the lymph nodes in the hilar region of both lungs.",0.0,0.0,0.0,0.37310766813898716,0.5,0.030555555555555555,0.0,0.14864864864864866,0.9126984126984127,0.030555555555555555,0.0,0.0,0.0,0.38691307731670643,0.403125,0.05555555555555555,0.0,0.1342281879194631,0.9375,0.05555555555555555
9,9_IM-2407-1001.dcm.png,Frontal,Calcified Granuloma/lung/upper lobe/right;Density/cardiophrenic angle/left,Calcified Granuloma;Density,Xray Chest PA and Lateral,Chest pain today. History of stent placement 7+ years ago.,"CT XXXX image XXXX, CT abdomen which included the lower thorax XXXX.","The XXXX examination consists of frontal and lateral radiographs of the chest. The cardiac silhouette is not enlarged. There has been apparent interval increase in low density convexity at the left cardiophrenic XXXX. Calcified granuloma is again seen in the right upper lobe. There is no consolidation, pleural effusion or pneumothorax.","Increased size of density in the left cardiophrenic XXXX. Primary differential considerations include increased size of prominent epicardial fat, pericardial mass, pleural mass or cardiac aneurysm. CT chest with contrast is recommended. These findings and recommendations were discussed XXXX. XXXX by Dr. XXXX XXXX telephone at XXXX p.m. XXXX/XXXX. Dr. XXXX<XXXX>technologist receipt of the results.",/home/20213144/.cache/kagglehub/datasets/raddar/chest-xrays-indiana-university/versions/2/images/images_normalized/9_IM-2407-1001.dcm.png,"Findings: The chest X-ray shows bilateral hilar prominence, which is an enlargement or increased visibility of the hilum on both sides of the lungs.",Findings: The chest X-ray shows bilateral hilar prominence and a left-sided pleural effusion.,0.0,0.0,0.0,0.4707338838633347,0.5,0.030555555555555555,0.0,0.14864864864864866,0.9126984126984127,0.030555555555555555,0.058823529411764705,0.058823529411764705,0.05405405405405405,0.46831378131700957,0.403125,0.05555555555555555,0.0,0.1342281879194631,0.9375,0.05555555555555555
10,10_IM-0002-2001.dcm.png,Frontal,Calcified Granuloma/lung/upper lobe/right,Calcified Granuloma,PA and lateral chest x-XXXX XXXX. ,"XXXX-year-old male, chest pain.",Chest radiographs XXXX.,"The cardiomediastinal silhouette is within normal limits for size and contour. The lungs are normally inflated without evidence of focal airspace disease, pleural effusion, or pneumothorax. Stable calcified granuloma within the right upper lung. No acute bone abnormality..",No acute cardiopulmonary process.,/home/20213144/.cache/kagglehub/datasets/raddar/chest-xrays-indiana-university/versions/2/images/images_normalized/10_IM-0002-2001.dcm.png,Findings: The chest X-ray shows hyperinflation of the right lung.,Findings: The chest X-ray shows bilateral hilar prominence and a left-sided pleural effusion.,0.0,0.0,0.0,0.453063884359772,0.5,0.030555555555555555,0.0,0.14864864864864866,0.9126984126984127,0.030555555555555555,0.06060606060606061,0.06060606060606061,0.05405405405405405,0.3423333113046536,0.403125,0.05555555555555555,0.0,0.1342281879194631,0.9375,0.05555555555555555
11,11_IM-0067-1001.dcm.png,Frontal,normal,normal,Xray Chest PA and Lateral,"Fatigue, weakness, anterior chest pain",,Cardiomediastinal silhouette and pulmonary vasculature are within normal limits. Lungs are clear. No pneumothorax or pleural effusion. No acute osseous findings.,No acute cardiopulmonary findings.,/home/20213144/.cache/kagglehub/datasets/raddar/chest-xrays-indiana-university/versions/2/images/images_normalized/11_IM-0067-1001.dcm.png,"Findings: The chest X-ray shows bilateral hilar prominence, which is an enlargement or increased visibility of the hilum on both sides of the lungs.","Findings: The chest X-ray shows a homogenous opacity in the right hemithorax. This means that there is an area of increased density in the right side of the chest, which could be due to various reasons such as fluid accumulation, infection, or other lung abnormalities.",0.0,0.0,0.0,0.4270985734797645,0.5,0.030555555555555555,0.0,0.14864864864864866,0.9126984126984127,0.030555555555555555,0.0,0.0,0.0,0.3746453671561406,0.403125,0.05555555555555555,0.0,0.1342281879194631,0.9375,0.05555555555555555
12,12_IM-0133-1001.dcm.png,Frontal,normal,normal,PA and lateral chest radiograph (2 views) (2 images) ,XXXX,,Lungs are clear bilaterally. Cardiac and mediastinal silhouettes are normal. Pulmonary vasculature is normal. No pneumothorax or pleural effusion. No acute bony abnormality.,No acute cardiopulmonary abnormality.,/home/20213144/.cache/kagglehub/datasets/raddar/chest-xrays-indiana-university/versions/2/images/images_normalized/12_IM-0133-1001.dcm.png,"Findings: The chest X-ray shows bilateral hilar prominence, which is an enlargement or increased visibility of the hilum on both sides of the lungs.","Findings: The chest X-ray shows cardiomegaly, which is an enlargement of the heart.",0.0,0.0,0.0,0.45859554257761465,0.5,0.030555555555555555,0.0,0.14864864864864866,0.9126984126984127,0.030555555555555555,0.0,0.0,0.0,0.390966723965888,0.403125,0.05555555555555555,0.0,0.1342281879194631,0.9375,0.05555555555555555
13,13_IM-0198-1001.dcm.png,Frontal,Cardiac Shadow/borderline,Cardiac Shadow,PA and lateral chest radiograph (2 views) (2 images) ,Chest pain.,"Chest radiograph from XXXX, XXXX.","The cardiac silhouette is borderline enlarged. Otherwise, there is no focal opacity. Mediastinal contours are within normal limits. There is no large pleural effusion. No pneumothorax.",Borderline enlargement of the cardiac silhouette without acute pulmonary disease.,/home/20213144/.cache/kagglehub/datasets/raddar/chest-xrays-indiana-university/versions/2/images/images_normalized/13_IM-0198-1001.dcm.png,"Findings: The chest X-ray shows bilateral hilar prominence, which is an enlargement or increased visibility of the hilum on both sides of the lungs.","Findings: The chest X-ray shows bilateral hilar prominence, which is an enlargement or increased visibility of the hilum on both sides of the lungs.",0.0,0.0,0.0,0.4853664010269513,0.5,0.030555555555555555,0.0,0.14864864864864866,0.9126984126984127,0.030555555555555555,0.0,0.0,0.0,0.4853664010269513,0.403125,0.05555555555555555,0.0,0.1342281879194631,0.9375,0.05555555555555555
14,14_IM-0256-1001.dcm.png,Frontal,Lung/hyperdistention/mild;Markings/lung/interstitial/scattered/irregular/chronic,Lung;Markings,Xray Chest PA and Lateral,"XXXX-year-old female, chest pain",,"Heart size within normal limits, stable mediastinal and hilar contours. Mild hyperinflation appears similar to prior. No focal alveolar consolidation, no definite pleural effusion seen. Scattered chronic appearing irregular interstitial markings, no typical findings of pulmonary edema.",No acute findings,/home/20213144/.cache/kagglehub/datasets/raddar/chest-xrays-indiana-university/versions/2/images/images_normalized/14_IM-0256-1001.dcm.png,"Findings: The chest X-ray shows bilateral hilar prominence, which is an enlargement or increased visibility of the hilum on both sides of the lungs.","Findings: The chest X-ray shows bilateral hilar prominence, which is an enlargement or increased visibility of the hilum on both sides of the lungs.",0.0625,0.0625,0.05714285714285715,0.4083905229034778,0.5,0.030555555555555555,0.0,0.14864864864864866,0.9126984126984127,0.030555555555555555,0.0625,0.0625,0.05714285714285715,0.4083905229034778,0.403125,0.05555555555555555,0.0,0.1342281879194631,0.9375,0.05555555555555555
15,15_IM-0324-1001.dcm.png,Frontal,Granulomatous Disease,Granulomatous Disease,"Chest, 2 views, XXXX XXXX ComparisXXXX/XXXX ",Dyspnea,,Cardiomediastinal silhouette and pulmonary vasculature are within normal limits. Lungs are clear. No pneumothorax or pleural effusion. Evidence of prior granulomatous disease. No acute osseous findings.,No acute cardiopulmonary findings.,/home/20213144/.cache/kagglehub/datasets/raddar/chest-xrays-indiana-university/versions/2/images/images_normalized/15_IM-0324-1001.dcm.png,"Findings: The chest X-ray shows bilateral hilar prominence, which is an enlargement or increased visibility of the hilum on both sides of the lungs.","Findings: The chest X-ray shows bilateral hilar prominence, which is an enlargement or increased visibility of the hilum on both sides of the lungs.",0.0,0.0,0.0,0.40316388251838897,0.5,0.030555555555555555,0.0,0.14864864864864866,0.9126984126984127,0.030555555555555555,0.0,0.0,0.0,0.40316388251838897,0.403125,0.05555555555555555,0.0,0.1342281879194631,0.9375,0.05555555555555555
17,17_IM-0460-2001.dcm.png,Frontal,normal,normal,PA and lateral views of the chest dated XXXX. ,"XXXX-year-old female, chest pain.",XXXX films of the chest dated XXXX.,No focal areas of consolidation. No suspicious pulmonary opacities. Heart size within normal limits. No pleural effusions. No evidence of pneumothorax. Osseous structures intact.,No acute cardiopulmonary abnormality.,/home/20213144/.cache/kagglehub/datasets/raddar/chest-xrays-indiana-university/versions/2/images/images_normalized/17_IM-0460-2001.dcm.png,Findings: The chest X-ray shows bilateral hilar prominence and a left-sided pleural effusion.,Findings: The chest X-ray shows bilateral hilar prominence and a left-sided pleural effusion.,0.08695652173913045,0.08695652173913045,0.08695652173913045,0.3450392774985348,0.5,0.030555555555555555,0.0,0.14864864864864866,0.9126984126984127,0.030555555555555555,0.08695652173913045,0.08695652173913045,0.08695652173913045,0.3450392774985348,0.403125,0.05555555555555555,0.0,0.1342281879194631,0.9375,0.05555555555555555
18,18_IM-0520-1001.dcm.png,Frontal,Pleural Effusion/borderline,Pleural Effusion,Xray Chest PA and Lateral,"XXXX-year-old male, pain",,"Heart size within normal limits. No focal alveolar consolidation, no definite pleural effusion seen. No typical findings of pulmonary edema. No pneumothorax.",No acute cardiopulmonary findings,/home/20213144/.cache/kagglehub/datasets/raddar/chest-xrays-indiana-university/versions/2/images/images_normalized/18_IM-0520-1001.dcm.png,"Findings: The chest X-ray shows bilateral hilar prominence, which is an enlargement or increased visibility of the hilum on both sides of the lungs.","Findings: The chest X-ray shows bilateral hilar lymphadenopathy, which means there is enlargement of the lymph nodes in the hilar region of both lungs.",0.0,0.0,0.0,0.2997871842470966,0.5,0.030555555555555555,0.0,0.14864864864864866,0.9126984126984127,0.030555555555555555,0.0,0.0,0.0,0.2795997728264609,0.403125,0.05555555555555555,0.0,0.1342281879194631,0.9375,0.05555555555555555
19,19_IM-0583-1001.dcm.png,Frontal,"Aorta, Thoracic/tortuous;Thoracic Vertebrae/degenerative","Aorta, Thoracic;Thoracic Vertebrae","PA and LAT view CHEST XXXX, XXXX XXXX PM","XXXX, preop for abdominal aortic aneurysm repair","CT chest angiography, XXXX","Heart size is normal. There is tortuosity of the thoracic aorta, stable compared with prior. No focal airspace disease or effusion. No pleural effusions or pneumothoraces. Degenerative changes in the thoracic spine.",No acute cardiopulmonary process.,/home/20213144/.cache/kagglehub/datasets/raddar/chest-xrays-indiana-university/versions/2/images/images_normalized/19_IM-0583-1001.dcm.png,"Findings: The chest X-ray shows bilateral hilar prominence, which is an enlargement or increased visibility of the hilum on both sides of the lungs.","Findings: The chest X-ray shows bilateral hilar lymphadenopathy, which means there is enlargement of the lymph nodes in the region where the bronchi enter the lungs, on both sides.",0.0,0.0,0.0,0.3627234755712716,0.5,0.030555555555555555,0.0,0.14864864864864866,0.9126984126984127,0.030555555555555555,0.0,0.0,0.0,0.28977932430158815,0.403125,0.05555555555555555,0.0,0.1342281879194631,0.9375,0.05555555555555555
20,20_IM-0653-1001.dcm.png,Frontal,normal,normal,"PA and lateral chest radiograph, XXXX at XXXX hours. ",XXXX-year-old female with XXXX.,"PA lateral chest radiograph, XXXX.",The cardiac and mediastinal silhouettes are unremarkable. The lungs are well expanded and clear. There are no focal air space opacities. There is no pneumothorax or effusion. There are mild degenerative changes of the thoracic spine.,No evidence of acute cardiopulmonary process. Stable appearance of the chest.,/home/20213144/.cache/kagglehub/datasets/raddar/chest-xrays-indiana-university/versions/2/images/images_normalized/20_IM-0653-1001.dcm.png,"Findings: The chest X-ray shows bilateral hilar prominence, which is an enlargement or increased visibility of the hilum on both sides of the lungs.","Findings: The chest X-ray shows bilateral hilar prominence, which is an enlargement or increased visibility of the hilum on both sides of the lungs.",0.0,0.0,0.0,0.43019530066411,0.5,0.030555555555555555,0.0,0.14864864864864866,0.9126984126984127,0.030555555555555555,0.0,0.0,0.0,0.43019530066411,0.403125,0.05555555555555555,0.0,0.1342281879194631,0.9375,0.05555555555555555
21,21_IM-0729-1001-0001.dcm.png,Frontal,Calcified Granuloma/lung/lingula;Breast Implants;Deformity/thoracic vertebrae/moderate,Calcified Granuloma;Breast Implants;Deformity,"2 VIEW CHEST: XXXX, XXXX at XXXX hours.",Patient confused. Possible head injury.,,,"Heart size normal. Mediastinal silhouettes and pulmonary vascularity are within normal limits. Calcified lingular granuloma. No focal consolidations or pleural effusions. No pneumothorax. Breast implants there is a moderate wedge XXXX deformity of the midthoracic vertebrae, XXXX T6, age-indeterminate.",/home/20213144/.cache/kagglehub/datasets/raddar/chest-xrays-indiana-university/versions/2/images/images_normalized/21_IM-0729-1001-0001.dcm.png,Findings: The chest X-ray shows hyperinflation of the right lung.,"Findings: The chest X-ray shows bilateral hilar prominence, which is an enlargement or increased visibility of the hilum on both sides of the lungs.",0.0,0.0,0.0,0.3760559411024429,0.5,0.030555555555555555,0.0,0.14864864864864866,0.9126984126984127,0.030555555555555555,0.0,0.0,0.0,0.42969216796237153,0.403125,0.05555555555555555,0.0,0.1342281879194631,0.9375,0.05555555555555555
22,22_IM-0810-1001.dcm.png,Frontal,normal,normal,"PA and lateral views of the chest XXXX, XXXX at XXXX hours ",XXXX-year-old woman with XXXX for 3 weeks.,None available,"The lungs are clear, and without focal air space opacity. The cardiomediastinal silhouette is normal in size and contour, and stable. There is no pneumothorax large pleural effusion.",No acute cardiopulmonary abnormality.,/home/20213144/.cache/kagglehub/datasets/raddar/chest-xrays-indiana-university/versions/2/images/images_normalized/22_IM-0810-1001.dcm.png,Findings: The chest X-ray shows bilateral hilar prominence and a left-sided pleural effusion.,Findings: The chest X-ray shows bilateral hilar prominence and a left-sided pleural effusion.,0.08333333333333333,0.08333333333333333,0.07692307692307691,0.3001363996047335,0.5,0.030555555555555555,0.0,0.14864864864864866,0.9126984126984127,0.030555555555555555,0.08333333333333333,0.08333333333333333,0.07692307692307691,0.3001363996047335,0.403125,0.05555555555555555,0.0,0.1342281879194631,0.9375,0.05555555555555555
23,23_IM-0879-1001.dcm.png,Frontal,normal,normal,Xray Chest PA and Lateral,"Nausea, vomiting, preop for surgery",,The heart size and pulmonary vascularity appear within normal limits. The lungs are free of focal airspace disease. No pleural effusion or pneumothorax is seen.,No evidence of active disease.,/home/20213144/.cache/kagglehub/datasets/raddar/chest-xrays-indiana-university/versions/2/images/images_normalized/23_IM-0879-1001.dcm.png,"Findings: The chest X-ray shows bilateral hilar prominence, which is an enlargement or increased visibility of the hilum on both sides of the lungs.",Findings: The chest X-ray shows bilateral hilar prominence and a left-sided pleural effusion.,0.0,0.0,0.0,0.4336993167064087,0.5,0.030555555555555555,0.0,0.14864864864864866,0.9126984126984127,0.030555555555555555,0.1,0.09523809523809522,0.09090909090909091,0.2562323217930329,0.403125,0.05555555555555555,0.0,0.1342281879194631,0.9375,0.05555555555555555
24,24_IM-0949-1001.dcm.png,Frontal,normal,normal,PA AND LATERAL VIEWS OF THE CHEST dated XXXX XXXX hours ,"XXXX, dyspnea",None.,Cardiomediastinal silhouette is within normal limits of size and appearance. The pulmonary vascularity is unremarkable. Lungs are expanded and clear of airspace disease. Negative for pneumothorax or pleural effusion. Limited bone evaluation reveals no acute abnormality. There is incompletely evaluated lumbar levoscoliosis.,No acute cardiopulmonary abnormality.,/home/20213144/.cache/kagglehub/datasets/raddar/chest-xrays-indiana-university/versions/2/images/images_normalized/24_IM-0949-1001.dcm.png,"Findings: The chest X-ray shows bilateral hilar prominence, which is an enlargement or increased visibility of the hilum on both sides of the lungs.","Findings: The chest X-ray shows bilateral hilar prominence, which is an enlargement or increased visibility of the hilum on both sides of the lungs.",0.0,0.0,0.0,0.4237390712620651,0.5,0.030555555555555555,0.0,0.14864864864864866,0.9126984126984127,0.030555555555555555,0.0,0.0,0.0,0.4237390712620651,0.403125,0.05555555555555555,0.0,0.1342281879194631,0.9375,0.05555555555555555
25,25_IM-1024-2001.dcm.png,Frontal,"Sutures/lung/apex/right;Lung, Hyperlucent;Lung/hyperdistention;Pulmonary Emphysema;Airspace Disease/lung/lower lobe/left;Pleural Effusion/left/moderate;Pleural Effusion/right/small","Sutures;Lung, Hyperlucent;Lung;Pulmonary Emphysema;Airspace Disease;Pleural Effusion;Pleural Effusion",Xray Chest PA and Lateral,XXXX year old smoking on oxygen and nasal cannula caught XXXX. XXXX to the cheek and inside of nose.,PA and lateral chest XXXX and CTA XXXX.,The heart is within normal limits in size. Surgical suture material projects over the right lung apex. The lungs are hyperlucent and hyperinflated compatible with emphysema. There is left lower lobe airspace disease identified. There is moderate left pleural effusion and small right pleural effusion. No visualized pneumothorax.,"1. Left lower lobe airspace disease and bilateral pleural effusions, left greater than right. This may be secondary to inhalational injury. Recommend followup to ensure complete resolution.",/home/20213144/.cache/kagglehub/datasets/raddar/chest-xrays-indiana-university/versions/2/images/images_normalized/25_IM-1024-2001.dcm.png,"Findings: The chest X-ray shows bilateral hilar prominence, which is an enlargement or increased visibility of the hilum on both sides of the lungs.","Findings: The chest X-ray shows bilateral hilar lymphadenopathy, which means there is enlargement of the lymph nodes in the region where the bronchi enter the lungs, on both sides.",0.058823529411764705,0.058823529411764705,0.0,0.4424964886885202,0.5,0.030555555555555555,0.0,0.14864864864864866,0.9126984126984127,0.030555555555555555,0.058823529411764705,0.058823529411764705,0.0,0.38958544750980345,0.403125,0.05555555555555555,0.0,0.1342281879194631,0.9375,0.05555555555555555
26,26_IM-1090-1001.dcm.png,Frontal,Spondylosis/thoracic vertebrae,Spondylosis,"Chest, 2 views, frontal and lateral",XXXX,None.,The cardiac contours are normal. The lungs are clear. Thoracic spondylosis.,No acute process.,/home/20213144/.cache/kagglehub/datasets/raddar/chest-xrays-indiana-university/versions/2/images/images_normalized/26_IM-1090-1001.dcm.png,"Findings: The chest X-ray shows bilateral hilar prominence, which is an enlargement or increased visibility of the hilum on both sides of the lungs.",Findings: The chest X-ray shows bilateral hilar prominence and a left-sided pleural effusion.,0.0,0.0,0.0,0.39364555548702934,0.5,0.030555555555555555,0.0,0.14864864864864866,0.9126984126984127,0.030555555555555555,0.0,0.0,0.0,0.29973396888705683,0.403125,0.05555555555555555,0.0,0.1342281879194631,0.9375,0.05555555555555555
27,27_IM-1168-2002.dcm.png,Frontal,Lung/hyperdistention;Diaphragm/flattened;Thoracic Vertebrae/degenerative,Lung;Diaphragm;Thoracic Vertebrae,"PA and LAT view CHEST XXXX, XXXX XXXX PM",Chronic XXXX XXXX,XXXX,Lungs are overall hyperexpanded with flattening of the diaphragms. No focal consolidation. No pleural effusions or pneumothoraces. Heart and mediastinum of normal size and contour. Degenerative changes in the thoracic spine.,Hyperexpanded but clear lungs.,/home/20213144/.cache/kagglehub/datasets/raddar/chest-xrays-indiana-university/versions/2/images/images_normalized/27_IM-1168-2002.dcm.png,"Findings: The chest X-ray shows bilateral hilar prominence, which is an enlargement or increased visibility of the hilum on both sides of the lungs.","Findings: The chest X-ray shows bilateral hilar lymphadenopathy, which means there is enlargement of the lymph nodes in the hilar region of both lungs.",0.0,0.0,0.0,0.5343908576244619,0.5,0.030555555555555555,0.0,0.14864864864864866,0.9126984126984127,0.030555555555555555,0.08,0.08,0.07407407407407407,0.39754168210534324,0.403125,0.05555555555555555,0.0,0.1342281879194631,0.9375,0.05555555555555555
28,28_IM-1231-1001.dcm.png,Frontal,Opacity/lung/base/bilateral/scattered/focal/patchy/multiple;Pulmonary Atelectasis;Consolidation/lung/base/left;Pulmonary Congestion;Cardiac Shadow/enlarged,Opacity;Pulmonary Atelectasis;Consolidation;Pulmonary Congestion;Cardiac Shadow,Xray Chest PA and Lateral,"XXXX-year-old male, shortness of breath.",Portable chest dated XXXX.,Bilateral patchy pulmonary opacities noted. Interval improvement in left base consolidative opacity. Pulmonary vascular congestion again noted. Stable enlarged cardiomediastinal silhouette. Stable left XXXX. No evidence of pneumothorax. No large pleural effusions.,"1. Interval improvement in consolidative left base opacity. Multifocal scattered bibasilar patchy and XXXX pulmonary opacities again noted, most consistent with atelectasis/infiltrate. 2. Stable enlarged cardiomediastinal silhouette. Stable pulmonary vascular congestion. .",/home/20213144/.cache/kagglehub/datasets/raddar/chest-xrays-indiana-university/versions/2/images/images_normalized/28_IM-1231-1001.dcm.png,"Findings: The chest X-ray shows bilateral hilar prominence, which is an enlargement or increased visibility of the hilum on both sides of the lungs.",Findings: The chest X-ray shows bilateral hilar prominence and a left-sided pleural effusion.,0.0,0.0,0.0,0.44080962002315427,0.5,0.030555555555555555,0.0,0.14864864864864866,0.9126984126984127,0.030555555555555555,0.0625,0.05714285714285715,0.048780487804878044,0.44706689396132837,0.403125,0.05555555555555555,0.0,0.1342281879194631,0.9375,0.05555555555555555
29,29_IM-1302-1001.dcm.png,Frontal,"Cardiomegaly/borderline;Diaphragm/left/elevated;Tube, Inserted/trachea, carina;Airspace Disease/lung/base/left/severe","Cardiomegaly;Diaphragm;Tube, Inserted;Airspace Disease","Chest, 2 views, frontal and lateral","XXXX, hypoxia.","XXXX, XXXX",,Borderline heart size. Elevated left diaphragm. Clear right lung. Tracheostomy tube tip above the carina. Extensive airspace disease in the left base. No large effusion or pneumothorax.,/home/20213144/.cache/kagglehub/datasets/raddar/chest-xrays-indiana-university/versions/2/images/images_normalized/29_IM-1302-1001.dcm.png,"Findings: The chest X-ray shows bilateral hilar prominence, which is an enlargement or increased visibility of the hilum on both sides of the lungs.","Findings: The chest X-ray shows bilateral hilar prominence, which is an enlargement or increased visibility of the hilum on both sides of the lungs.",0.0,0.0,0.0,0.45221073840630094,0.5,0.030555555555555555,0.0,0.14864864864864866,0.9126984126984127,0.030555555555555555,0.0,0.0,0.0,0.45221073840630094,0.403125,0.05555555555555555,0.0,0.1342281879194631,0.9375,0.05555555555555555
30,30_IM-1385-1001.dcm.png,Frontal,normal,normal,"Chest x-XXXX XXXX and lateral, XXXX ",XXXX-year-old male with chest pain.,,"Lungs are clear without focal consolidation, effusion, or pneumothorax. Normal heart size. Negative for pneumoperitoneum. Bony thorax and soft tissue grossly unremarkable",Negative acute cardiopulmonary abnormality.,/home/20213144/.cache/kagglehub/datasets/raddar/chest-xrays-indiana-university/versions/2/images/images_normalized/30_IM-1385-1001.dcm.png,"Findings: The chest X-ray shows bilateral hilar prominence, which is an enlargement or increased visibility of the hilum on both sides of the lungs.","Findings: The chest X-ray shows bilateral hilar lymphadenopathy, which means there is enlargement of the lymph nodes in the hilar region of both lungs.",0.0,0.0,0.0,0.425672905011348,0.5,0.030555555555555555,0.0,0.14864864864864866,0.9126984126984127,0.030555555555555555,0.0,0.0,0.0,0.372533807362704,0.403125,0.05555555555555555,0.0,0.1342281879194631,0.9375,0.05555555555555555
31,31_IM-1450-1001.dcm.png,Frontal,Markings/lung/interstitial,Markings,Xray Chest PA and Lateral,XXXX DYSPNEA,"Comparison XXXX, XXXX.",,"Suggestion of slightly more prominent interstitial markings, which may represent some bronchitic/bronchiolitis changes. No suspicious nodules, pneumonia, effusions, or CHF. Stable mediastinal contour.",/home/20213144/.cache/kagglehub/datasets/raddar/chest-xrays-indiana-university/versions/2/images/images_normalized/31_IM-1450-1001.dcm.png,Findings: The chest X-ray shows bilateral hilar prominence and a left-sided pleural effusion.,Findings: The chest X-ray shows bilateral hilar prominence and a left-sided pleural effusion.,0.0,0.0,0.0,0.36557412888850993,0.5,0.030555555555555555,0.0,0.14864864864864866,0.9126984126984127,0.030555555555555555,0.0,0.0,0.0,0.36557412888850993,0.403125,0.05555555555555555,0.0,0.1342281879194631,0.9375,0.05555555555555555
32,32_IM-1511-1001.dcm.png,Frontal,Costophrenic Angle/right/blunted/mild,Costophrenic Angle,Xray Chest PA and Lateral,WEAKNESS OF MUSCLES; hx XXXX nodules; XXXX for changes in lungs,,The heart is normal in size. The mediastinum is unremarkable. Mild blunting of right costophrenic XXXX. The lungs are otherwise grossly clear.,No acute disease.,/home/20213144/.cache/kagglehub/datasets/raddar/chest-xrays-indiana-university/versions/2/images/images_normalized/32_IM-1511-1001.dcm.png,"Findings: The chest X-ray shows bilateral hilar prominence, which is an enlargement or increased visibility of the hilum on both sides of the lungs.","Findings: The chest X-ray appears to be normal, with no significant abnormalities or findings.",0.0,0.0,0.0,0.4078719533192612,0.5,0.030555555555555555,0.0,0.14864864864864866,0.9126984126984127,0.030555555555555555,0.10526315789473682,0.10526315789473682,0.0,0.3603882475549125,0.403125,0.05555555555555555,0.0,0.1342281879194631,0.9375,0.05555555555555555
33,33_IM-1576-13013.dcm.png,Frontal,Surgical Instruments/left,Surgical Instruments,Xray Chest PA and Lateral,Six months of XXXX.,None.,Cardiac and mediastinal contours are within normal limits. The lungs are clear. Left axillary surgical clips. Bony structures are intact.,No active pulmonary disease.,/home/20213144/.cache/kagglehub/datasets/raddar/chest-xrays-indiana-university/versions/2/images/images_normalized/33_IM-1576-13013.dcm.png,"Findings: The chest X-ray shows bilateral hilar prominence, which is an enlargement or increased visibility of the hilum on both sides of the lungs.","Findings: The chest X-ray shows bilateral hilar lymphadenopathy, which means there is enlargement of the lymph nodes in the hilar region of both lungs.",0.0,0.0,0.0,0.4029843358594989,0.5,0.030555555555555555,0.0,0.14864864864864866,0.9126984126984127,0.030555555555555555,0.08695652173913045,0.08695652173913045,0.08,0.3830106216563246,0.403125,0.05555555555555555,0.0,0.1342281879194631,0.9375,0.05555555555555555
34,34_IM-1644-1001.dcm.png,Frontal,normal,normal,PA and lateral views of the Chest performed XXXX/XXXX.,XXXX year old with chest pain.,None.,"The heart is normal in size and contour. The lungs are clear, without evidence of infiltrate. There is no pneumothorax or effusion.",No acute cardiopulmonary disease.,/home/20213144/.cache/kagglehub/datasets/raddar/chest-xrays-indiana-university/versions/2/images/images_normalized/34_IM-1644-1001.dcm.png,"Findings: The chest X-ray shows bilateral hilar prominence, which is an enlargement or increased visibility of the hilum on both sides of the lungs.","Findings: The chest X-ray shows bilateral hilar prominence, which is an enlargement or increased visibility of the hilum on both sides of the lungs.",0.0,0.0,0.0,0.4159919982762166,0.5,0.030555555555555555,0.0,0.14864864864864866,0.9126984126984127,0.030555555555555555,0.0,0.0,0.0,0.4159919982762166,0.403125,0.05555555555555555,0.0,0.1342281879194631,0.9375,0.05555555555555555
35,35_IM-1704-1001.dcm.png,Frontal,Lung/hyperdistention;Diaphragm/bilateral/flattened;Thoracic Vertebrae/degenerative/multiple;Emphysema,Lung;Diaphragm;Thoracic Vertebrae;Emphysema,PA and lateral chest radiographs XXXX at XXXX hours. ,XXXX-year-old female with breast mass and smoking history.,PA and lateral chest redressed XXXX,"The heart size and cardiomediastinal silhouette are normal. There is hyperexpansion of the lungs with flattening of the hemidiaphragms. There is no focal airspace opacity, pleural effusion, or pneumothorax. There multilevel degenerative changes of thoracic spine.","Emphysema, however no acute cardiopulmonary finding.",/home/20213144/.cache/kagglehub/datasets/raddar/chest-xrays-indiana-university/versions/2/images/images_normalized/35_IM-1704-1001.dcm.png,Findings: The chest X-ray shows hyperinflation of the right lung.,Findings: The chest X-ray shows bilateral hilar prominence and a left-sided pleural effusion.,0.0,0.0,0.0,0.46933725863969367,0.5,0.030555555555555555,0.0,0.14864864864864866,0.9126984126984127,0.030555555555555555,0.06896551724137931,0.06896551724137931,0.06666666666666667,0.39866196109021507,0.403125,0.05555555555555555,0.0,0.1342281879194631,0.9375,0.05555555555555555
36,36_IM-1776-1001.dcm.png,Frontal,normal,normal,"PA and lateral chest x-XXXX dated XXXX, XXXX at XXXX p.m.. ","XXXX-year-old female with chest pain, rule out pneumonia..","Two-view chest radiograph dated XXXX, XXXX..","The lungs are clear bilaterally. Specifically, no evidence of focal consolidation, pneumothorax, or pleural effusion.. Cardio mediastinal silhouette is unremarkable. Visualized osseous structures of the thorax are without acute abnormality.",No acute cardiopulmonary abnormality..,/home/20213144/.cache/kagglehub/datasets/raddar/chest-xrays-indiana-university/versions/2/images/images_normalized/36_IM-1776-1001.dcm.png,"Findings: The chest X-ray shows bilateral hilar prominence, which is an enlargement or increased visibility of the hilum on both sides of the lungs.","Findings: The chest X-ray shows bilateral hilar prominence, which is an enlargement or increased visibility of the hilum on both sides of the lungs.",0.0,0.0,0.0,0.5267662188955411,0.5,0.030555555555555555,0.0,0.14864864864864866,0.9126984126984127,0.030555555555555555,0.0,0.0,0.0,0.5267662188955411,0.403125,0.05555555555555555,0.0,0.1342281879194631,0.9375,0.05555555555555555
37,37_IM-1847-0001-0002.dcm.png,Frontal,Opacity/lung/middle lobe/right,Opacity,Xray Chest PA and Lateral,HYPOXIA;,,The heart is normal in size. The mediastinum is unremarkable. XXXX XXXX opacities in right mid lung. The lungs are otherwise grossly clear.,No acute disease.,/home/20213144/.cache/kagglehub/datasets/raddar/chest-xrays-indiana-university/versions/2/images/images_normalized/37_IM-1847-0001-0002.dcm.png,"Findings: The chest X-ray shows bilateral hilar prominence, which is an enlargement or increased visibility of the hilum on both sides of the lungs.",Findings: The chest X-ray shows bilateral hilar prominence and a left-sided pleural effusion.,0.0,0.0,0.0,0.4437852717307488,0.5,0.030555555555555555,0.0,0.14864864864864866,0.9126984126984127,0.030555555555555555,0.0,0.0,0.0,0.2996136572083781,0.403125,0.05555555555555555,0.0,0.1342281879194631,0.9375,0.05555555555555555
38,38_IM-1911-1001.dcm.png,Frontal,normal,normal,Chest x-XXXX XXXX ,"XXXX, XXXX and shortness of breath for 3 days",XXXX,Lungs are clear. There is no pneumothorax or pleural effusion. The heart and mediastinum are within normal limits. Bony structures are intact.,No acute cardiopulmonary process.,/home/20213144/.cache/kagglehub/datasets/raddar/chest-xrays-indiana-university/versions/2/images/images_normalized/38_IM-1911-1001.dcm.png,"Findings: The chest X-ray shows bilateral hilar prominence, which is an enlargement or increased visibility of the hilum on both sides of the lungs.","Findings: The chest X-ray shows bilateral hilar lymphadenopathy, which means there is enlargement of the lymph nodes in the hilar region of both lungs.",0.0,0.0,0.0,0.41669172294193474,0.5,0.030555555555555555,0.0,0.14864864864864866,0.9126984126984127,0.030555555555555555,0.0,0.0,0.0,0.4043979688213554,0.403125,0.05555555555555555,0.0,0.1342281879194631,0.9375,0.05555555555555555
39,39_IM-1978-1001.dcm.png,Frontal,No Indexing,No Indexing," CHEST 2V FRONTAL/LATERAL XXXX, XXXX XXXX PM ",diminished breath sounds throughout,"XXXX, XXXX.",The heart and lungs have XXXX XXXX in the interval. Both lungs are clear and expanded. Heart and mediastinum normal.,No active disease.,/home/20213144/.cache/kagglehub/datasets/raddar/chest-xrays-indiana-university/versions/2/images/images_normalized/39_IM-1978-1001.dcm.png,"Findings: The chest X-ray shows bilateral hilar prominence, which is an enlargement or increased visibility of the hilum on both sides of the lungs.","Findings: The chest X-ray shows bilateral hilar prominence, which is an enlargement or increased visibility of the hilum on both sides of the lungs.",0.0,0.0,0.0,0.3914685080572582,0.5,0.030555555555555555,0.0,0.14864864864864866,0.9126984126984127,0.030555555555555555,0.0,0.0,0.0,0.3914685080572582,0.403125,0.05555555555555555,0.0,0.1342281879194631,0.9375,0.05555555555555555
40,40_IM-2050-1001.dcm.png,Frontal,Lung/hyperdistention/mild;Deformity/ribs/bilateral/multiple;Osteophyte/thoracic vertebrae/anterior/multiple/large;Emphysema,Lung;Deformity;Osteophyte;Emphysema,PA and lateral views of the chest. ,XXXX-year-old male with peripheral edema.,PA and lateral views of the chest from XXXX.,"Mild hyperexpansion of the lungs. Numerous bilateral rib deformities. No focal airspace disease. Heart size is normal. No pneumothorax or effusion. Large, flowing anterior endplate osteophytes of the thoracic spine.",Emphysema with no acute cardiopulmonary findings.,/home/20213144/.cache/kagglehub/datasets/raddar/chest-xrays-indiana-university/versions/2/images/images_normalized/40_IM-2050-1001.dcm.png,Findings: The chest X-ray shows bilateral hilar prominence and a left-sided pleural effusion.,"Findings: The chest X-ray shows bilateral hilar lymphadenopathy, which means there is enlargement of the lymph nodes in the hilar region of both lungs.",0.06666666666666667,0.06666666666666667,0.0,0.40032366693205573,0.5,0.030555555555555555,0.0,0.14864864864864866,0.9126984126984127,0.030555555555555555,0.13333333333333333,0.13333333333333333,0.06666666666666667,0.3443105506993588,0.403125,0.05555555555555555,0.0,0.1342281879194631,0.9375,0.05555555555555555
41,41_IM-2055-1001.dcm.png,Frontal,"Opacity/lung/bilateral/interstitial/diffuse;Opacity/lung/base/left/interstitial/diffuse;Volume Loss/lung/left/mild;Lung Diseases, Interstitial","Opacity;Opacity;Volume Loss;Lung Diseases, Interstitial",Xray Chest PA and Lateral,XXXX-year-old male with history of idiopathic pulmonary fibrosis presents for evaluation.,Comparison is XXXX to chest radiograph examination dated XXXX.,"The cardiomediastinal silhouette is stable in appearance. No interval change in the diffuse increased bilateral pulmonary interstitial markings, greatest in the peripheral aspect of the left lung and left lung base. These opacities appear slightly increased as compared to prior examination. Mild left-sided volume loss redemonstrated, unchanged. No pneumothorax or pleural effusion. The thoracic spine appears intact.","1. Slight interval worsening of the diffusely increased bilateral pulmonary interstitial markings, greatest in the peripheral aspect of the left lung and the left lung base. These findings are most consistent with slight interval worsening of the patient's known interstitial lung disease. 2. Stable, mild left-sided volume loss. .",/home/20213144/.cache/kagglehub/datasets/raddar/chest-xrays-indiana-university/versions/2/images/images_normalized/41_IM-2055-1001.dcm.png,Findings: The chest X-ray shows bilateral hilar prominence and a left-sided pleural effusion.,Findings: The chest X-ray shows bilateral hilar prominence and a left-sided pleural effusion.,0.15789473684210525,0.05128205128205128,0.05,0.42051962839509816,0.5,0.030555555555555555,0.0,0.14864864864864866,0.9126984126984127,0.030555555555555555,0.15789473684210525,0.05128205128205128,0.05,0.42051962839509816,0.403125,0.05555555555555555,0.0,0.1342281879194631,0.9375,0.05555555555555555
42,42_IM-2063-1001.dcm.png,Frontal,normal,normal,Xray Chest PA and Lateral,The patient is a XXXX-year-old female with chest pain.,None available.,"The trachea is midline. The cardiomediastinal silhouette is normal. The lungs are clear, without evidence of focal infiltrate or effusion. There is no pneumothorax. The visualized bony structures reveal no acute abnormalities.",No acute cardiopulmonary abnormalities. .,/home/20213144/.cache/kagglehub/datasets/raddar/chest-xrays-indiana-university/versions/2/images/images_normalized/42_IM-2063-1001.dcm.png,"Findings: The chest X-ray shows bilateral hilar prominence, which is an enlargement or increased visibility of the hilum on both sides of the lungs.","Findings: The chest X-ray shows bilateral hilar prominence, which is an enlargement or increased visibility of the hilum on both sides of the lungs.",0.0,0.0,0.0,0.43381817765799624,0.5,0.030555555555555555,0.0,0.14864864864864866,0.9126984126984127,0.030555555555555555,0.0,0.0,0.0,0.43381817765799624,0.403125,0.05555555555555555,0.0,0.1342281879194631,0.9375,0.05555555555555555
43,43_IM-2070-1001.dcm.png,Frontal,No Indexing,No Indexing," CHEST 2V FRONTAL/LATERAL XXXX, XXXX XXXX PM ",dyspnea,"XXXX, XXXX.",The heart and lungs have XXXX XXXX in the interval. Both lungs are clear and expanded. Heart and mediastinum normal.,No active disease.,/home/20213144/.cache/kagglehub/datasets/raddar/chest-xrays-indiana-university/versions/2/images/images_normalized/43_IM-2070-1001.dcm.png,Findings: The chest X-ray shows bilateral hilar prominence and a left-sided pleural effusion.,Findings: The chest X-ray shows bilateral hilar prominence and a left-sided pleural effusion.,0.0,0.0,0.0,0.2899299749945606,0.5,0.030555555555555555,0.0,0.14864864864864866,0.9126984126984127,0.030555555555555555,0.0,0.0,0.0,0.2899299749945606,0.403125,0.05555555555555555,0.0,0.1342281879194631,0.9375,0.05555555555555555
44,44_IM-2078-1001.dcm.png,Frontal,normal,normal,Xray Chest PA and Lateral,XXXX-year-old with XXXX for 5 days. Previously seen for vomiting and ear pain.,None.,"The heart, pulmonary XXXX and mediastinum are within normal limits. There is no pleural effusion or pneumothorax. There is no focal air space opacity to suggest a pneumonia.",No acute cardiopulmonary disease.,/home/20213144/.cache/kagglehub/datasets/raddar/chest-xrays-indiana-university/versions/2/images/images_normalized/44_IM-2078-1001.dcm.png,Findings: The chest X-ray shows bilateral hilar prominence and a left-sided pleural effusion.,Findings: The chest X-ray shows bilateral hilar prominence and a left-sided pleural effusion.,0.09090909090909091,0.09090909090909091,0.08,0.3878420680543711,0.5,0.030555555555555555,0.0,0.14864864864864866,0.9126984126984127,0.030555555555555555,0.09090909090909091,0.09090909090909091,0.08,0.3878420680543711,0.403125,0.05555555555555555,0.0,0.1342281879194631,0.9375,0.05555555555555555
45,45_IM-2081-1001.dcm.png,Frontal,Cardiomegaly;Pulmonary Congestion,Cardiomegaly;Pulmonary Congestion,"Radiograph Chest PA and Lateral XXXX, XXXX. ",Edema.,"Radiograph Chest PA and Lateral XXXX, XXXX.",Stable cardiomegaly with vascular prominence without overt edema. No focal airspace disease. No large pleural effusion or pneumothorax. The XXXX are intact.,Stable cardiomegaly without overt pulmonary edema.,/home/20213144/.cache/kagglehub/datasets/raddar/chest-xrays-indiana-university/versions/2/images/images_normalized/45_IM-2081-1001.dcm.png,Findings: The chest X-ray shows bilateral hilar prominence and a left-sided pleural effusion.,Findings: The chest X-ray shows bilateral hilar prominence and a left-sided pleural effusion.,0.18181818181818182,0.1739130434782609,0.08333333333333333,0.41510146361547035,0.5,0.030555555555555555,0.0,0.14864864864864866,0.9126984126984127,0.030555555555555555,0.18181818181818182,0.1739130434782609,0.08333333333333333,0.41510146361547035,0.403125,0.05555555555555555,0.0,0.1342281879194631,0.9375,0.05555555555555555
46,46_IM-2090-1001.dcm.png,Frontal,normal,normal,Xray Chest PA and Lateral,"V76.12 SCREENING MAMMOGRAM XXXX,no hx ca or implants,466.0 ACUTE BRONCHITIS",,,No comparison chest x-XXXX. Well-expanded and clear lungs. Mediastinal contour within normal limits. No acute cardiopulmonary abnormality identified.,/home/20213144/.cache/kagglehub/datasets/raddar/chest-xrays-indiana-university/versions/2/images/images_normalized/46_IM-2090-1001.dcm.png,Findings: The chest X-ray shows bilateral hilar prominence and a left-sided pleural effusion.,Findings: The chest X-ray shows bilateral hilar prominence and a left-sided pleural effusion.,0.0,0.0,0.0,0.2706518164101724,0.5,0.030555555555555555,0.0,0.14864864864864866,0.9126984126984127,0.030555555555555555,0.0,0.0,0.0,0.2706518164101724,0.403125,0.05555555555555555,0.0,0.1342281879194631,0.9375,0.05555555555555555
47,47_IM-2098-1001.dcm.png,Frontal,Stents/coronary vessels;Thickening/pleura/apex/bilateral/mild,Stents;Thickening,"2 VIEW CHEST: XXXX, XXXX at XXXX hours.",Kidney transplant evaluation,"XXXX, XXXX",,"Heart size is within normal limits. Coronary artery stent noted. No edema. No focal consolidation, pleural effusion or pneumothorax. Mild nonspecific biapical pleural thickening. Clips from prior cholecystectomy are noted.",/home/20213144/.cache/kagglehub/datasets/raddar/chest-xrays-indiana-university/versions/2/images/images_normalized/47_IM-2098-1001.dcm.png,"Findings: The chest X-ray shows bilateral hilar prominence, which is an enlargement or increased visibility of the hilum on both sides of the lungs.","Findings: The chest X-ray shows cardiomegaly, which is an enlargement of the heart.",0.0,0.0,0.0,0.35495890406099556,0.5,0.030555555555555555,0.0,0.14864864864864866,0.9126984126984127,0.030555555555555555,0.0,0.0,0.0,0.45388638832169786,0.403125,0.05555555555555555,0.0,0.1342281879194631,0.9375,0.05555555555555555
48,48_IM-2103-1001.dcm.png,Frontal,Nodule/lung/base/left;Bone and Bones/thorax/degenerative/mild,Nodule;Bone and Bones,"PA and lateral chest radiograph, XXXX at XXXX hours. ",XXXX-year-old female with XXXX.,None.,"The cardiac and mediastinal contours are within normal limits. The lungs are well-inflated and clear. There is an 8mm nodule in the left lower lobe, XXXX calcified granuloma. There is no pneumothorax or effusion. Bony structures of the thorax are intact with minimal early degenerative change.","1. No evidence of acute cardiopulmonary process. 2. 8mm nodule in the left lung base, XXXX calcified granuloma.",/home/20213144/.cache/kagglehub/datasets/raddar/chest-xrays-indiana-university/versions/2/images/images_normalized/48_IM-2103-1001.dcm.png,"Findings: The chest X-ray shows bilateral hilar prominence, which is an enlargement or increased visibility of the hilum on both sides of the lungs.","Findings: The chest X-ray shows bilateral hilar lymphadenopathy, which means there is enlargement of the lymph nodes in the hilar region of both lungs.",0.0,0.0,0.0,0.4610276019826407,0.5,0.030555555555555555,0.0,0.14864864864864866,0.9126984126984127,0.030555555555555555,0.06666666666666667,0.06666666666666667,0.06060606060606061,0.3683043309051163,0.403125,0.05555555555555555,0.0,0.1342281879194631,0.9375,0.05555555555555555
49,49_IM-2110-1001.dcm.png,Frontal,Thoracic Vertebrae/degenerative;Calcified Granuloma/lung/hilum/right;Aorta/tortuous/mild;Thickening/pleura/apex/right,Thoracic Vertebrae;Calcified Granuloma;Aorta;Thickening,PA and lateral chest radiographs dated XXXX at XXXX hours.,XXXX-year-old with osteoarthritis of the hip scheduled for total hip replacement. Preoperative evaluation.,None.,"The heart, pulmonary XXXX and mediastinum are within normal limits. There is no pleural effusion or pneumothorax. There is no focal air space opacity to suggest a pneumonia. There are degenerative changes of the thoracic spine. There is a calcified granuloma identified in the right suprahilar region. The aorta is mildly tortuous and ectatic. There is asymmetric right apical smooth pleural thickening. There are severe degenerative changes of the XXXX.",No acute cardiopulmonary disease.,/home/20213144/.cache/kagglehub/datasets/raddar/chest-xrays-indiana-university/versions/2/images/images_normalized/49_IM-2110-1001.dcm.png,"Findings: The chest X-ray shows bilateral hilar prominence, which is an enlargement or increased visibility of the hilum on both sides of the lungs.",Findings: The chest X-ray shows bilateral hilar prominence and a left-sided pleural effusion.,0.0,0.0,0.0,0.45120879627553057,0.5,0.030555555555555555,0.0,0.14864864864864866,0.9126984126984127,0.030555555555555555,0.05263157894736842,0.05128205128205128,0.046511627906976744,0.4065158202535692,0.403125,0.05555555555555555,0.0,0.1342281879194631,0.9375,0.05555555555555555
50,50_IM-2118-2001.dcm.png,Frontal,Cardiomegaly;Spine/degenerative;Lung/hypoinflation,Cardiomegaly;Spine;Lung,"PA and lateral views of the chest XXXX, XXXX XXXX PM ","pt with sob,",XXXX,A XXXX XXXX lung volumes. Lungs are clear without focal airspace disease. No pleural effusions or pneumothoraces. cardiomegaly. Degenerative changes in the spine.,Cardiomegaly with low lung volumes which are grossly clear.,/home/20213144/.cache/kagglehub/datasets/raddar/chest-xrays-indiana-university/versions/2/images/images_normalized/50_IM-2118-2001.dcm.png,Findings: The chest X-ray shows bilateral hilar prominence and a left-sided pleural effusion.,Findings: The chest X-ray shows bilateral hilar prominence and a left-sided pleural effusion.,0.08695652173913045,0.08333333333333333,0.08,0.32604225713431156,0.5,0.030555555555555555,0.0,0.14864864864864866,0.9126984126984127,0.030555555555555555,0.08695652173913045,0.08333333333333333,0.08,0.32604225713431156,0.403125,0.05555555555555555,0.0,0.1342281879194631,0.9375,0.05555555555555555
51,51_IM-2125-1001.dcm.png,Frontal,Calcified Granuloma/lung/bilateral/scattered,Calcified Granuloma,"CHEST 2V FRONTAL/LATERAL XXXX, XXXX XXXX XXXX ",preop XXXX,"Chest 2 views from XXXX, XXXX. .",Heart size is normal and cardiomediastinal silhouette is normal. There are scattered calcified granulomas throughout both lung XXXX. Lungs are clear bilaterally otherwise. No bony or soft tissue abnormalities.,No acute cardiopulmonary abnormality.,/home/20213144/.cache/kagglehub/datasets/raddar/chest-xrays-indiana-university/versions/2/images/images_normalized/51_IM-2125-1001.dcm.png,Findings: The chest X-ray shows bilateral hilar prominence and a left-sided pleural effusion.,Findings: The chest X-ray shows bilateral hilar prominence and a left-sided pleural effusion.,0.0,0.0,0.0,0.36474492619634835,0.5,0.030555555555555555,0.0,0.14864864864864866,0.9126984126984127,0.030555555555555555,0.0,0.0,0.0,0.36474492619634835,0.403125,0.05555555555555555,0.0,0.1342281879194631,0.9375,0.05555555555555555
52,52_IM-2131-1001.dcm.png,Frontal,normal,normal,"PA and Lateral Chest Radiograph XXXX, XXXX at XXXX p.m. ",XXXX-year-old male with chest pain,,"The heart is normal size. The mediastinum is unremarkable. There is no pleural effusion, pneumothorax, or focal airspace disease. The XXXX are unremarkable.",No acute cardiopulmonary abnormality.,/home/20213144/.cache/kagglehub/datasets/raddar/chest-xrays-indiana-university/versions/2/images/images_normalized/52_IM-2131-1001.dcm.png,Findings: The chest X-ray shows bilateral hilar prominence and a left-sided pleural effusion.,"Findings: The chest X-ray shows bilateral hilar prominence, which is an enlargement or increased visibility of the hilum on both sides of the lungs.",0.09523809523809522,0.09523809523809522,0.09090909090909091,0.32528246387797827,0.5,0.030555555555555555,0.0,0.14864864864864866,0.9126984126984127,0.030555555555555555,0.0,0.0,0.0,0.34339738168547135,0.403125,0.05555555555555555,0.0,0.1342281879194631,0.9375,0.05555555555555555
53,53_IM-2138-1001.dcm.png,Frontal,Lung/hypoinflation/severe;Opacity/lung/base/right;Pulmonary Atelectasis/base/right,Lung;Opacity;Pulmonary Atelectasis,"CHEST (PA AND LATERAL) on XXXX, XXXX.","Dizziness, hypoxia.","PA and lateral views of the chest on XXXX, XXXX.",There extremely low lung volumes. there is right basilar opacity. There is no pneumothorax. There is no large pleural effusion. Cardiac silhouette and mediastinal contours are within normal limits.,"Low lung volumes with right basilar atelectasis. Otherwise, no acute cardiopulmonary disease.",/home/20213144/.cache/kagglehub/datasets/raddar/chest-xrays-indiana-university/versions/2/images/images_normalized/53_IM-2138-1001.dcm.png,Findings: The chest X-ray shows hyperinflation of the right lung.,"Findings: The chest X-ray shows bilateral hilar prominence, which is an enlargement or increased visibility of the hilum on both sides of the lungs.",0.0,0.0,0.0,0.336285528426104,0.5,0.030555555555555555,0.0,0.14864864864864866,0.9126984126984127,0.030555555555555555,0.0,0.0,0.0,0.3002710012036841,0.403125,0.05555555555555555,0.0,0.1342281879194631,0.9375,0.05555555555555555
54,54_IM-2145-1001.dcm.png,Frontal,"Pulmonary Atelectasis/base/right/mild;Aorta, Thoracic/tortuous;Calcified Granuloma/scattered","Pulmonary Atelectasis;Aorta, Thoracic;Calcified Granuloma","PA and lateral chest x-XXXX dated XXXX, XXXX at XXXX p.m.. ","XXXX-year-old woman, prior to Enbrel therapy..",None.,"The lungs are clear bilaterally. Specifically, no evidence of focal consolidation, pneumothorax, or pleural effusion.. Minimal right basilar subsegmental atelectasis noted. Cardio mediastinal silhouette is unremarkable. Tortuosity of the thoracic aorta noted. Scattered calcified granulomas are seen without evidence of active granulomatous/tuberculous process. Visualized osseous structures of the thorax are without acute abnormality.",No acute cardiopulmonary abnormality.,/home/20213144/.cache/kagglehub/datasets/raddar/chest-xrays-indiana-university/versions/2/images/images_normalized/54_IM-2145-1001.dcm.png,"Findings: The chest X-ray shows bilateral hilar prominence, which is an enlargement or increased visibility of the hilum on both sides of the lungs.","Findings: The chest X-ray shows bilateral hilar lymphadenopathy, which means there is enlargement of the lymph nodes in the hilar region of both lungs.",0.0,0.0,0.0,0.4185511424717195,0.5,0.030555555555555555,0.0,0.14864864864864866,0.9126984126984127,0.030555555555555555,0.05405405405405405,0.05405405405405405,0.05,0.3744322093180016,0.403125,0.05555555555555555,0.0,0.1342281879194631,0.9375,0.05555555555555555
55,55_IM-2154-1001.dcm.png,Frontal,Lung/hypoinflation,Lung,"CHEST 2V FRONTAL/LATERAL XXXX, XXXX XXXX PM ",chest pain,"XXXX, XXXX.","Lung lines remain low. However, no focal infiltrates are identified. Heart and pulmonary XXXX are normal.",XXXX change. Hypoinflation with no visible active cardiopulmonary disease.,/home/20213144/.cache/kagglehub/datasets/raddar/chest-xrays-indiana-university/versions/2/images/images_normalized/55_IM-2154-1001.dcm.png,"Findings: The chest X-ray shows bilateral hilar prominence, which is an enlargement or increased visibility of the hilum on both sides of the lungs.","Findings: The chest X-ray shows bilateral hilar prominence, which is an enlargement or increased visibility of the hilum on both sides of the lungs.",0.0,0.0,0.0,0.3423934745361176,0.5,0.030555555555555555,0.0,0.14864864864864866,0.9126984126984127,0.030555555555555555,0.0,0.0,0.0,0.3423934745361176,0.403125,0.05555555555555555,0.0,0.1342281879194631,0.9375,0.05555555555555555
56,56_IM-2160-2002.dcm.png,Frontal,normal,normal,Xray Chest PA and Lateral,"XXXX loss, XXXX",,The heart is normal in size. The mediastinum is unremarkable. The lungs are clear.,No acute disease.,/home/20213144/.cache/kagglehub/datasets/raddar/chest-xrays-indiana-university/versions/2/images/images_normalized/56_IM-2160-2002.dcm.png,"Findings: The chest X-ray shows bilateral hilar prominence, which is an enlargement or increased visibility of the hilum on both sides of the lungs.","Findings: The chest X-ray shows bilateral hilar prominence, which is an enlargement or increased visibility of the hilum on both sides of the lungs.",0.0,0.0,0.0,0.42301564641574985,0.5,0.030555555555555555,0.0,0.14864864864864866,0.9126984126984127,0.030555555555555555,0.0,0.0,0.0,0.42301564641574985,0.403125,0.05555555555555555,0.0,0.1342281879194631,0.9375,0.05555555555555555
57,57_IM-2170-1001-0002.dcm.png,Frontal,"Tube, Inserted/trachea, carina;Opacity/lung/bilateral/interstitial/diffuse/prominent;Spine/degenerative/mild","Tube, Inserted;Opacity;Spine",Xray Chest PA and Lateral,"XXXX-year-old female with history of pneumonia, followup study",,"The tracheostomy tube tip is 5 cm above the carina. There are prominent diffuse bilateral interstitial opacities, stable from prior radiographs. There is no focal airspace consolidation. No pleural effusion. No pneumothorax. Heart size is within normal limits. There are mild degenerative changes of the spine.","1. No focal airspace consolidation. 2. Prominent bilateral interstitial opacities, stable from prior radiographs.",/home/20213144/.cache/kagglehub/datasets/raddar/chest-xrays-indiana-university/versions/2/images/images_normalized/57_IM-2170-1001-0002.dcm.png,Findings: The chest X-ray shows bilateral diffuse subpleural opacities.,Findings: The chest X-ray shows bilateral diffuse pulmonary opacities.,0.19354838709677416,0.19354838709677416,0.0606060606060606,0.46108230710861015,0.5,0.030555555555555555,0.0,0.14864864864864866,0.9126984126984127,0.030555555555555555,0.19354838709677416,0.19354838709677416,0.0606060606060606,0.4721909937163568,0.403125,0.05555555555555555,0.0,0.1342281879194631,0.9375,0.05555555555555555
58,58_IM-2177-1001.dcm.png,Frontal,Thoracic Vertebrae/degenerative;Scoliosis/thoracic vertebrae/mild,Thoracic Vertebrae;Scoliosis,CHEST 2V FRONTAL/LATERAL ,Left arm numbness,,The heart is normal in size. The mediastinum is unremarkable. The lungs are clear. Mild scoliosis and degenerative changes of the thoracic spine noted.,No acute disease.,/home/20213144/.cache/kagglehub/datasets/raddar/chest-xrays-indiana-university/versions/2/images/images_normalized/58_IM-2177-1001.dcm.png,Findings: The chest X-ray shows bilateral hilar prominence and a left-sided pleural effusion.,Findings: The chest X-ray shows bilateral hilar prominence and a left-sided pleural effusion.,0.0,0.0,0.0,0.31449320502811007,0.5,0.030555555555555555,0.0,0.14864864864864866,0.9126984126984127,0.030555555555555555,0.0,0.0,0.0,0.31449320502811007,0.403125,0.05555555555555555,0.0,0.1342281879194631,0.9375,0.05555555555555555
59,59_IM-2184-1001.dcm.png,Frontal,Diaphragm/left/elevated,Diaphragm,Xray Chest PA and Lateral,"XXXX-year-old male with history of XXXX cell, back pain","XXXX, XXXX","The cardiac silhouette, mediastinum, and pulmonary vasculature are unremarkable. There is stable elevation of the left hemidiaphragm. Lungs are clear. No pleural fluid or pneumothorax is appreciated. Cholecystectomy clips are noted in the right upper quadrant.",No acute abnormalities are seen. .,/home/20213144/.cache/kagglehub/datasets/raddar/chest-xrays-indiana-university/versions/2/images/images_normalized/59_IM-2184-1001.dcm.png,"Findings: The chest X-ray shows hyperinflation of the lungs, which is a condition where the lungs are larger than normal, and the costophrenic angles are blunted. The costophrenic angles are the angles formed by the diaphragm and the chest wall at the lower outer edges of the lungs. Blunting of these angles can be an indication of fluid accumulation or other abnormalities.","Findings: The chest X-ray shows bilateral diffuse reticular opacities. Reticular opacities are a pattern of interlacing lines that can be seen in the lung fields, and they may indicate various lung conditions, such as infections, interstitial lung diseases, or other pulmonary disorders.",0.0,0.0,0.0,0.4557006150557318,0.5,0.030555555555555555,0.0,0.14864864864864866,0.9126984126984127,0.030555555555555555,0.05714285714285715,0.0,0.0,0.39169431660157716,0.403125,0.05555555555555555,0.0,0.1342281879194631,0.9375,0.05555555555555555
60,60_IM-2192-1001.dcm.png,Frontal,"Hernia, Hiatal;Density/lung/lower lobe/left/round;Mass/lung/lower lobe/left/round","Hernia, Hiatal;Density;Mass",Chest radiograph PA and lateral XXXX/XXXX at XXXX. ,XXXX-year-old male for preop evaluation.,Chest radiograph XXXX/XXXX.,"Stable appearance of hiatal hernia. Clear right lung XXXX.In the left superior lower lobe there is a 1.9 x 1.8 cm round area of density which has increased in size compared to prior chest radiograph and recommend a XXXX chest, abdomen and pelvis with contrast as this area is suspicious for potential malignancy. Normal cardiac contour. No pneumothorax or pleural effusion.","1. Round area of density measuring 1.9 x 1.8 cm in left superior lower lobe with interval increased size compared to prior imaging. Recommend XXXX chest, abdomen and pelvis with contrast for further evaluation. Dr. XXXX XXXX notified by the Veriphy critical result notification XXXX of the left pulmonary mass and recommended followup XXXX chest, abdomen and pelvis with contrast at XXXX XXXX/XXXX.",/home/20213144/.cache/kagglehub/datasets/raddar/chest-xrays-indiana-university/versions/2/images/images_normalized/60_IM-2192-1001.dcm.png,"Findings: The chest X-ray shows bilateral hilar prominence, which is an enlargement or increased visibility of the hilum on both sides of the lungs.","Findings: The chest X-ray shows bilateral hilar lymphadenopathy, which means there is enlargement of the lymph nodes in the region where the bronchi enter the lungs, on both sides.",0.0,0.0,0.0,0.47646506778908915,0.5,0.030555555555555555,0.0,0.14864864864864866,0.9126984126984127,0.030555555555555555,0.0,0.0,0.0,0.35865830941103105,0.403125,0.05555555555555555,0.0,0.1342281879194631,0.9375,0.05555555555555555
61,61_IM-2197-1001.dcm.png,Frontal,Calcinosis/lymph nodes/right/paratracheal,Calcinosis,PA and lateral chest,chest pain,,,3 cm calcified right paratracheal lymph node. This most XXXX due to old histoplasmosis. Heart size is normal. Lungs clear,/home/20213144/.cache/kagglehub/datasets/raddar/chest-xrays-indiana-university/versions/2/images/images_normalized/61_IM-2197-1001.dcm.png,"Findings: The chest X-ray shows bilateral hilar prominence, which is an enlargement or increased visibility of the hilum on both sides of the lungs.","Findings: The chest X-ray shows bilateral hilar prominence, which is an enlargement or increased visibility of the hilum on both sides of the lungs.",0.0,0.0,0.0,0.39705537733752505,0.5,0.030555555555555555,0.0,0.14864864864864866,0.9126984126984127,0.030555555555555555,0.0,0.0,0.0,0.39705537733752505,0.403125,0.05555555555555555,0.0,0.1342281879194631,0.9375,0.05555555555555555
62,62_IM-2202-12012.dcm.png,Frontal,Stents/coronary vessels;Spine/degenerative;Calcinosis/mediastinum/lymph nodes,Stents;Spine;Calcinosis,Xray Chest PA and Lateral,Chest pain,,Status post XXXX sternotomy and CABG. Heart size is normal. Coronary vascular stent. The lungs are clear. There are no focal air space consolidations. No pleural effusions or pneumothoraces. The hilar and mediastinal contours are stable. Calcified mediastinal lymph XXXX. Normal pulmonary vascularity. Degenerative changes of the spine.,No acute abnormality. .,/home/20213144/.cache/kagglehub/datasets/raddar/chest-xrays-indiana-university/versions/2/images/images_normalized/62_IM-2202-12012.dcm.png,"Findings: The chest X-ray shows bilateral hilar prominence, which is an enlargement or increased visibility of the hilum on both sides of the lungs.","Findings: The chest X-ray shows bilateral diffuse reticular opacities. Reticular opacities are a pattern of interlacing lines that can be seen in the lung fields, and they may indicate various lung conditions, such as infections, interstitial lung diseases, or other pulmonary disorders.",0.05555555555555555,0.05555555555555555,0.05263157894736842,0.4493194482966794,0.5,0.030555555555555555,0.0,0.14864864864864866,0.9126984126984127,0.030555555555555555,0.046511627906976744,0.0,0.0,0.40915190733830065,0.403125,0.05555555555555555,0.0,0.1342281879194631,0.9375,0.05555555555555555
63,63_IM-2210-0001-0001.dcm.png,Frontal,Diaphragm/posterior/flattened;Markings/lung/interstitial/scattered/irregular/chronic;Aorta/tortuous;Osteophyte/spine/multiple/mild;Calcinosis/spine,Diaphragm;Markings;Aorta;Osteophyte;Calcinosis,PA and Lateral Chest,"XXXX-year-old female, pain, short of breath",XXXX,"Stable flattening of the posterior diaphragm and scattered chronic appearing irregular interstitial markings with no focal alveolar consolidation. Stable cardiomediastinal silhouette with normal heart size and aortic ectasia/tortuosity, stable mediastinal contours. No definite pleural effusion seen, no typical findings of pulmonary edema. Following spine ossifications and marginal osteophytes again noted.","Chronic changes as described, no acute findings",/home/20213144/.cache/kagglehub/datasets/raddar/chest-xrays-indiana-university/versions/2/images/images_normalized/63_IM-2210-0001-0001.dcm.png,Findings: The chest X-ray shows bilateral hilar prominence and a left-sided pleural effusion.,"Findings: The chest X-ray shows bilateral hilar lymphadenopathy, which means there is enlargement of the lymph nodes in the region where the bronchi enter the lungs, on both sides.",0.048780487804878044,0.048780487804878044,0.04761904761904762,0.38047606066889267,0.5,0.030555555555555555,0.0,0.14864864864864866,0.9126984126984127,0.030555555555555555,0.0,0.0,0.0,0.32770523308094124,0.403125,0.05555555555555555,0.0,0.1342281879194631,0.9375,0.05555555555555555
64,64_IM-2218-4004.dcm.png,Frontal,Technical Quality of Image Unsatisfactory ;Pneumothorax/apex/right/moderate,Technical Quality of Image Unsatisfactory ;Pneumothorax,Xray Chest PA and Lateral,XXXX. MVC.,None. Clinical,"2 images. Heart size upper limits of normal. Mediastinal contours are maintained. The patient is mildly rotated. There is a small to moderate sized right apical pneumothorax which measures approximately 2.0 cm. No focal airspace consolidation is seen. Left chest is clear. No definite displaced bony injury is seen. Results called XXXX. XXXX XXXX p.m. XXXX, XXXX.",Small to moderate right apical pneumothorax.,/home/20213144/.cache/kagglehub/datasets/raddar/chest-xrays-indiana-university/versions/2/images/images_normalized/64_IM-2218-4004.dcm.png,Findings: The chest X-ray shows bilateral hilar prominence and a left-sided pleural effusion.,Findings: The chest X-ray shows bilateral hilar prominence and a left-sided pleural effusion.,0.0,0.0,0.0,0.36566271077376594,0.5,0.030555555555555555,0.0,0.14864864864864866,0.9126984126984127,0.030555555555555555,0.0,0.0,0.0,0.36566271077376594,0.403125,0.05555555555555555,0.0,0.1342281879194631,0.9375,0.05555555555555555
65,65_IM-2228-4004.dcm.png,Frontal,normal,normal,"Chest 2 views dated XXXX, XXXX.",Chest pain.,XXXX.,"The XXXX examination consists of frontal and lateral radiographs of the chest. The cardiomediastinal contours are within normal limits. Pulmonary vascularity is within normal limits. No focal consolidation, pleural effusion, or pneumothorax identified. Deformity of the right clavicle related to remote XXXX is again seen. Visualized upper abdomen grossly unremarkable.",No evidence of acute cardiopulmonary process.,/home/20213144/.cache/kagglehub/datasets/raddar/chest-xrays-indiana-university/versions/2/images/images_normalized/65_IM-2228-4004.dcm.png,"Findings: The chest X-ray shows bilateral hilar prominence, which is an enlargement or increased visibility of the hilum on both sides of the lungs.",Findings: The chest X-ray shows bilateral hilar prominence and a left-sided pleural effusion.,0.0,0.0,0.0,0.35384643624902257,0.5,0.030555555555555555,0.0,0.14864864864864866,0.9126984126984127,0.030555555555555555,0.06896551724137931,0.06896551724137931,0.06451612903225806,0.341173351437515,0.403125,0.05555555555555555,0.0,0.1342281879194631,0.9375,0.05555555555555555
66,66_IM-2236-1001.dcm.png,Frontal,normal,normal," Chest, 2 views; SPINE LUMBAR 3 VIEWS XXXX, XXXX XXXX PM ",Hematemesis; BACK PAIN 724.5,"XXXX, XXXX.","Chest. Both lungs are clear and expanded with no pleural air collections or parenchymal consolidations. Heart and mediastinum remain normal. Lumbosacral spine. XXXX, disc spaces, and alignment are normal. Sacrum and sacroiliac joints are normal.",1. Chest. No active disease. 2. Lumbar spine negative.,/home/20213144/.cache/kagglehub/datasets/raddar/chest-xrays-indiana-university/versions/2/images/images_normalized/66_IM-2236-1001.dcm.png,Findings: The chest X-ray shows bilateral hilar prominence and a left-sided pleural effusion.,Findings: The chest X-ray shows bilateral hilar prominence and a left-sided pleural effusion.,0.06666666666666667,0.06666666666666667,0.05405405405405405,0.36526637512659726,0.5,0.030555555555555555,0.0,0.14864864864864866,0.9126984126984127,0.030555555555555555,0.06666666666666667,0.06666666666666667,0.05405405405405405,0.36526637512659726,0.403125,0.05555555555555555,0.0,0.1342281879194631,0.9375,0.05555555555555555
67,67_IM-2243-8001.dcm.png,Frontal,Lung/hypoinflation;Markings/bronchovascular,Lung;Markings,CHEST AP and lateral at XXXX XXXX/XXXX,"XXXX-year-old, MVA, chest pain",None.,There are low volumes with bronchovascular crowding. No focal infiltrate or effusion. Heart and mediastinal contours within normal limits. No displaced fracture identified.,Low volumes with bronchovascular crowding. No acute abnormality.,/home/20213144/.cache/kagglehub/datasets/raddar/chest-xrays-indiana-university/versions/2/images/images_normalized/67_IM-2243-8001.dcm.png,"Findings: The chest X-ray shows bilateral hilar prominence, which is an enlargement or increased visibility of the hilum on both sides of the lungs.","Findings: The chest X-ray shows bilateral hilar prominence, which is an enlargement or increased visibility of the hilum on both sides of the lungs.",0.0,0.0,0.0,0.3656160335370888,0.5,0.030555555555555555,0.0,0.14864864864864866,0.9126984126984127,0.030555555555555555,0.0,0.0,0.0,0.3656160335370888,0.403125,0.05555555555555555,0.0,0.1342281879194631,0.9375,0.05555555555555555
68,68_IM-2251-1001.dcm.png,Frontal,normal,normal," PA and lateral chest XXXX, XXXX at XXXX for comparisXXXX/XXXX. Additional rib films were taken to seen the left side ribs. Three views. ",rib pain. Left rib left chest pain.,,,Rib films. No fractures or dislocations. Chest. Heart size normal. Lungs are clear. No effusion or pneumothorax. Minimal degenerative disease thoracic spine,/home/20213144/.cache/kagglehub/datasets/raddar/chest-xrays-indiana-university/versions/2/images/images_normalized/68_IM-2251-1001.dcm.png,Findings: The chest X-ray shows hyperinflation of the right lung.,"Findings: The chest X-ray shows bilateral hilar prominence, which is an enlargement or increased visibility of the hilum on both sides of the lungs.",0.0,0.0,0.0,0.37916771723475845,0.5,0.030555555555555555,0.0,0.14864864864864866,0.9126984126984127,0.030555555555555555,0.0,0.0,0.0,0.3742916394966879,0.403125,0.05555555555555555,0.0,0.1342281879194631,0.9375,0.05555555555555555
69,69_IM-2258-1001.dcm.png,Frontal,normal,normal,Xray Chest PA and Lateral,"XXXX year old chest pain, XXXX, sore throat.",PA and lateral chest XXXX.,"The heart is normal in size and contour. The lungs are clear, without evidence of infiltrate. There is no pneumothorax or effusion.",No acute cardiopulmonary disease.,/home/20213144/.cache/kagglehub/datasets/raddar/chest-xrays-indiana-university/versions/2/images/images_normalized/69_IM-2258-1001.dcm.png,"Findings: The chest X-ray shows bilateral hilar prominence, which is an enlargement or increased visibility of the hilum on both sides of the lungs.",Findings: The chest X-ray shows bilateral hilar prominence and a left-sided pleural effusion.,0.0,0.0,0.0,0.4159919982762166,0.5,0.030555555555555555,0.0,0.14864864864864866,0.9126984126984127,0.030555555555555555,0.0,0.0,0.0,0.3075654047200113,0.403125,0.05555555555555555,0.0,0.1342281879194631,0.9375,0.05555555555555555
70,70_IM-2264-3001.dcm.png,Frontal,Granulomatous Disease,Granulomatous Disease,"PA and lateral views of the chest XXXX, XXXX XXXX PM ",chest pain,,Sequelae of old granulomatous disease. Lungs are clear without focal airspace disease. No pleural effusions or pneumothoraces. Heart and mediastinum of normal size and contour.,Clear lungs.,/home/20213144/.cache/kagglehub/datasets/raddar/chest-xrays-indiana-university/versions/2/images/images_normalized/70_IM-2264-3001.dcm.png,"Findings: The chest X-ray shows bilateral hilar prominence, which is an enlargement or increased visibility of the hilum on both sides of the lungs.","Findings: The chest X-ray shows bilateral hilar prominence, which is an enlargement or increased visibility of the hilum on both sides of the lungs.",0.0,0.0,0.0,0.46128133477259353,0.5,0.030555555555555555,0.0,0.14864864864864866,0.9126984126984127,0.030555555555555555,0.0,0.0,0.0,0.46128133477259353,0.403125,0.05555555555555555,0.0,0.1342281879194631,0.9375,0.05555555555555555
71,71_IM-2273-1001.dcm.png,Frontal,normal,normal,Xray Chest PA and Lateral,XXXX year old right shoulder and back pain after a XXXX vehicle XXXX..,None.,"The heart is upper limits of normal in size. The lungs are clear, without evidence of infiltrate. There is no pneumothorax or effusion.",No acute cardiopulmonary disease.,/home/20213144/.cache/kagglehub/datasets/raddar/chest-xrays-indiana-university/versions/2/images/images_normalized/71_IM-2273-1001.dcm.png,"Findings: The chest X-ray shows bilateral hilar prominence, which is an enlargement or increased visibility of the hilum on both sides of the lungs.","Findings: The chest X-ray shows a homogenous opacity in the right hemithorax. This means that there is an area of increased density in the right side of the chest, which could be due to various reasons such as fluid accumulation, infection, or other lung abnormalities.",0.0,0.0,0.0,0.43656790304331944,0.5,0.030555555555555555,0.0,0.14864864864864866,0.9126984126984127,0.030555555555555555,0.0,0.0,0.0,0.42649819499534,0.403125,0.05555555555555555,0.0,0.1342281879194631,0.9375,0.05555555555555555
72,72_IM-2280-1001.dcm.png,Frontal,normal,normal,"Chest x-XXXX XXXX and lateral, XXXX. ",XXXX-year-old female with chest pain,"Chest x-XXXX, XXXX.","Lungs are clear without focal consolidation, effusion, or pneumothorax. Normal heart size. Bony thorax and soft tissues grossly unremarkable.",Negative acute cardiopulmonary abnormality.,/home/20213144/.cache/kagglehub/datasets/raddar/chest-xrays-indiana-university/versions/2/images/images_normalized/72_IM-2280-1001.dcm.png,Findings: The chest X-ray shows hyperinflation of the right lung.,Findings: The chest X-ray shows bilateral hilar prominence and a left-sided pleural effusion.,0.0,0.0,0.0,0.49581362173218296,0.5,0.030555555555555555,0.0,0.14864864864864866,0.9126984126984127,0.030555555555555555,0.0,0.0,0.0,0.3935214274791683,0.403125,0.05555555555555555,0.0,0.1342281879194631,0.9375,0.05555555555555555
73,73_IM-2289-1001.dcm.png,Frontal,Pleural Effusion/bilateral/small;Pulmonary Atelectasis/base/left;Emphysema,Pleural Effusion;Pulmonary Atelectasis;Emphysema,Xray Chest PA and Lateral,cirrhosis.,Comparison XXXX.,,"Improved basilar aeration. Persistent small bilateral pleural effusions, XXXX on the right, small on the left with some associated left basilar atelectasis. Lungs otherwise clear. Unremarkable mediastinal contour. Changes of emphysema. No XXXX acute abnormalities since the previous chest radiograph.",/home/20213144/.cache/kagglehub/datasets/raddar/chest-xrays-indiana-university/versions/2/images/images_normalized/73_IM-2289-1001.dcm.png,"Findings: The chest X-ray shows bilateral hilar prominence, which is an enlargement or increased visibility of the hilum on both sides of the lungs.",Findings: The chest X-ray shows bilateral hilar prominence and a left-sided pleural effusion.,0.07692307692307691,0.07692307692307691,0.0,0.42460082443822766,0.5,0.030555555555555555,0.0,0.14864864864864866,0.9126984126984127,0.030555555555555555,0.15384615384615383,0.15384615384615383,0.06896551724137931,0.46372969665324504,0.403125,0.05555555555555555,0.0,0.1342281879194631,0.9375,0.05555555555555555
75,75_IM-2303-1001.dcm.png,Frontal,"Atherosclerosis/aorta, thoracic;Aorta, Thoracic/tortuous;Cicatrix/lung/lower lobe/left;Opacity/lung/bilateral/interstitial/prominent/mild;Pulmonary Emphysema;Calcified Granuloma","Atherosclerosis;Aorta, Thoracic;Cicatrix;Opacity;Pulmonary Emphysema;Calcified Granuloma","PA and lateral views of the chest XXXX, XXXX at XXXX hours ",XXXX-year-old XXXX with chest pain.,"XXXX, XXXX",The heart size is stable. The aorta is ectatic and atherosclerotic but stable. XXXX sternotomy XXXX are again noted. The scarring in the left lower lobe is again noted and unchanged from prior exam. There are mild bilateral prominent lung interstitial opacities consistent with emphysematous disease. The calcified granulomas are stable.,"1. Changes of emphysema and left lower lobe scarring, both stable. 2. Unchanged degenerative and atherosclerotic changes of the thoracic aorta.",/home/20213144/.cache/kagglehub/datasets/raddar/chest-xrays-indiana-university/versions/2/images/images_normalized/75_IM-2303-1001.dcm.png,Findings: The chest X-ray shows bilateral hilar prominence and a left-sided pleural effusion.,Findings: The chest X-ray shows bilateral hilar prominence and a left-sided pleural effusion.,0.08,0.0,0.0,0.37438849109060696,0.5,0.030555555555555555,0.0,0.14864864864864866,0.9126984126984127,0.030555555555555555,0.08,0.0,0.0,0.37438849109060696,0.403125,0.05555555555555555,0.0,0.1342281879194631,0.9375,0.05555555555555555
76,76_IM-2309-1001.dcm.png,Frontal,Cicatrix/lung/lingula,Cicatrix,"PA and LAT view CHEST XXXX, XXXX XXXX PM","Pilonidal cyst, preop evaluation.",None.,Apparent scarring within the lingula. Lungs are otherwise clear. No pleural effusions or pneumothoraces. Heart and mediastinum of normal size and contour.,"Apparent scarring within the lingula, otherwise unremarkable.",/home/20213144/.cache/kagglehub/datasets/raddar/chest-xrays-indiana-university/versions/2/images/images_normalized/76_IM-2309-1001.dcm.png,"Findings: The chest X-ray shows bilateral hilar prominence, which is an enlargement or increased visibility of the hilum on both sides of the lungs.","Findings: The chest X-ray shows bilateral hilar prominence, which is an enlargement or increased visibility of the hilum on both sides of the lungs.",0.0,0.0,0.0,0.4940396477060511,0.5,0.030555555555555555,0.0,0.14864864864864866,0.9126984126984127,0.030555555555555555,0.0,0.0,0.0,0.4940396477060511,0.403125,0.05555555555555555,0.0,0.1342281879194631,0.9375,0.05555555555555555
77,77_IM-2315-1001-0002.dcm.png,Frontal,"Thickening/pleura/apex/bilateral;Bone Diseases, Metabolic/degenerative/mild","Thickening;Bone Diseases, Metabolic",Xray Chest PA and Lateral,PAIN;,,,"Stable XXXX silhouette. No pneumothorax. No focal consolidation. No large pleural effusion. Unchanged pleural thickening at the visualized lung apices. Mild osteopenia, degenerative changes. No fractures.",/home/20213144/.cache/kagglehub/datasets/raddar/chest-xrays-indiana-university/versions/2/images/images_normalized/77_IM-2315-1001-0002.dcm.png,"Findings: The chest X-ray shows bilateral hilar prominence, which is an enlargement or increased visibility of the hilum on both sides of the lungs.","Findings: The chest X-ray shows bilateral hilar prominence, which is an enlargement or increased visibility of the hilum on both sides of the lungs.",0.0,0.0,0.0,0.4317827106077225,0.5,0.030555555555555555,0.0,0.14864864864864866,0.9126984126984127,0.030555555555555555,0.0,0.0,0.0,0.4317827106077225,0.403125,0.05555555555555555,0.0,0.1342281879194631,0.9375,0.05555555555555555
78,78_IM-2322-1001.dcm.png,Frontal,Pulmonary Atelectasis/base/left/mild,Pulmonary Atelectasis,"XXXX PA and lateral chest 3 images XXXX, XXXX there comparison 20 XXXX ",History of XXXX.,,,Heart size normal. Right lung clear. Minimal basilar atelectasis on the left,/home/20213144/.cache/kagglehub/datasets/raddar/chest-xrays-indiana-university/versions/2/images/images_normalized/78_IM-2322-1001.dcm.png,"Findings: The chest X-ray shows bilateral hilar prominence, which is an enlargement or increased visibility of the hilum on both sides of the lungs.","Findings: The chest X-ray shows bilateral hilar lymphadenopathy, which means there is enlargement of the lymph nodes in the hilar region of both lungs.",0.0,0.0,0.0,0.3551841777806962,0.5,0.030555555555555555,0.0,0.14864864864864866,0.9126984126984127,0.030555555555555555,0.0,0.0,0.0,0.3210171308759034,0.403125,0.05555555555555555,0.0,0.1342281879194631,0.9375,0.05555555555555555
79,79_IM-2329-1001.dcm.png,Frontal,normal,normal,Xray Chest PA and Lateral,Flank pain and dyspnea,None available.,The cardiomediastinal silhouette and vasculature are within normal limits for size and contour. The lungs are normally inflated and clear. Osseous structures are within normal limits for patient age.,1. No acute radiographic cardiopulmonary process.,/home/20213144/.cache/kagglehub/datasets/raddar/chest-xrays-indiana-university/versions/2/images/images_normalized/79_IM-2329-1001.dcm.png,"Findings: The chest X-ray shows bilateral hilar prominence, which is an enlargement or increased visibility of the hilum on both sides of the lungs.","Findings: The chest X-ray shows bilateral hilar prominence, which is an enlargement or increased visibility of the hilum on both sides of the lungs.",0.0,0.0,0.0,0.378016000875085,0.5,0.030555555555555555,0.0,0.14864864864864866,0.9126984126984127,0.030555555555555555,0.0,0.0,0.0,0.378016000875085,0.403125,0.05555555555555555,0.0,0.1342281879194631,0.9375,0.05555555555555555
80,80_IM-2333-1001.dcm.png,Frontal,normal,normal,PA and Lateral Chest Radiograph ,XXXX,XXXX,"Heart size and mediastinal contour within normal limits. No focal airspace consolidation, pneumothorax, or large pleural effusion. No acute osseous abnormality.",No acute cardiopulmonary abnormality.,/home/20213144/.cache/kagglehub/datasets/raddar/chest-xrays-indiana-university/versions/2/images/images_normalized/80_IM-2333-1001.dcm.png,Findings: The chest X-ray shows bilateral hilar prominence and a left-sided pleural effusion.,Findings: The chest X-ray shows bilateral hilar prominence and a left-sided pleural effusion.,0.08333333333333333,0.08333333333333333,0.07692307692307691,0.31323018233345207,0.5,0.030555555555555555,0.0,0.14864864864864866,0.9126984126984127,0.030555555555555555,0.08333333333333333,0.08333333333333333,0.07692307692307691,0.31323018233345207,0.403125,0.05555555555555555,0.0,0.1342281879194631,0.9375,0.05555555555555555
82,82_IM-2350-3001.dcm.png,Frontal,Surgical Instruments/left,Surgical Instruments,Xray Chest PA and Lateral,PAIN IN THORACIC SPINE Pain started in leg area two weeks ago now having severe pain in upper XXXX back area rt side. HF,Chest x-XXXX XXXX,"No airspace disease, effusion or noncalcified nodule. Normal heart size and mediastinum. Left axillary surgical clips unchanged Visualized XXXX of the chest XXXX are within normal limits.",No acute cardiopulmonary abnormality.,/home/20213144/.cache/kagglehub/datasets/raddar/chest-xrays-indiana-university/versions/2/images/images_normalized/82_IM-2350-3001.dcm.png,"Findings: The chest X-ray shows bilateral hilar prominence, which is an enlargement or increased visibility of the hilum on both sides of the lungs.","Findings: The chest X-ray shows bilateral hilar lymphadenopathy, which means there is enlargement of the lymph nodes in the region where the bronchi enter the lungs.",0.0,0.0,0.0,0.33081425106799744,0.5,0.030555555555555555,0.0,0.14864864864864866,0.9126984126984127,0.030555555555555555,0.0,0.0,0.0,0.3078235275486541,0.403125,0.05555555555555555,0.0,0.1342281879194631,0.9375,0.05555555555555555
83,83_IM-2358-1001.dcm.png,Frontal,normal,normal," PA and lateral chest, thoracic spine 3 views, and lumbar spine 3 views. ",pain and spine and chest after XXXX,,,Lumbar spine. No fractures. No dislocations. Disc spaces are normal. No degenerative disease. Clips in the gallbladder region. Thoracic spine. No XXXX fractures or dislocations. No significant degenerative disease. Chest. Heart size is normal. Lungs are clear. No effusion or pneumothorax.,/home/20213144/.cache/kagglehub/datasets/raddar/chest-xrays-indiana-university/versions/2/images/images_normalized/83_IM-2358-1001.dcm.png,"Findings: The chest X-ray shows bilateral hilar prominence, which is an enlargement or increased visibility of the hilum on both sides of the lungs.","Findings: The chest X-ray shows bilateral hilar prominence, which is an enlargement or increased visibility of the hilum on both sides of the lungs.",0.0,0.0,0.0,0.38138060788038597,0.5,0.030555555555555555,0.0,0.14864864864864866,0.9126984126984127,0.030555555555555555,0.0,0.0,0.0,0.38138060788038597,0.403125,0.05555555555555555,0.0,0.1342281879194631,0.9375,0.05555555555555555
84,84_IM-2363-1001.dcm.png,Frontal,Lung/hypoinflation;Markings/bronchovascular,Lung;Markings,"PA and Lateral views of the Chest performed on XXXX, XXXX. ","XXXX year-old male with dyspnea, chemical exposure.",None.,"There are low lung volumes with bronchovascular crowding as a result. No pleural effusion, pneumothorax or focal airspace disease. Cardiomediastinal silhouette is within normal limits. No free subdiaphragmatic air.",Low lung volumes. No acute pulmonary disease.,/home/20213144/.cache/kagglehub/datasets/raddar/chest-xrays-indiana-university/versions/2/images/images_normalized/84_IM-2363-1001.dcm.png,Findings: The chest X-ray shows bilateral hilar prominence and a left-sided pleural effusion.,Findings: The chest X-ray shows bilateral hilar prominence and a left-sided pleural effusion.,0.07407407407407407,0.07407407407407407,0.07142857142857144,0.3696841127001201,0.5,0.030555555555555555,0.0,0.14864864864864866,0.9126984126984127,0.030555555555555555,0.07407407407407407,0.07407407407407407,0.07142857142857144,0.3696841127001201,0.403125,0.05555555555555555,0.0,0.1342281879194631,0.9375,0.05555555555555555
85,85_IM-2372-1001.dcm.png,Frontal,Calcified Granuloma/scattered;Spine/degenerative,Calcified Granuloma;Spine,Xray Chest PA and Lateral,Status post cardiac catheterization.,,There are scattered calcified granulomas. No focal infiltrate. No pleural effusion or pneumothorax. Heart size and mediastinal contour are within normal limits. There are degenerative changes of the spine.,No evidence of active disease.,/home/20213144/.cache/kagglehub/datasets/raddar/chest-xrays-indiana-university/versions/2/images/images_normalized/85_IM-2372-1001.dcm.png,Findings: The chest X-ray shows hyperinflation of the right lung.,"Findings: The chest X-ray shows bilateral hilar prominence, which is an enlargement or increased visibility of the hilum on both sides of the lungs.",0.0,0.0,0.0,0.3029938624988784,0.5,0.030555555555555555,0.0,0.14864864864864866,0.9126984126984127,0.030555555555555555,0.0,0.0,0.0,0.3665717400206916,0.403125,0.05555555555555555,0.0,0.1342281879194631,0.9375,0.05555555555555555
86,86_IM-2380-1001.dcm.png,Frontal,normal,normal,PA and lateral views of the chest. ,"XXXX year old male, preoperative evaluation for hemorrhoidectomy.",None available.,Heart size is within normal limits. No focal airspace consolidations. No pneumothorax or pleural effusion.,No acute cardiopulmonary findings.,/home/20213144/.cache/kagglehub/datasets/raddar/chest-xrays-indiana-university/versions/2/images/images_normalized/86_IM-2380-1001.dcm.png,Findings: The chest X-ray shows bilateral hilar prominence and a left-sided pleural effusion.,Findings: The chest X-ray shows bilateral hilar prominence and a left-sided pleural effusion.,0.1,0.1,0.09523809523809522,0.40330389150262347,0.5,0.030555555555555555,0.0,0.14864864864864866,0.9126984126984127,0.030555555555555555,0.1,0.1,0.09523809523809522,0.40330389150262347,0.403125,0.05555555555555555,0.0,0.1342281879194631,0.9375,0.05555555555555555
87,87_IM-2390-1001.dcm.png,Frontal,normal,normal,"PA and Lateral views of the Chest performed on XXXX, XXXX. ",XXXX-year-old male with wheezing.,None.,"No focal airspace disease, pleural effusion or pneumothorax. Cardiomediastinal silhouette is within normal limits. No free subdiaphragmatic air.",No acute pulmonary disease.,/home/20213144/.cache/kagglehub/datasets/raddar/chest-xrays-indiana-university/versions/2/images/images_normalized/87_IM-2390-1001.dcm.png,"Findings: The chest X-ray shows bilateral hilar prominence, which is an enlargement or increased visibility of the hilum on both sides of the lungs.","Findings: The chest X-ray shows bilateral hilar prominence, which is an enlargement or increased visibility of the hilum on both sides of the lungs.",0.0,0.0,0.0,0.3574076819740807,0.5,0.030555555555555555,0.0,0.14864864864864866,0.9126984126984127,0.030555555555555555,0.0,0.0,0.0,0.3574076819740807,0.403125,0.05555555555555555,0.0,0.1342281879194631,0.9375,0.05555555555555555
89,89_IM-2402-1001.dcm.png,Frontal,normal,normal,Chest x-XXXX XXXX and lateral on XXXX XXXX hours. ,XXXX-year-old female chest pain.,Chest x-XXXX on XXXX,The heart size and mediastinal silhouette are within normal limits for contour. The lungs are clear. No pneumothorax or pleural effusions. The XXXX are intact.,No acute cardiopulmonary abnormalities.,/home/20213144/.cache/kagglehub/datasets/raddar/chest-xrays-indiana-university/versions/2/images/images_normalized/89_IM-2402-1001.dcm.png,"Findings: The chest X-ray shows bilateral hilar prominence, which is an enlargement or increased visibility of the hilum on both sides of the lungs.","Findings: The chest X-ray shows cardiomegaly, which is an enlargement of the heart.",0.0,0.0,0.0,0.4629724368482613,0.5,0.030555555555555555,0.0,0.14864864864864866,0.9126984126984127,0.030555555555555555,0.1,0.1,0.09523809523809525,0.36597270277417665,0.403125,0.05555555555555555,0.0,0.1342281879194631,0.9375,0.05555555555555555
90,90_IM-2407-1001.dcm.png,Frontal,Spine/degenerative,Spine,Xray Chest PA and Lateral,"XXXX-year-old female, preoperative evaluation.",,The lungs are clear. There is no focal airspace consolidation. No pleural effusion or pneumothorax. Heart size and mediastinal contour are within normal limits. There are degenerative changes of the spine.,No evidence of active disease.,/home/20213144/.cache/kagglehub/datasets/raddar/chest-xrays-indiana-university/versions/2/images/images_normalized/90_IM-2407-1001.dcm.png,Findings: The chest X-ray shows bilateral hilar prominence and a left-sided pleural effusion.,Findings: The chest X-ray shows bilateral hilar prominence and a left-sided pleural effusion.,0.08333333333333333,0.08333333333333333,0.08,0.30942521678317375,0.5,0.030555555555555555,0.0,0.14864864864864866,0.9126984126984127,0.030555555555555555,0.08333333333333333,0.08333333333333333,0.08,0.30942521678317375,0.403125,0.05555555555555555,0.0,0.1342281879194631,0.9375,0.05555555555555555
91,91_IM-2415-2001.dcm.png,Frontal,Pneumothorax/apex/right/moderate;Shift/mediastinum/mild,Pneumothorax;Shift,Xray Chest PA and Lateral,"Chest pain, right arm numbness",,Minimal right-to-left cardiomediastinal shift. The cardiomediastinal silhouette is otherwise normal size and configuration. Pulmonary vasculature within normal limits. There is a moderate sized right pneumothorax. This measures 3.2 cm at the level the right apex.,"Moderate sized right pneumothorax. There is minimal right-to-left cardiomediastinal shift, suggesting XXXX.",/home/20213144/.cache/kagglehub/datasets/raddar/chest-xrays-indiana-university/versions/2/images/images_normalized/91_IM-2415-2001.dcm.png,"Findings: The chest X-ray shows bilateral hilar prominence, which is an enlargement or increased visibility of the hilum on both sides of the lungs.",Findings: The chest X-ray shows bilateral hilar prominence and a left-sided pleural effusion.,0.0,0.0,0.0,0.34150523752447787,0.5,0.030555555555555555,0.0,0.14864864864864866,0.9126984126984127,0.030555555555555555,0.0,0.0,0.0,0.3529941415816231,0.403125,0.05555555555555555,0.0,0.1342281879194631,0.9375,0.05555555555555555
92,92_IM-2422-4004.dcm.png,Frontal,Markings/bronchovascular,Markings,Xray Chest PA and Lateral,"XXXX-year-old female, XXXX bleed",,,"Heart size within normal limits. No focal alveolar consolidation, no definite pleural effusions seen. Bronchovascular crowding without typical findings of pulmonary edema.",/home/20213144/.cache/kagglehub/datasets/raddar/chest-xrays-indiana-university/versions/2/images/images_normalized/92_IM-2422-4004.dcm.png,"Findings: The chest X-ray shows bilateral hilar prominence, which is an enlargement or increased visibility of the hilum on both sides of the lungs.",Findings: The chest X-ray shows bilateral diffuse pulmonary opacities.,0.0,0.0,0.0,0.36385577901759303,0.5,0.030555555555555555,0.0,0.14864864864864866,0.9126984126984127,0.030555555555555555,0.11111111111111112,0.11111111111111112,0.11111111111111112,0.42038096216139637,0.403125,0.05555555555555555,0.0,0.1342281879194631,0.9375,0.05555555555555555
93,93_IM-2428-1001.dcm.png,Frontal,Thoracic Vertebrae/degenerative/mild,Thoracic Vertebrae,"Chest x-XXXX XXXX and lateral, XXXX ",XXXX-year-old female with chest pain,"Chest CT, XXXX.","Lungs are clear without focal consolidation, effusion, or pneumothorax. Normal heart size. Negative for pneumoperitoneum. Mild degenerative changes of the thoracic spine.",Negative for acute cardiopulmonary abnormality.,/home/20213144/.cache/kagglehub/datasets/raddar/chest-xrays-indiana-university/versions/2/images/images_normalized/93_IM-2428-1001.dcm.png,"Findings: The chest X-ray shows bilateral hilar prominence, which is an enlargement or increased visibility of the hilum on both sides of the lungs.","Findings: The chest X-ray shows a homogenous opacity in the right hemithorax. This means that there is an area of increased density in the right side of the chest, which could be due to various reasons such as fluid accumulation, infection, or a mass.",0.0,0.0,0.0,0.42492124940532694,0.5,0.030555555555555555,0.0,0.14864864864864866,0.9126984126984127,0.030555555555555555,0.0,0.0,0.0,0.3934237133853734,0.403125,0.05555555555555555,0.0,0.1342281879194631,0.9375,0.05555555555555555
94,94_IM-2436-1001.dcm.png,Frontal,normal,normal,PA and lateral chest radiograph on XXXX at 02: 33 hours. ,XXXX-year-old XXXX with chest pain.,XXXX.,"Heart size, mediastinal contour, and pulmonary vascularity are similar to comparison exam and within normal limits. No focal consolidation, suspicious pulmonary opacity, pleural effusion, or pneumothorax. The visualized osseous structures appear intact.",No acute cardiopulmonary abnormalities.,/home/20213144/.cache/kagglehub/datasets/raddar/chest-xrays-indiana-university/versions/2/images/images_normalized/94_IM-2436-1001.dcm.png,Findings: The chest X-ray shows bilateral hilar prominence and a left-sided pleural effusion.,Findings: The chest X-ray shows bilateral hilar prominence and a left-sided pleural effusion.,0.06896551724137931,0.06666666666666667,0.0625,0.38141227042869236,0.5,0.030555555555555555,0.0,0.14864864864864866,0.9126984126984127,0.030555555555555555,0.06896551724137931,0.06666666666666667,0.0625,0.38141227042869236,0.403125,0.05555555555555555,0.0,0.1342281879194631,0.9375,0.05555555555555555
95,95_IM-2445-1001.dcm.png,Frontal,Calcified Granuloma/lung/base/right;Osteophyte/thoracic vertebrae/multiple/small,Calcified Granuloma;Osteophyte,PA and lateral chest radiograph (2 views) (2 images) ,Dyspnea,"XXXX, XXXX",There is a single calcified granuloma in the right lung base. The lungs are otherwise grossly clear bilaterally. There is no pneumothorax or pleural effusion. Cardiac and mediastinal silhouettes are normal. There are cholecystectomy clips in the right upper quadrant of the abdomen. Small T-spine osteophytes are noted.,No acute cardiopulmonary abnormality.,/home/20213144/.cache/kagglehub/datasets/raddar/chest-xrays-indiana-university/versions/2/images/images_normalized/95_IM-2445-1001.dcm.png,Findings: The chest X-ray shows bilateral hilar prominence and a left-sided pleural effusion.,Findings: The chest X-ray shows bilateral hilar prominence and a left-sided pleural effusion.,0.06060606060606061,0.06060606060606061,0.05555555555555555,0.3717454110617364,0.5,0.030555555555555555,0.0,0.14864864864864866,0.9126984126984127,0.030555555555555555,0.06060606060606061,0.06060606060606061,0.05555555555555555,0.3717454110617364,0.403125,0.05555555555555555,0.0,0.1342281879194631,0.9375,0.05555555555555555
96,96_IM-2450-2002.dcm.png,Frontal,normal,normal,Xray Chest PA and Lateral,",786.2",,The lungs are clear. The heart and pulmonary XXXX are normal. The pleural spaces are clear. The mediastinal contours are normal.,No acute cardiopulmonary disease,/home/20213144/.cache/kagglehub/datasets/raddar/chest-xrays-indiana-university/versions/2/images/images_normalized/96_IM-2450-2002.dcm.png,"Findings: The chest X-ray shows bilateral hilar prominence, which is an enlargement or increased visibility of the hilum on both sides of the lungs.","Findings: The chest X-ray shows bilateral hilar prominence, which is an enlargement or increased visibility of the hilum on both sides of the lungs.",0.0,0.0,0.0,0.43351636321154763,0.5,0.030555555555555555,0.0,0.14864864864864866,0.9126984126984127,0.030555555555555555,0.0,0.0,0.0,0.43351636321154763,0.403125,0.05555555555555555,0.0,0.1342281879194631,0.9375,0.05555555555555555
97,97_IM-2460-1001.dcm.png,Frontal,Spondylosis/thoracic vertebrae,Spondylosis,Xray Chest PA and Lateral,XXXX,None.,The cardiac contours are normal. The lungs are clear. Thoracic spondylosis.,No acute process.,/home/20213144/.cache/kagglehub/datasets/raddar/chest-xrays-indiana-university/versions/2/images/images_normalized/97_IM-2460-1001.dcm.png,"Findings: The chest X-ray shows bilateral hilar prominence, which is an enlargement or increased visibility of the hilum on both sides of the lungs.","Findings: The chest X-ray shows bilateral hilar lymphadenopathy, which means there is enlargement of the lymph nodes in the hilar region of both lungs.",0.0,0.0,0.0,0.39364555548702934,0.5,0.030555555555555555,0.0,0.14864864864864866,0.9126984126984127,0.030555555555555555,0.13333333333333333,0.13333333333333333,0.13333333333333333,0.35651990583091037,0.403125,0.05555555555555555,0.0,0.1342281879194631,0.9375,0.05555555555555555
98,98_IM-2467-4004.dcm.png,Frontal,Lung/hypoinflation;Pulmonary Atelectasis/base,Lung;Pulmonary Atelectasis,Xray Chest PA and Lateral,Chest pain shortness of breath for 3 days. The patient's lower abdomen was shielded for this exam.,"XXXX, XXXX.",Frontal and lateral views of the chest show an unchanged cardiomediastinal silhouette. Reduced lung volumes with basilar atelectasis. No XXXX focal airspace consolidation or pleural effusion.,"No acute or active cardiac, pulmonary or pleural disease.",/home/20213144/.cache/kagglehub/datasets/raddar/chest-xrays-indiana-university/versions/2/images/images_normalized/98_IM-2467-4004.dcm.png,"Findings: The chest X-ray shows bilateral hilar prominence, which is an enlargement or increased visibility of the hilum on both sides of the lungs.","Findings: The chest X-ray shows bilateral hilar prominence, which is an enlargement or increased visibility of the hilum on both sides of the lungs.",0.0,0.0,0.0,0.36564383697541125,0.5,0.030555555555555555,0.0,0.14864864864864866,0.9126984126984127,0.030555555555555555,0.0,0.0,0.0,0.36564383697541125,0.403125,0.05555555555555555,0.0,0.1342281879194631,0.9375,0.05555555555555555
99,99_IM-2476-1001.dcm.png,Frontal,Foreign Bodies/thorax/left,Foreign Bodies,Chest 2 views. ,XXXX-year-old with increasing dyspnea.,None.,Normal heart and mediastinum. Clear lungs. Trachea is midline. No pneumothorax. No pleural effusion. Radiopaque foreign body overlying left chest.,No acute abnormality.,/home/20213144/.cache/kagglehub/datasets/raddar/chest-xrays-indiana-university/versions/2/images/images_normalized/99_IM-2476-1001.dcm.png,"Findings: The chest X-ray shows bilateral hilar prominence, which is an enlargement or increased visibility of the hilum on both sides of the lungs.","Findings: The chest X-ray shows a homogenous opacity in the right hemithorax. This means that there is an area of increased density in the right side of the chest, which could be due to various reasons such as fluid accumulation, infection, or a mass.",0.0,0.0,0.0,0.47328015496893566,0.5,0.030555555555555555,0.0,0.14864864864864866,0.9126984126984127,0.030555555555555555,0.0,0.0,0.0,0.43651314334473357,0.403125,0.05555555555555555,0.0,0.1342281879194631,0.9375,0.05555555555555555
100,100_IM-0002-1001.dcm.png,Frontal,normal,normal," CHEST 2V FRONTAL/LATERAL XXXX, XXXX XXXX PM ",,None.,Both lungs are clear and expanded. Heart and mediastinum normal.,No active disease.,/home/20213144/.cache/kagglehub/datasets/raddar/chest-xrays-indiana-university/versions/2/images/images_normalized/100_IM-0002-1001.dcm.png,Findings: The chest X-ray shows bilateral hilar prominence and a left-sided pleural effusion.,"Findings: The chest X-ray shows bilateral hilar lymphadenopathy, which means there is enlargement of the lymph nodes in the region where the bronchi enter the lungs, on both sides.",0.0,0.0,0.0,0.33304124577747557,0.5,0.030555555555555555,0.0,0.14864864864864866,0.9126984126984127,0.030555555555555555,0.0,0.0,0.0,0.304576296953309,0.403125,0.05555555555555555,0.0,0.1342281879194631,0.9375,0.05555555555555555
101,101_IM-0011-4004.dcm.png,Frontal,Cardiomegaly/mild;Technical Quality of Image Unsatisfactory ;Lung/hypoinflation;Diaphragm/left/elevated;Opacity/lung/base;Pulmonary Atelectasis/base;Pulmonary Congestion;Dislocations/shoulder/left/chronic;Shoulder/bilateral/degenerative/severe,Cardiomegaly;Technical Quality of Image Unsatisfactory ;Lung;Diaphragm;Opacity;Pulmonary Atelectasis;Pulmonary Congestion;Dislocations;Shoulder,Xray Chest PA and Lateral,Chest pain,,The heart is again mildly enlarged. Mediastinal contours are stable. Patient is somewhat rotated. The lungs are hypoinflated with elevated left hemidiaphragm. XXXX XXXX opacities compatible with atelectasis. No large effusion is seen. There is no focal consolidation. Pulmonary vascularity is mildly accentuated. There are bilateral degenerative changes of the XXXX with probable chronic dislocation of the left humerus. Correlate clinically.,"1. Mild stable cardiomegaly and central vascular congestion. 2. Low lung volumes with elevated left hemidiaphragm and basilar subsegmental atelectasis. 3. Extensive bilateral shoulder degenerative changes with subluxation/dislocation left shoulder, possibly chronic. Suggest clinical correlation.",/home/20213144/.cache/kagglehub/datasets/raddar/chest-xrays-indiana-university/versions/2/images/images_normalized/101_IM-0011-4004.dcm.png,"Findings: The chest X-ray shows bilateral diffuse reticular opacities. Reticular opacities are a pattern of interlacing lines that can be seen in the lung fields, and they may indicate various lung conditions, such as infections, interstitial lung diseases, or other lung abnormalities.","Findings: The chest X-ray shows bilateral diffuse reticular opacities. Reticular opacities are a pattern of interlacing lines that can be seen in the lung fields, and they may indicate various lung conditions, such as infections, interstitial lung diseases, or other pulmonary disorders.",0.11111111111111112,0.10344827586206898,0.061538461538461535,0.3768825095406579,0.5,0.030555555555555555,0.0,0.14864864864864866,0.9126984126984127,0.030555555555555555,0.10909090909090909,0.10169491525423728,0.06060606060606061,0.3961481594504204,0.403125,0.05555555555555555,0.0,0.1342281879194631,0.9375,0.05555555555555555
102,102_IM-0016-1001.dcm.png,Frontal,Lung/hyperdistention;Density/sternum,Lung;Density,Xray Chest PA and Lateral ,Syncope. XXXX attack.,None.,"Normal heart size. Clear, hyperaerated lungs. No pneumothorax. No pleural effusion. XXXX substernal density may be related to a pectus deformity.",No acute cardiopulmonary abnormality.,/home/20213144/.cache/kagglehub/datasets/raddar/chest-xrays-indiana-university/versions/2/images/images_normalized/102_IM-0016-1001.dcm.png,Findings: The chest X-ray shows a homogenous opacity in the right lower lobe of the lung.,"Findings: The chest X-ray shows a homogenous opacity in the right hemithorax. This means that there is an area of increased density in the right side of the chest, which could be due to various reasons such as fluid accumulation, infection, or a mass.",0.0,0.0,0.0,0.3303948766349803,0.5,0.030555555555555555,0.0,0.14864864864864866,0.9126984126984127,0.030555555555555555,0.0,0.0,0.0,0.4221173674227489,0.403125,0.05555555555555555,0.0,0.1342281879194631,0.9375,0.05555555555555555
103,103_IM-0023-1001.dcm.png,Frontal,Mediastinum/prominent;Thoracic Vertebrae/degenerative/mild,Mediastinum;Thoracic Vertebrae,Chest 2 views dated XXXX at XXXX hours. ,XXXX-year-old female with XXXX.,Chest 2 view dated XXXX.,"The lungs are clear without evidence of focal airspace disease. There is no evidence of pneumothorax or large pleural effusion. The cardiac contour is within normal limits. Compared to prior exam, there is XXXX prominence of the mediastinal contour near the right hilum. This may represent the ascending aorta or mediastinal lymphadenopathy. CT chest with contrast may be helpful for further evaluation. There are mild degenerative changes of the thoracic spine.",XXXX prominence of the mediastinal contour near the right hilum possibly representing the ascending aorta or mediastinal lymphadenopathy. CT chest with contrast may be helpful for further evaluation.,/home/20213144/.cache/kagglehub/datasets/raddar/chest-xrays-indiana-university/versions/2/images/images_normalized/103_IM-0023-1001.dcm.png,"Findings: The chest X-ray shows bilateral hilar prominence, which is an enlargement or increased visibility of the hilum on both sides of the lungs.",Findings: The chest X-ray shows bilateral hilar prominence and a left-sided pleural effusion.,0.0,0.0,0.0,0.5114891260191885,0.5,0.030555555555555555,0.0,0.14864864864864866,0.9126984126984127,0.030555555555555555,0.07407407407407407,0.07407407407407407,0.06896551724137931,0.4624861543343197,0.403125,0.05555555555555555,0.0,0.1342281879194631,0.9375,0.05555555555555555
105,105_IM-0037-1001.dcm.png,Frontal,"Catheters, Indwelling;Costophrenic Angle/bilateral/blunted/mild;Pleural Effusion/bilateral","Catheters, Indwelling;Costophrenic Angle;Pleural Effusion",PA and lateral views of the chest. ,XXXX-year-old female with hypoxia.,Portable chest from XXXX.,Heart size within normal limits. Stable position of left subclavian central venous catheter. No focal airspace disease. No pneumothorax. Mild blunting of the costophrenic XXXX bilaterally.,XXXX bilateral effusions.,/home/20213144/.cache/kagglehub/datasets/raddar/chest-xrays-indiana-university/versions/2/images/images_normalized/105_IM-0037-1001.dcm.png,Findings: The chest X-ray shows bilateral hilar prominence and a left-sided pleural effusion.,Findings: The chest X-ray shows bilateral hilar prominence and a left-sided pleural effusion.,0.06896551724137931,0.0,0.0,0.49327105330778553,0.5,0.030555555555555555,0.0,0.14864864864864866,0.9126984126984127,0.030555555555555555,0.06896551724137931,0.0,0.0,0.49327105330778553,0.403125,0.05555555555555555,0.0,0.1342281879194631,0.9375,0.05555555555555555
106,106_IM-0042-1001.dcm.png,Frontal,normal,normal,Xray Chest PA and Lateral,"XXXX, XXXX on anterior midline chest for one knee are",None.,Heart size and mediastinal contour are normal. Pulmonary vascularity is normal. Lungs are clear. No pleural effusions or pneumothoraces.,"No acute cardiopulmonary process. If there is concern for soft tissue bone or bony abnormality of the thorax, XXXX.",/home/20213144/.cache/kagglehub/datasets/raddar/chest-xrays-indiana-university/versions/2/images/images_normalized/106_IM-0042-1001.dcm.png,"Findings: The chest X-ray shows bilateral hilar prominence, which is an enlargement or increased visibility of the hilum on both sides of the lungs.","Findings: The chest X-ray shows bilateral hilar prominence, which is an enlargement or increased visibility of the hilum on both sides of the lungs.",0.0,0.0,0.0,0.4624303942315702,0.5,0.030555555555555555,0.0,0.14864864864864866,0.9126984126984127,0.030555555555555555,0.0,0.0,0.0,0.4624303942315702,0.403125,0.05555555555555555,0.0,0.1342281879194631,0.9375,0.05555555555555555
107,107_IM-0049-1001.dcm.png,Frontal,normal,normal,"PA and lateral chest x-XXXX dated XXXX, XXXX at XXXX p.m.. ",XXXX-year-old woman with chest pain.,"Two-view chest radiograph dated XXXX, XXXX.","The lungs are clear bilaterally. Specifically, no evidence of focal consolidation, pneumothorax, or pleural effusion.. Cardio mediastinal silhouette is unremarkable. Visualized osseous structures of the thorax are without acute abnormality.",No acute cardiopulmonary abnormality.,/home/20213144/.cache/kagglehub/datasets/raddar/chest-xrays-indiana-university/versions/2/images/images_normalized/107_IM-0049-1001.dcm.png,Findings: The chest X-ray shows bilateral hilar prominence and a left-sided pleural effusion.,Findings: The chest X-ray shows bilateral hilar prominence and a left-sided pleural effusion.,0.08695652173913045,0.08695652173913045,0.08,0.4095239276666087,0.5,0.030555555555555555,0.0,0.14864864864864866,0.9126984126984127,0.030555555555555555,0.08695652173913045,0.08695652173913045,0.08,0.4095239276666087,0.403125,0.05555555555555555,0.0,0.1342281879194631,0.9375,0.05555555555555555
108,108_IM-0056-1001.dcm.png,Frontal,Lung/hypoinflation;Markings/lung/hilum,Lung;Markings,CHEST 2V FRONTAL/LATERAL ,XXXX x3 weeks and history of bronchitis,,The heart is normal in size. The mediastinum is Within normal limits the lungs are hypoinflated. There is mild increase in perihilar markings XXXX related to patient's history bronchitis. No acute infiltrate or pleural effusion are seen.,Low lung volumes with increased lung markings particularly in the left perihilar region XXXX related to history of bronchitis. No acute infiltrate.,/home/20213144/.cache/kagglehub/datasets/raddar/chest-xrays-indiana-university/versions/2/images/images_normalized/108_IM-0056-1001.dcm.png,Findings: The chest X-ray shows bilateral hilar prominence and a left-sided pleural effusion.,"Findings: The chest X-ray shows bilateral hilar lymphadenopathy, which means there is enlargement of the lymph nodes in the hilar region of both lungs.",0.07692307692307691,0.07692307692307691,0.06896551724137931,0.3861467161262633,0.5,0.030555555555555555,0.0,0.14864864864864866,0.9126984126984127,0.030555555555555555,0.07692307692307691,0.07692307692307691,0.06896551724137931,0.369081301462601,0.403125,0.05555555555555555,0.0,0.1342281879194631,0.9375,0.05555555555555555
110,110_IM-0067-1001.dcm.png,Frontal,normal,normal,"Chest, 2 views, frontal and lateral",Preoperative bariatric surgery.,"XXXX, XXXX",Cardiac and mediastinal contours are within normal limits. The lungs are clear. Bony structures are intact.,Negative preoperative chest x-XXXX.,/home/20213144/.cache/kagglehub/datasets/raddar/chest-xrays-indiana-university/versions/2/images/images_normalized/110_IM-0067-1001.dcm.png,Findings: The chest X-ray shows bilateral hilar prominence and a left-sided pleural effusion.,"Findings: The chest X-ray shows bilateral hilar lymphadenopathy, which means there is enlargement of the lymph nodes in the hilar region of both lungs.",0.0,0.0,0.0,0.2655033367055788,0.5,0.030555555555555555,0.0,0.14864864864864866,0.9126984126984127,0.030555555555555555,0.10526315789473684,0.10526315789473684,0.09523809523809522,0.3397123841638323,0.403125,0.05555555555555555,0.0,0.1342281879194631,0.9375,0.05555555555555555
111,111_IM-0076-1001.dcm.png,Frontal,"Pleural Effusion/right;Lung Diseases, Interstitial/chronic","Pleural Effusion;Lung Diseases, Interstitial",Not Available.,recent onset increased SOB,,,Unchanged loculated right pleural fusion. No change chronic interstitial lung disease.,/home/20213144/.cache/kagglehub/datasets/raddar/chest-xrays-indiana-university/versions/2/images/images_normalized/111_IM-0076-1001.dcm.png,Findings: The chest X-ray shows bilateral hilar prominence and a left-sided pleural effusion.,"Findings: The chest X-ray shows bilateral hilar lymphadenopathy, which means there is enlargement of the lymph nodes in the region where the bronchi enter the lungs, on both sides.",0.13333333333333333,0.13333333333333333,0.13333333333333333,0.34733148096134764,0.5,0.030555555555555555,0.0,0.14864864864864866,0.9126984126984127,0.030555555555555555,0.0,0.0,0.0,0.25134348180595467,0.403125,0.05555555555555555,0.0,0.1342281879194631,0.9375,0.05555555555555555
112,112_IM-0080-1001.dcm.png,Frontal,"Spinal Fusion/cervical vertebrae;Lung/hyperdistention;Diaphragm/flattened;Pulmonary Disease, Chronic Obstructive;Spine/degenerative","Spinal Fusion;Lung;Diaphragm;Pulmonary Disease, Chronic Obstructive;Spine","PA and lateral views of the chest XXXX, XXXX XXXX XXXX ",PT C/O INCREASED SHORTNESS OF BREATH,,Previous lower spine cervical fusion. Lungs are overall hyperexpanded with flattening of the diaphragms consistent with obstructive lung disease. Lungs are clear without focal consolidation. No pleural effusions or pneumothoraces. Heart and mediastinum of normal size and contour. Degenerative changes in the spine.,Hyperexpanded but clear lungs.,/home/20213144/.cache/kagglehub/datasets/raddar/chest-xrays-indiana-university/versions/2/images/images_normalized/112_IM-0080-1001.dcm.png,Findings: The chest X-ray shows bilateral hilar prominence and a left-sided pleural effusion.,Findings: The chest X-ray shows bilateral hilar prominence and a left-sided pleural effusion.,0.0625,0.0625,0.05555555555555555,0.39211678474598405,0.5,0.030555555555555555,0.0,0.14864864864864866,0.9126984126984127,0.030555555555555555,0.0625,0.0625,0.05555555555555555,0.39211678474598405,0.403125,0.05555555555555555,0.0,0.1342281879194631,0.9375,0.05555555555555555
113,113_IM-0086-1001.dcm.png,Frontal,Opacity/lung/right;Density/lung/right;Nodule/lung/right,Opacity;Density;Nodule,PA and lateral views of chest performed on XXXX at XXXX. ,Chest pain.,None.,"The heart and mediastinum are unremarkable. There are two subcentimeter hyperdense nodular opacities are noted within the right lung. These may represent XXXX on end or alternatively, calcified granulomas. The lungs are clear without infiltrate. There is no effusion or pneumothorax.",1. No acute cardiopulmonary disease.,/home/20213144/.cache/kagglehub/datasets/raddar/chest-xrays-indiana-university/versions/2/images/images_normalized/113_IM-0086-1001.dcm.png,Findings: The chest X-ray shows bilateral hilar prominence and a left-sided pleural effusion.,Findings: The chest X-ray shows bilateral hilar prominence and a left-sided pleural effusion.,0.0,0.0,0.0,0.3064460666424945,0.5,0.030555555555555555,0.0,0.14864864864864866,0.9126984126984127,0.030555555555555555,0.0,0.0,0.0,0.3064460666424945,0.403125,0.05555555555555555,0.0,0.1342281879194631,0.9375,0.05555555555555555
114,114_IM-0096-1001.dcm.png,Frontal,normal,normal,"Chest x-XXXX XXXX and lateral, XXXX",XXXX-year-old female with asthma.,,The heart size and mediastinal silhouette are within normal limits. No pneumothorax or pleural effusions. The lungs are clear. No focal consolidations. The osseous structures are intact.,No acute cardiopulmonary abnormalities.,/home/20213144/.cache/kagglehub/datasets/raddar/chest-xrays-indiana-university/versions/2/images/images_normalized/114_IM-0096-1001.dcm.png,"Findings: The chest X-ray shows bilateral hilar prominence, which is an enlargement or increased visibility of the hilum on both sides of the lungs.","Findings: The chest X-ray shows bilateral hilar lymphadenopathy, which means there is enlargement of the lymph nodes in the hilar region of both lungs.",0.0,0.0,0.0,0.45391833563795525,0.5,0.030555555555555555,0.0,0.14864864864864866,0.9126984126984127,0.030555555555555555,0.07692307692307691,0.07692307692307691,0.07407407407407407,0.3490337783370797,0.403125,0.05555555555555555,0.0,0.1342281879194631,0.9375,0.05555555555555555
115,115_IM-0102-1001.dcm.png,Frontal,"Lung/hyperdistention;Pulmonary Disease, Chronic Obstructive","Lung;Pulmonary Disease, Chronic Obstructive",Xray Chest PA and Lateral,Right arm pain since this XXXX.,,The lungs are clear. There is hyperinflation of the lungs. There is no pleural effusion or pneumothorax. The heart and mediastinum are normal. The skeletal structures are normal.,COPD. No acute pulmonary disease.,/home/20213144/.cache/kagglehub/datasets/raddar/chest-xrays-indiana-university/versions/2/images/images_normalized/115_IM-0102-1001.dcm.png,"Findings: The chest X-ray shows bilateral hilar prominence, which is an enlargement or increased visibility of the hilum on both sides of the lungs.","Findings: The chest X-ray shows bilateral hilar prominence, which is an enlargement or increased visibility of the hilum on both sides of the lungs.",0.0,0.0,0.0,0.4956714252984513,0.5,0.030555555555555555,0.0,0.14864864864864866,0.9126984126984127,0.030555555555555555,0.0,0.0,0.0,0.4956714252984513,0.403125,0.05555555555555555,0.0,0.1342281879194631,0.9375,0.05555555555555555
116,116_IM-0107-1001.dcm.png,Frontal,Calcified Granuloma/lung/base/left/small,Calcified Granuloma,"Chest x-XXXX AP and lateral, 2 views. ",Chest pain.,"CT chest from 2, 23, XXXX.","Stable postsurgical changes. Heart XXXX, mediastinum and lung XXXX are unremarkable. Stable calcified small granuloma in left base.",No radiographic evidence of acute cardiopulmonary disease,/home/20213144/.cache/kagglehub/datasets/raddar/chest-xrays-indiana-university/versions/2/images/images_normalized/116_IM-0107-1001.dcm.png,"Findings: The chest X-ray shows bilateral hilar prominence, which is an enlargement or increased visibility of the hilum on both sides of the lungs.","Findings: The chest X-ray shows a homogenous opacity in the right hemithorax. This means that there is an area of increased density in the right side of the chest, which could be due to various reasons such as fluid accumulation, infection, or other lung abnormalities.",0.0,0.0,0.0,0.380911701196392,0.5,0.030555555555555555,0.0,0.14864864864864866,0.9126984126984127,0.030555555555555555,0.09090909090909091,0.09090909090909091,0.07999999999999999,0.3349437089381875,0.403125,0.05555555555555555,0.0,0.1342281879194631,0.9375,0.05555555555555555
117,117_IM-0114-2002.dcm.png,Frontal,normal,normal,Xray Chest PA and Lateral,",174.9 breast cancer. XXXX XXXX.",,,"Comparison XXXX, XXXX. No suspicious appearing lung nodules. Well-expanded and clear lungs. Mediastinal contour within normal limits. No acute cardiopulmonary abnormality identified. Stable chest.",/home/20213144/.cache/kagglehub/datasets/raddar/chest-xrays-indiana-university/versions/2/images/images_normalized/117_IM-0114-2002.dcm.png,"Findings: The chest X-ray shows bilateral hilar prominence, which is an enlargement or increased visibility of the hilum on both sides of the lungs.","Findings: The chest X-ray shows bilateral hilar prominence, which is an enlargement or increased visibility of the hilum on both sides of the lungs.",0.0,0.0,0.0,0.526596254812918,0.5,0.030555555555555555,0.0,0.14864864864864866,0.9126984126984127,0.030555555555555555,0.0,0.0,0.0,0.526596254812918,0.403125,0.05555555555555555,0.0,0.1342281879194631,0.9375,0.05555555555555555
118,118_IM-0123-1001.dcm.png,Frontal,Airspace Disease/lung/middle lobe/right/focal,Airspace Disease,Xray Chest PA and Lateral,XXXX year old with a XXXX.,None.,The heart is normal in size and contour. There is focal airspace disease in the right middle lobe. There is no pneumothorax or effusion.,Focal airspace disease in the right middle lobe. This is most concerning for pneumonia. Recommend follow up to ensure resolution.,/home/20213144/.cache/kagglehub/datasets/raddar/chest-xrays-indiana-university/versions/2/images/images_normalized/118_IM-0123-1001.dcm.png,"Findings: The chest X-ray shows bilateral hilar prominence, which is an enlargement or increased visibility of the hilum on both sides of the lungs.",Findings: The chest X-ray shows bilateral hilar prominence and a left-sided pleural effusion.,0.0,0.0,0.0,0.4045488158351638,0.5,0.030555555555555555,0.0,0.14864864864864866,0.9126984126984127,0.030555555555555555,0.0,0.0,0.0,0.3911932297770395,0.403125,0.05555555555555555,0.0,0.1342281879194631,0.9375,0.05555555555555555
119,119_IM-0128-1001.dcm.png,Frontal,normal,normal,Xray Chest PA and Lateral,Right arm numbness. Right-sided chest pain for 2 XXXX. XXXX for 7 years. The patient's lower abdomen was shielded for this exam.,"XXXX, XXXX.","Frontal and lateral views of the chest show normal size and configuration of the cardiac silhouette. Normal mediastinal contour, pulmonary XXXX and vasculature, central airways and lung volumes. No pleural effusion.","No acute or active cardiac, pulmonary or pleural disease.",/home/20213144/.cache/kagglehub/datasets/raddar/chest-xrays-indiana-university/versions/2/images/images_normalized/119_IM-0128-1001.dcm.png,"Findings: The chest X-ray shows bilateral hilar prominence, which is an enlargement or increased visibility of the hilum on both sides of the lungs.","Findings: The chest X-ray shows bilateral hilar prominence, which is an enlargement or increased visibility of the hilum on both sides of the lungs.",0.0,0.0,0.0,0.4107373661611949,0.5,0.030555555555555555,0.0,0.14864864864864866,0.9126984126984127,0.030555555555555555,0.0,0.0,0.0,0.4107373661611949,0.403125,0.05555555555555555,0.0,0.1342281879194631,0.9375,0.05555555555555555
120,120_IM-0133-1001.dcm.png,Frontal,Lung/bilateral/hypoinflation;Markings/bronchovascular;Thoracic Vertebrae/degenerative,Lung;Markings;Thoracic Vertebrae,Xray Chest PA and Lateral,XXXX-year-old male with syncope.,Chest XXXX.,"Low lung volumes bilaterally with central bronchovascular crowding without focal consolidation, pleural effusion, or pneumothoraces.. Cardiomediastinal silhouette is within normal limits. Degenerative changes of the thoracic spine..",Low lung volumes bilaterally with central bronchovascular crowding without focal cardiopulmonary disease. .,/home/20213144/.cache/kagglehub/datasets/raddar/chest-xrays-indiana-university/versions/2/images/images_normalized/120_IM-0133-1001.dcm.png,"Findings: The chest X-ray shows bilateral hilar prominence, which is an enlargement or increased visibility of the hilum on both sides of the lungs.","Findings: The chest X-ray shows bilateral hilar prominence, which is an enlargement or increased visibility of the hilum on both sides of the lungs.",0.0,0.0,0.0,0.3889997836823018,0.5,0.030555555555555555,0.0,0.14864864864864866,0.9126984126984127,0.030555555555555555,0.0,0.0,0.0,0.3889997836823018,0.403125,0.05555555555555555,0.0,0.1342281879194631,0.9375,0.05555555555555555
121,121_IM-0142-1001.dcm.png,Frontal,normal,normal,"PA and lateral chest x-XXXX, XXXX, XXXX p.m.","Correlation with ventilation/perfusion scan, chest pain, elevated CCK levels.",None.,Heart size and vascularity normal. Lungs are clear. No effusions. No pneumothorax. Visualized osseous structures unremarkable.,Normal chest.,/home/20213144/.cache/kagglehub/datasets/raddar/chest-xrays-indiana-university/versions/2/images/images_normalized/121_IM-0142-1001.dcm.png,Findings: The chest X-ray shows bilateral hilar prominence and a left-sided pleural effusion.,Findings: The chest X-ray shows bilateral hilar prominence and a left-sided pleural effusion.,0.0,0.0,0.0,0.3769615416823906,0.5,0.030555555555555555,0.0,0.14864864864864866,0.9126984126984127,0.030555555555555555,0.0,0.0,0.0,0.3769615416823906,0.403125,0.05555555555555555,0.0,0.1342281879194631,0.9375,0.05555555555555555
122,122_IM-0147-0001-0001.dcm.png,Frontal,Cicatrix/lung/lingula/mild,Cicatrix,Xray Chest PA and Lateral,TRANSPLANT/ EKG,,,"No comparison chest x-XXXX. Minimal lingular scarring. Overall, Well-expanded and clear lungs. Mediastinal contour within normal limits. No acute cardiopulmonary abnormality identified.",/home/20213144/.cache/kagglehub/datasets/raddar/chest-xrays-indiana-university/versions/2/images/images_normalized/122_IM-0147-0001-0001.dcm.png,"Findings: The chest X-ray shows bilateral hilar prominence, which is an enlargement or increased visibility of the hilum on both sides of the lungs.",Findings: The chest X-ray shows bilateral hilar prominence and a left-sided pleural effusion.,0.0,0.0,0.0,0.4750281102550685,0.5,0.030555555555555555,0.0,0.14864864864864866,0.9126984126984127,0.030555555555555555,0.0,0.0,0.0,0.3377565706531627,0.403125,0.05555555555555555,0.0,0.1342281879194631,0.9375,0.05555555555555555
123,123_IM-0153-4004.dcm.png,Frontal,Cardiomegaly/mild;Aorta/tortuous;Density/lung/apex/right;Opacity/lung/apex/right,Cardiomegaly;Aorta;Density;Opacity,Xray Chest PA and Lateral ,Frequent XXXX.,None available.,Mild cardiomegaly. Tortuous aorta. No focal infiltrate. No pneumothorax or large pleural effusion. Soft tissue density identified in the medial right apex which is asymmetric compared to left.,Asymmetric right medial apical opacity which may be attributable to the sternoclavicular joint. Upper lobe airspace disease or pulmonary nodule is not entirely excluded. Recommend XXXX XXXX chest and apical lordotic view of the chest to further evaluate. Findings and recommendations were discussed XXXX. XXXX in the XXXX department at XXXX a.m. XXXX/XXXX.,/home/20213144/.cache/kagglehub/datasets/raddar/chest-xrays-indiana-university/versions/2/images/images_normalized/123_IM-0153-4004.dcm.png,Findings: The chest X-ray shows bilateral hilar prominence and a left-sided pleural effusion.,Findings: The chest X-ray shows bilateral hilar prominence and a left-sided pleural effusion.,0.058823529411764705,0.058823529411764705,0.05555555555555555,0.4116502145708601,0.5,0.030555555555555555,0.0,0.14864864864864866,0.9126984126984127,0.030555555555555555,0.058823529411764705,0.058823529411764705,0.05555555555555555,0.4116502145708601,0.403125,0.05555555555555555,0.0,0.1342281879194631,0.9375,0.05555555555555555
124,124_IM-0161-4004.dcm.png,Frontal,Pleural Effusion/left/large;Lung/left/hypoinflation;Pleural Effusion/right/small;Markings/lung/right/bronchovascular;Pulmonary Congestion/right,Pleural Effusion;Lung;Pleural Effusion;Markings;Pulmonary Congestion,Xray Chest PA and Lateral,"XXXX-year-old female, short of breath, hypoxia",,,"Large left pleural effusion with minimal residual left lung aeration. Small right pleural effusion. Right lung bronchovascular crowding and indistinct vascular margination which may be secondary to crowding, infiltrates or pulmonary edema. Limited assessment of heart size due to obscured heart XXXX.",/home/20213144/.cache/kagglehub/datasets/raddar/chest-xrays-indiana-university/versions/2/images/images_normalized/124_IM-0161-4004.dcm.png,"Findings: The chest X-ray shows bilateral diffuse reticular opacities. Reticular opacities are a pattern of interlacing lines that can be seen in the lung fields, and they may indicate various lung conditions, such as infections, interstitial lung diseases, or other pulmonary disorders.","Findings: The chest X-ray shows bilateral diffuse reticular opacities. Reticular opacities are a pattern of interlacing lines that can be seen in the lung fields, and they may indicate various lung conditions, such as infections, interstitial lung diseases, or other pulmonary disorders.",0.10810810810810811,0.10526315789473685,0.09302325581395349,0.39204400084559893,0.5,0.030555555555555555,0.0,0.14864864864864866,0.9126984126984127,0.030555555555555555,0.10810810810810811,0.10526315789473685,0.09302325581395349,0.39204400084559893,0.403125,0.05555555555555555,0.0,0.1342281879194631,0.9375,0.05555555555555555
125,125_IM-0169-1001.dcm.png,Frontal,No Indexing,No Indexing,Xray Chest PA and Lateral,LYMPHOMA BMT W/U LAB;,XXXX,The heart is normal in size. The mediastinum is stable. XXXX sternotomy changes are again noted. The lungs are clear of focal infiltrates. There is no pleural effusion.,No acute disease.,/home/20213144/.cache/kagglehub/datasets/raddar/chest-xrays-indiana-university/versions/2/images/images_normalized/125_IM-0169-1001.dcm.png,"Findings: The chest X-ray shows bilateral hilar prominence, which is an enlargement or increased visibility of the hilum on both sides of the lungs.","Findings: The chest X-ray shows bilateral hilar prominence, which is an enlargement or increased visibility of the hilum on both sides of the lungs.",0.0,0.0,0.0,0.4116258841518829,0.5,0.030555555555555555,0.0,0.14864864864864866,0.9126984126984127,0.030555555555555555,0.0,0.0,0.0,0.4116258841518829,0.403125,0.05555555555555555,0.0,0.1342281879194631,0.9375,0.05555555555555555
126,126_IM-0176-2002.dcm.png,Frontal,Opacity/lung/base/left;Atherosclerosis;Thoracic Vertebrae/degenerative,Opacity;Atherosclerosis;Thoracic Vertebrae,PA and LAT view CHEST XXXX,Shortness of breath,XXXX,Vague increased opacity which appears to be within the left lower lobe. Question of this could be developing or resolving pneumonia. Lungs are otherwise clear. No pleural effusions or pneumothoraces. heart and mediastinum are stable normal size heart. Atherosclerotic vascular disease. Degenerative changes in the thoracic spine.,Vague opacity at the left lung base which appears to be within the left lower lobe. This may represent resolving or developing pneumonia given the patient's history.,/home/20213144/.cache/kagglehub/datasets/raddar/chest-xrays-indiana-university/versions/2/images/images_normalized/126_IM-0176-2002.dcm.png,"Findings: The chest X-ray shows bilateral hilar prominence, which is an enlargement or increased visibility of the hilum on both sides of the lungs.","Findings: The chest X-ray shows bilateral hilar prominence, which is an enlargement or increased visibility of the hilum on both sides of the lungs.",0.0,0.0,0.0,0.49528141910890683,0.5,0.030555555555555555,0.0,0.14864864864864866,0.9126984126984127,0.030555555555555555,0.0,0.0,0.0,0.49528141910890683,0.403125,0.05555555555555555,0.0,0.1342281879194631,0.9375,0.05555555555555555
127,127_IM-0181-1001.dcm.png,Frontal,Calcified Granuloma/lung/base/left,Calcified Granuloma,PA and Lateral Chest Radiograph ,very mild episodes of dyspnea over XXXX year with L shoulder injury,None.,"Heart size and mediastinal contour within normal limits. Calcified granuloma in the left lung base. No focal airspace consolidation, pneumothorax, or large pleural effusion. No acute osseous abnormality.",No acute cardiopulmonary abnormality.,/home/20213144/.cache/kagglehub/datasets/raddar/chest-xrays-indiana-university/versions/2/images/images_normalized/127_IM-0181-1001.dcm.png,"Findings: The chest X-ray shows bilateral hilar prominence, which is an enlargement or increased visibility of the hilum on both sides of the lungs.","Findings: The chest X-ray shows bilateral hilar lymphadenopathy, which means there is enlargement of the lymph nodes in the region where the bronchi enter the lungs.",0.0,0.0,0.0,0.3827554027672112,0.5,0.030555555555555555,0.0,0.14864864864864866,0.9126984126984127,0.030555555555555555,0.0,0.0,0.0,0.309584156750052,0.403125,0.05555555555555555,0.0,0.1342281879194631,0.9375,0.05555555555555555
128,128_IM-0186-82592001.dcm.png,Frontal,Granulomatous Disease;Lung/hyperdistention;Diaphragm/flattened;Markings/lung/lower lobe/interstitial/prominent;Atherosclerosis;Thoracic Vertebrae/degenerative,Granulomatous Disease;Lung;Diaphragm;Markings;Atherosclerosis;Thoracic Vertebrae,"PA and LAT view CHEST XXXX, XXXX XXXX PM",Recent XXXX loss.,XXXX,Sequelae of old granulomatous disease. Lungs are overall hyperexpanded with flattening of the diaphragms. No focal consolidation. Prominent interstitial markings are again noted which are predominantly lower lobe and peripheral suggesting pulmonary fibrosis. This appearance is overall not significantly XXXX. No pleural effusions or pneumothoraces. heart and mediastinum are stable with atherosclerotic vascular disease. Degenerative changes in the thoracic spine.,1. Overall stable appearance of the chest suggesting pulmonary fibrosis.,/home/20213144/.cache/kagglehub/datasets/raddar/chest-xrays-indiana-university/versions/2/images/images_normalized/128_IM-0186-82592001.dcm.png,"Findings: The chest X-ray shows bilateral hilar prominence, which is an enlargement or increased visibility of the hilum on both sides of the lungs.",Findings: The chest X-ray shows a right-sided pleural effusion.,0.0,0.0,0.0,0.49349044740594555,0.5,0.030555555555555555,0.0,0.14864864864864866,0.9126984126984127,0.030555555555555555,0.06666666666666667,0.06451612903225806,0.05714285714285714,0.4702109225002444,0.403125,0.05555555555555555,0.0,0.1342281879194631,0.9375,0.05555555555555555
129,129_IM-0189-1001.dcm.png,Frontal,normal,normal,PA and lateral chest x-XXXX XXXX at XXXX hours. ,Hemoptysis,None available,"The cardiomediastinal silhouette is within normal limits for size and contour. The lungs are normally inflated without evidence of focal airspace disease, pleural effusion, or pneumothorax. Osseous structures are within normal limits for patient age..",1. No acute radiographic cardiopulmonary process.,/home/20213144/.cache/kagglehub/datasets/raddar/chest-xrays-indiana-university/versions/2/images/images_normalized/129_IM-0189-1001.dcm.png,"Findings: The chest X-ray shows bilateral hilar prominence, which is an enlargement or increased visibility of the hilum on both sides of the lungs.",Findings: The chest X-ray shows bilateral hilar prominence and a left-sided pleural effusion.,0.0,0.0,0.0,0.4116433227338398,0.5,0.030555555555555555,0.0,0.14864864864864866,0.9126984126984127,0.030555555555555555,0.07692307692307691,0.07407407407407407,0.06896551724137931,0.296356171288523,0.403125,0.05555555555555555,0.0,0.1342281879194631,0.9375,0.05555555555555555
131,131_IM-0202-1001.dcm.png,Frontal,Calcified Granuloma/lung/middle lobe/right;Surgical Instruments/right,Calcified Granuloma;Surgical Instruments,Xray Chest PA and Lateral,Left-sided chest pain for 2 days.,,There is a calcified granuloma in the right midlung zone. Lungs are otherwise clear. There is no pleural effusion or pneumothorax. The heart and mediastinum are normal. The skeletal structures are normal. Surgical clips are present in the right upper quadrant.,No acute pulmonary disease.,/home/20213144/.cache/kagglehub/datasets/raddar/chest-xrays-indiana-university/versions/2/images/images_normalized/131_IM-0202-1001.dcm.png,"Findings: The chest X-ray shows bilateral hilar prominence, which is an enlargement or increased visibility of the hilum on both sides of the lungs.","Findings: The chest X-ray shows bilateral hilar prominence, which is an enlargement or increased visibility of the hilum on both sides of the lungs.",0.0,0.0,0.0,0.40987996014391426,0.5,0.030555555555555555,0.0,0.14864864864864866,0.9126984126984127,0.030555555555555555,0.0,0.0,0.0,0.40987996014391426,0.403125,0.05555555555555555,0.0,0.1342281879194631,0.9375,0.05555555555555555
132,132_IM-0206-1001.dcm.png,Frontal,"Aorta, Thoracic/tortuous","Aorta, Thoracic","PA and lateral chest x-XXXX dated XXXX, XXXX at XXXX a.m. ",XXXX-year-old woman with chest pain.,None.,"The lungs are clear bilaterally. Specifically, no evidence of focal consolidation, pneumothorax, or pleural effusion. Cardiomediastinal silhouette is unremarkable. Tortuosity of the thoracic aorta. Visualized osseous structures of the thorax are without acute abnormality.",No acute cardiopulmonary abnormality.,/home/20213144/.cache/kagglehub/datasets/raddar/chest-xrays-indiana-university/versions/2/images/images_normalized/132_IM-0206-1001.dcm.png,"Findings: The chest X-ray shows bilateral hilar prominence, which is an enlargement or increased visibility of the hilum on both sides of the lungs.","Findings: The chest X-ray shows bilateral hilar lymphadenopathy, which means there is enlargement of the lymph nodes in the hilar region of both lungs.",0.0,0.0,0.0,0.4395132100766858,0.5,0.030555555555555555,0.0,0.14864864864864866,0.9126984126984127,0.030555555555555555,0.08,0.08,0.07407407407407407,0.41086141842017865,0.403125,0.05555555555555555,0.0,0.1342281879194631,0.9375,0.05555555555555555
133,133_IM-0212-1001.dcm.png,Frontal,normal,normal,Xray Chest PA and Lateral,XXXX BMT W/U;,,The heart is normal in size. The mediastinum is unremarkable. The lungs are clear.,No acute disease.,/home/20213144/.cache/kagglehub/datasets/raddar/chest-xrays-indiana-university/versions/2/images/images_normalized/133_IM-0212-1001.dcm.png,"Findings: The chest X-ray shows bilateral hilar prominence, which is an enlargement or increased visibility of the hilum on both sides of the lungs.","Findings: The chest X-ray shows bilateral hilar lymphadenopathy, which means there is enlargement of the lymph nodes in the hilar region of both lungs.",0.0,0.0,0.0,0.42301564641574985,0.5,0.030555555555555555,0.0,0.14864864864864866,0.9126984126984127,0.030555555555555555,0.13333333333333333,0.13333333333333333,0.13333333333333333,0.37525220631846345,0.403125,0.05555555555555555,0.0,0.1342281879194631,0.9375,0.05555555555555555
134,134_IM-0219-1001.dcm.png,Frontal,Calcified Granuloma/lung/middle lobe/right;Calcified Granuloma/lung/upper lobe/right,Calcified Granuloma;Calcified Granuloma," CHEST 2V FRONTAL/LATERAL XXXX, XXXX XXXX PM ","XXXX, wheezing, copd, XXXX, edema","XXXX, XXXX.",Calcified granulomata are present in the right middle lobe and right upper lobe. These are unchanged since the previous examination. Both lungs are free of active infiltrates. Heart size normal.,No active disease.,/home/20213144/.cache/kagglehub/datasets/raddar/chest-xrays-indiana-university/versions/2/images/images_normalized/134_IM-0219-1001.dcm.png,Findings: The chest X-ray shows bilateral hilar prominence and a left-sided pleural effusion.,Findings: The chest X-ray shows bilateral hilar prominence and a left-sided pleural effusion.,0.0,0.0,0.0,0.2967555663466741,0.5,0.030555555555555555,0.0,0.14864864864864866,0.9126984126984127,0.030555555555555555,0.0,0.0,0.0,0.2967555663466741,0.403125,0.05555555555555555,0.0,0.1342281879194631,0.9375,0.05555555555555555
135,135_IM-0227-1001.dcm.png,Frontal,normal,normal,"Chest 2 views XXXX, XXXX",Chest pain,,"The lungs are grossly clear without focal pneumonic consolidation, large effusion or pneumothorax. Heart size is within normal limits.",Clear lungs,/home/20213144/.cache/kagglehub/datasets/raddar/chest-xrays-indiana-university/versions/2/images/images_normalized/135_IM-0227-1001.dcm.png,Findings: The chest X-ray shows hyperinflation of the right lung.,Findings: The chest X-ray shows bilateral hilar prominence and a left-sided pleural effusion.,0.0,0.0,0.0,0.42664027355065737,0.5,0.030555555555555555,0.0,0.14864864864864866,0.9126984126984127,0.030555555555555555,0.0,0.0,0.0,0.25165355168807263,0.403125,0.05555555555555555,0.0,0.1342281879194631,0.9375,0.05555555555555555
136,136_IM-0233-1001.dcm.png,Frontal,normal,normal, PA and lateral chest. ,chest pain,None.,"Heart size normal. Lungs are clear. XXXX are normal. No pneumonia, effusions, edema, pneumothorax, adenopathy, nodules or masses.",Normal chest,/home/20213144/.cache/kagglehub/datasets/raddar/chest-xrays-indiana-university/versions/2/images/images_normalized/136_IM-0233-1001.dcm.png,"Findings: The chest X-ray shows bilateral hilar prominence, which is an enlargement or increased visibility of the hilum on both sides of the lungs.",Findings: The chest X-ray shows bilateral hilar prominence and a left-sided pleural effusion.,0.0,0.0,0.0,0.45220318883154165,0.5,0.030555555555555555,0.0,0.14864864864864866,0.9126984126984127,0.030555555555555555,0.0,0.0,0.0,0.2955805017339323,0.403125,0.05555555555555555,0.0,0.1342281879194631,0.9375,0.05555555555555555
138,138_IM-0244-1001.dcm.png,Frontal,normal,normal,"Chest, 2 views, frontal and lateral",Preop bariatric surgery,"XXXX, XXXX",Cardiac and mediastinal contours are within normal limits. The lungs are clear. Bony structures are intact.,No acute preoperative findings.,/home/20213144/.cache/kagglehub/datasets/raddar/chest-xrays-indiana-university/versions/2/images/images_normalized/138_IM-0244-1001.dcm.png,"Findings: The chest X-ray shows bilateral hilar prominence, which is an enlargement or increased visibility of the hilum on both sides of the lungs.",Findings: The chest X-ray shows bilateral hilar prominence and a left-sided pleural effusion.,0.0,0.0,0.0,0.3955818925677924,0.5,0.030555555555555555,0.0,0.14864864864864866,0.9126984126984127,0.030555555555555555,0.0,0.0,0.0,0.26570156647568344,0.403125,0.05555555555555555,0.0,0.1342281879194631,0.9375,0.05555555555555555
139,139_IM-0248-1001.dcm.png,Frontal,"Cardiac Shadow/enlarged/mild;Opacity/supracardiac;Aorta, Thoracic/tortuous;Calcinosis/aorta, thoracic;Lung/hyperdistention;Diaphragm/bilateral/flattened;Thoracic Vertebrae/degenerative/severe;Cardiomegaly/mild;Pulmonary Disease, Chronic Obstructive","Cardiac Shadow;Opacity;Aorta, Thoracic;Calcinosis;Lung;Diaphragm;Thoracic Vertebrae;Cardiomegaly;Pulmonary Disease, Chronic Obstructive","Chest radiograph examination 2 views performed XXXX, XXXX at XXXX.",XXXX-year-old female with shortness of breath.,None available.,"The cardiac silhouette is mildly enlarged. A lobulated opacity is identified superior to the heart, in the anterior mediastinum on the lateral view, possibly consistent with a tortuous/ectatic thoracic aorta versus an anterior mediastinal mass. The thoracic aorta is tortuous and calcified. No focal areas of pulmonary consolidation. The lungs are hyperexpanded with flattening of the bilateral hemidiaphragms. No pneumothorax or pleural effusion. Severe degenerative changes of the thoracic spine.","1. Lobulated anterior mediastinal opacity on the lateral view, possibly consistent with a tortuous/ectatic thoracic aorta versus an anterior mediastinal mass. Contrast-enhanced XXXX examination would XXXX to further evaluate if clinically indicated. 2. Mild cardiomegaly with findings of chronic obstructive pulmonary disease.",/home/20213144/.cache/kagglehub/datasets/raddar/chest-xrays-indiana-university/versions/2/images/images_normalized/139_IM-0248-1001.dcm.png,"Findings: The chest X-ray shows bilateral hilar prominence, which is an enlargement or increased visibility of the hilum on both sides of the lungs.",Findings: The chest X-ray shows bilateral hilar prominence and a left-sided pleural effusion.,0.0,0.0,0.0,0.4772749206951012,0.5,0.030555555555555555,0.0,0.14864864864864866,0.9126984126984127,0.030555555555555555,0.058823529411764705,0.058823529411764705,0.05263157894736842,0.43710860069029395,0.403125,0.05555555555555555,0.0,0.1342281879194631,0.9375,0.05555555555555555
141,141_IM-0260-1001.dcm.png,Frontal,normal,normal,PA and lateral chest radiograph on XXXX at 20: 26 hours. ,XXXX-year-old XXXX with shortness of breath.,XXXX.,"Cardiac size, mediastinal contour, and pulmonary vascularity are within normal limits. No focal consolidation, suspicious pulmonary opacity, pleural effusion, or pneumothorax. The visualized osseous structures appear intact.",No acute cardiopulmonary abnormalities.,/home/20213144/.cache/kagglehub/datasets/raddar/chest-xrays-indiana-university/versions/2/images/images_normalized/141_IM-0260-1001.dcm.png,"Findings: The chest X-ray shows bilateral hilar prominence, which is an enlargement or increased visibility of the hilum on both sides of the lungs.","Findings: The chest X-ray shows bilateral hilar prominence, which is an enlargement or increased visibility of the hilum on both sides of the lungs.",0.0,0.0,0.0,0.36287922530473854,0.5,0.030555555555555555,0.0,0.14864864864864866,0.9126984126984127,0.030555555555555555,0.0,0.0,0.0,0.36287922530473854,0.403125,0.05555555555555555,0.0,0.1342281879194631,0.9375,0.05555555555555555
142,142_IM-0267-1001.dcm.png,Frontal,normal,normal,"Chest, 2 views, XXXX XXXX ",Screening for pulmonary tuberculosis,XXXX,Cardiomediastinal silhouette and pulmonary vasculature are stable and within normal limits. Lungs are clear. No pneumothorax or pleural effusion. No acute osseous findings.,"No acute cardiopulmonary findings. Specifically, no radiographic evidence of active tuberculosis.",/home/20213144/.cache/kagglehub/datasets/raddar/chest-xrays-indiana-university/versions/2/images/images_normalized/142_IM-0267-1001.dcm.png,"Findings: The chest X-ray shows bilateral hilar prominence, which is an enlargement or increased visibility of the hilum on both sides of the lungs.","Findings: The chest X-ray shows bilateral hilar prominence, which is an enlargement or increased visibility of the hilum on both sides of the lungs.",0.0,0.0,0.0,0.42060071946387345,0.5,0.030555555555555555,0.0,0.14864864864864866,0.9126984126984127,0.030555555555555555,0.0,0.0,0.0,0.42060071946387345,0.403125,0.05555555555555555,0.0,0.1342281879194631,0.9375,0.05555555555555555
143,143_IM-0276-1001.dcm.png,Frontal,"Granulomatous Disease;Calcinosis/lung/hilum/lymph nodes;Calcinosis/trachea, carina/lymph nodes",Granulomatous Disease;Calcinosis;Calcinosis,"PA and lateral chest XXXX, XXXX and T no 2 hours.",Preop back surgery.,,The lungs are clear. No pleural effusion is seen. The heart is normal. Calcified right hilar and infracarinal lymph XXXX are seen. The skeletal structures are normal.,Old granulomatous disease. No acute pulmonary disease.,/home/20213144/.cache/kagglehub/datasets/raddar/chest-xrays-indiana-university/versions/2/images/images_normalized/143_IM-0276-1001.dcm.png,Findings: The chest X-ray shows bilateral hilar prominence and a left-sided pleural effusion.,"Findings: The chest X-ray shows bilateral hilar lymphadenopathy, which means there is enlargement of the lymph nodes in the hilar region of both lungs.",0.1739130434782609,0.1739130434782609,0.15384615384615383,0.34003131208826093,0.5,0.030555555555555555,0.0,0.14864864864864866,0.9126984126984127,0.030555555555555555,0.1739130434782609,0.1739130434782609,0.15384615384615383,0.3630379387021009,0.403125,0.05555555555555555,0.0,0.1342281879194631,0.9375,0.05555555555555555
144,144_IM-0283-1001.dcm.png,Frontal,Lung/hypoinflation;Airspace Disease/lung/base/bilateral/patchy/mild;Pulmonary Atelectasis,Lung;Airspace Disease;Pulmonary Atelectasis,"PA and lateral views of the chest XXXX, XXXX XXXX PM ",XXXX,,Overall low lung volumes with mild patchy bibasilar airspace disease. This most XXXX represents atelectasis given the low lung volumes. No pleural effusions or pneumothoraces. Heart and mediastinum of normal size and contour.,Mild patchy bibasilar airspace disease most XXXX representing atelectasis given the low lung volumes.,/home/20213144/.cache/kagglehub/datasets/raddar/chest-xrays-indiana-university/versions/2/images/images_normalized/144_IM-0283-1001.dcm.png,Findings: The chest X-ray shows bilateral hilar prominence and a left-sided pleural effusion.,"Findings: The chest X-ray shows bilateral diffuse reticular opacities. Reticular opacities are a pattern of interlacing lines that can be seen in the lung fields, and they may indicate various lung conditions, such as infections, interstitial lung diseases, or other pulmonary disorders.",0.08,0.07407407407407407,0.0625,0.4325999244834076,0.5,0.030555555555555555,0.0,0.14864864864864866,0.9126984126984127,0.030555555555555555,0.0625,0.057142857142857134,0.04761904761904762,0.4831767649538721,0.403125,0.05555555555555555,0.0,0.1342281879194631,0.9375,0.05555555555555555
145,145_IM-0290-1001.dcm.png,Frontal,Costophrenic Angle/right/blunted;Pleural Effusion/right/large;Infiltrate/lung/lower lobe/left/patchy,Costophrenic Angle;Pleural Effusion;Infiltrate," CHEST 2V FRONTAL/LATERAL XXXX, XXXX XXXX PM ",dyspnea,,Right costophrenic XXXX is blunted. In the left lower lobe a patchy infiltrate is present. The pulmonary XXXX are normal.,Large right pleural effusion and patchy left lower lobe airspace disease.,/home/20213144/.cache/kagglehub/datasets/raddar/chest-xrays-indiana-university/versions/2/images/images_normalized/145_IM-0290-1001.dcm.png,Findings: The chest X-ray shows hyperinflation of the right lung.,Findings: The chest X-ray shows bilateral hilar prominence and a left-sided pleural effusion.,0.0,0.0,0.0,0.44027286778147295,0.5,0.030555555555555555,0.0,0.14864864864864866,0.9126984126984127,0.030555555555555555,0.16666666666666666,0.16666666666666666,0.16666666666666666,0.4959294904775773,0.403125,0.05555555555555555,0.0,0.1342281879194631,0.9375,0.05555555555555555
146,146_IM-0298-1001-0001.dcm.png,Frontal,Technical Quality of Image Unsatisfactory ;Lung/hypoinflation;Expansile Bone Lesions/ribs/right,Technical Quality of Image Unsatisfactory ;Lung;Expansile Bone Lesions,XR Chest PA and Lateral,"Mental status changes, and hospice for multiple myeloma",XXXX,,Heart size and mediastinal contour are stable and within normal limits allowing for rotation. Pulmonary vascularity is normal.&gt;] Lung volumes are low. No focal airspace disease or effusion. Expansile lesion of the right posterior 9th rib XXXX represents sequelae of known multiple myeloma.,/home/20213144/.cache/kagglehub/datasets/raddar/chest-xrays-indiana-university/versions/2/images/images_normalized/146_IM-0298-1001-0001.dcm.png,"Findings: The chest X-ray shows bilateral hilar prominence, which is an enlargement or increased visibility of the hilum on both sides of the lungs.","Findings: The chest X-ray shows bilateral hilar prominence, which is an enlargement or increased visibility of the hilum on both sides of the lungs.",0.0,0.0,0.0,0.3637146406300434,0.5,0.030555555555555555,0.0,0.14864864864864866,0.9126984126984127,0.030555555555555555,0.0,0.0,0.0,0.3637146406300434,0.403125,0.05555555555555555,0.0,0.1342281879194631,0.9375,0.05555555555555555
147,147_IM-0303-1001.dcm.png,Frontal,normal,normal,"PA and lateral views of the chest, XXXX, XXXX XXXX PM",Preprocedure evaluation prior to bone marrow transplant,,The lungs are clear. Heart and pulmonary XXXX appear normal. The pleural spaces are clear and mediastinal contours are normal. Nodular density overlying the anterior left 4th rib XXXX represents a healing rib fracture.,1. No acute cardiopulmonary disease,/home/20213144/.cache/kagglehub/datasets/raddar/chest-xrays-indiana-university/versions/2/images/images_normalized/147_IM-0303-1001.dcm.png,"Findings: The chest X-ray shows bilateral hilar prominence, which is an enlargement or increased visibility of the hilum on both sides of the lungs.","Findings: The chest X-ray shows bilateral hilar prominence, which is an enlargement or increased visibility of the hilum on both sides of the lungs.",0.0,0.0,0.0,0.4178883974732126,0.5,0.030555555555555555,0.0,0.14864864864864866,0.9126984126984127,0.030555555555555555,0.0,0.0,0.0,0.4178883974732126,0.403125,0.05555555555555555,0.0,0.1342281879194631,0.9375,0.05555555555555555
149,149_IM-0315-1001.dcm.png,Frontal,normal,normal, PA and lateral chest. ,XXXX dyspnea,None.,,Heart size normal. Lungs clear. No edema or effusions.,/home/20213144/.cache/kagglehub/datasets/raddar/chest-xrays-indiana-university/versions/2/images/images_normalized/149_IM-0315-1001.dcm.png,"Findings: The chest X-ray shows bilateral hilar prominence, which is an enlargement or increased visibility of the hilum on both sides of the lungs.","Findings: The chest X-ray shows a homogenous opacity in the right hemithorax. This means that there is an area of increased density in the right side of the chest, which could be due to various reasons such as fluid accumulation, infection, or a mass.",0.0,0.0,0.0,0.4412246931897883,0.5,0.030555555555555555,0.0,0.14864864864864866,0.9126984126984127,0.030555555555555555,0.0,0.0,0.0,0.4375910356598256,0.403125,0.05555555555555555,0.0,0.1342281879194631,0.9375,0.05555555555555555
150,150_IM-0325-0001-0001.dcm.png,Frontal,No Indexing,No Indexing,"PA and Lateral Chest: XXXX, XXXX at 952 XXXX",XXXX-year-old female without chest complaints. Allergic to TB test. Six months pregnant,,"Heart size, mediastinal contour, and pulmonary vascularity are within normal limits. No focal consolidation, suspicious pulmonary opacity, large pleural effusion, or pneumothorax is identified. Visualized osseous structures appear intact.",1. No acute cardiopulmonary abnormality. 2. No evidence of active or changes from chronic tuberculosis infection.,/home/20213144/.cache/kagglehub/datasets/raddar/chest-xrays-indiana-university/versions/2/images/images_normalized/150_IM-0325-0001-0001.dcm.png,"Findings: The chest X-ray shows bilateral hilar prominence, which is an enlargement or increased visibility of the hilum on both sides of the lungs.",Findings: The chest X-ray shows bilateral hilar prominence and a left-sided pleural effusion.,0.0,0.0,0.0,0.32000721238173374,0.5,0.030555555555555555,0.0,0.14864864864864866,0.9126984126984127,0.030555555555555555,0.07142857142857144,0.06896551724137931,0.06451612903225806,0.29528898825528155,0.403125,0.05555555555555555,0.0,0.1342281879194631,0.9375,0.05555555555555555
151,151_IM-0331-1001.dcm.png,Frontal,No Indexing,No Indexing, CHEST 2V FRONTAL/LATERAL XXXX,chest pain,"XXXX, XXXX.",The heart and lungs have XXXX XXXX in the interval. Both lungs are clear and expanded. Heart and mediastinum normal.,No active disease.,/home/20213144/.cache/kagglehub/datasets/raddar/chest-xrays-indiana-university/versions/2/images/images_normalized/151_IM-0331-1001.dcm.png,"Findings: The chest X-ray shows bilateral hilar prominence, which is an enlargement or increased visibility of the hilum on both sides of the lungs.","Findings: The chest X-ray shows a homogenous opacity in the right hemithorax. This means that there is an area of increased density in the right side of the chest, which could be due to various reasons such as fluid accumulation, infection, or other lung abnormalities.",0.0,0.0,0.0,0.3914685080572582,0.5,0.030555555555555555,0.0,0.14864864864864866,0.9126984126984127,0.030555555555555555,0.0,0.0,0.0,0.32336871263829875,0.403125,0.05555555555555555,0.0,0.1342281879194631,0.9375,0.05555555555555555
152,152_IM-0335-2001.dcm.png,Frontal,"Cardiomegaly/mild;Aorta/tortuous;Deformity/ribs/bilateral/chronic;Fractures, Bone/ribs/bilateral/multiple/healed","Cardiomegaly;Aorta;Deformity;Fractures, Bone",Supine AP and lateral chest,"XXXX-year-old female, XXXX not otherwise specified",XXXX,"Stable cardiomediastinal silhouette with mild cardiomegaly and aortic ectasia and tortuosity. No alveolar consolidation, no findings of pleural effusion. Chronic appearing bilateral rib contour deformities compatible with old fractures. No pneumothorax.",No acute findings.,/home/20213144/.cache/kagglehub/datasets/raddar/chest-xrays-indiana-university/versions/2/images/images_normalized/152_IM-0335-2001.dcm.png,"Findings: The chest X-ray shows bilateral hilar prominence, which is an enlargement or increased visibility of the hilum on both sides of the lungs.","Findings: The chest X-ray shows bilateral hilar prominence, which is an enlargement or increased visibility of the hilum on both sides of the lungs.",0.06896551724137931,0.06896551724137931,0.0,0.38825001055710306,0.5,0.030555555555555555,0.0,0.14864864864864866,0.9126984126984127,0.030555555555555555,0.06896551724137931,0.06896551724137931,0.0,0.38825001055710306,0.403125,0.05555555555555555,0.0,0.1342281879194631,0.9375,0.05555555555555555
153,153_IM-0343-1001.dcm.png,Frontal,"Catheters, Indwelling;Pleural Effusion/right/small","Catheters, Indwelling;Pleural Effusion","Frontal and lateral views of the chest obtained at XXXX hours on XXXX, XXXX. ",XXXX-year-old male with HIV and syphilis on hemodialysis now with XXXX.,"XXXX, XXXX","There is a right IJ central venous catheter with tip overlying the inferior SVC. Cardiac silhouette is normal size. Normal mediastinal contour and pulmonary vasculature. There is a small right pleural effusion. Otherwise, lungs are without focal airspace disease.",XXXX XXXX right pleural effusion.,/home/20213144/.cache/kagglehub/datasets/raddar/chest-xrays-indiana-university/versions/2/images/images_normalized/153_IM-0343-1001.dcm.png,"Findings: The chest X-ray shows bilateral hilar prominence, which is an enlargement or increased visibility of the hilum on both sides of the lungs.","Findings: The chest X-ray shows bilateral hilar prominence, which is an enlargement or increased visibility of the hilum on both sides of the lungs.",0.0,0.0,0.0,0.4271607239388804,0.5,0.030555555555555555,0.0,0.14864864864864866,0.9126984126984127,0.030555555555555555,0.0,0.0,0.0,0.4271607239388804,0.403125,0.05555555555555555,0.0,0.1342281879194631,0.9375,0.05555555555555555
154,154_IM-0350-1001.dcm.png,Frontal,normal,normal," Chest radiograph, frontal and lateral views",,XXXX,"Cardiomediastinal silhouette is normal. Pulmonary vasculature and XXXX are normal. No consolidation, pneumothorax or large pleural effusion. Osseous structures and soft tissues are normal.",No acute cardiopulmonary disease.,/home/20213144/.cache/kagglehub/datasets/raddar/chest-xrays-indiana-university/versions/2/images/images_normalized/154_IM-0350-1001.dcm.png,"Findings: The chest X-ray shows bilateral hilar prominence, which is an enlargement or increased visibility of the hilum on both sides of the lungs.","Findings: The chest X-ray shows bilateral hilar prominence, which is an enlargement or increased visibility of the hilum on both sides of the lungs.",0.0,0.0,0.0,0.32737086702082924,0.5,0.030555555555555555,0.0,0.14864864864864866,0.9126984126984127,0.030555555555555555,0.0,0.0,0.0,0.32737086702082924,0.403125,0.05555555555555555,0.0,0.1342281879194631,0.9375,0.05555555555555555
155,155_IM-0358-1001.dcm.png,Frontal,Aorta/prominent;Calcinosis/lung/hilum/left,Aorta;Calcinosis,"PA and lateral chest XXXX, XXXX at XXXX comparison available from XXXX ",History of chest pain.,,,Heart size is normal. Lungs are clear. Prominent ascending aorta. Calcified left hilar XXXX.,/home/20213144/.cache/kagglehub/datasets/raddar/chest-xrays-indiana-university/versions/2/images/images_normalized/155_IM-0358-1001.dcm.png,"Findings: The chest X-ray shows bilateral hilar prominence, which is an enlargement or increased visibility of the hilum on both sides of the lungs.","Findings: The chest X-ray shows bilateral hilar prominence, which is an enlargement or increased visibility of the hilum on both sides of the lungs.",0.1111111111111111,0.1111111111111111,0.1111111111111111,0.4748050250934646,0.5,0.030555555555555555,0.0,0.14864864864864866,0.9126984126984127,0.030555555555555555,0.1111111111111111,0.1111111111111111,0.1111111111111111,0.4748050250934646,0.403125,0.05555555555555555,0.0,0.1342281879194631,0.9375,0.05555555555555555
157,157_IM-0372-1001.dcm.png,Frontal,normal,normal,"CHEST 2V FRONTAL/LATERAL XXXX, XXXX XXXX PM ",XXXX XXXX edema and lung XXXX,"XXXX, XXXX.","In the interval, bibasilar interstitial infiltrates and pulmonary venous engorgement have resolved. Heart size is now normal. No XXXX infiltrates.",Chest. Resolving pulmonary interstitial edema and pulmonary venous hypertension.,/home/20213144/.cache/kagglehub/datasets/raddar/chest-xrays-indiana-university/versions/2/images/images_normalized/157_IM-0372-1001.dcm.png,Findings: The chest X-ray shows bilateral hilar prominence and a left-sided pleural effusion.,Findings: The chest X-ray shows bilateral hilar prominence and a left-sided pleural effusion.,0.0,0.0,0.0,0.4199067131366139,0.5,0.030555555555555555,0.0,0.14864864864864866,0.9126984126984127,0.030555555555555555,0.0,0.0,0.0,0.4199067131366139,0.403125,0.05555555555555555,0.0,0.1342281879194631,0.9375,0.05555555555555555
158,158_IM-0377-1001.dcm.png,Frontal,normal,normal,"Radiograph Chest PA and Lateral XXXX, XXXX. ",Dyspnea.,None.,The heart is normal in size and contour. There is no mediastinal widening. The lungs are clear bilaterally. No large pleural effusion or pneumothorax. The XXXX are intact.,No acute cardiopulmonary abnormalities.,/home/20213144/.cache/kagglehub/datasets/raddar/chest-xrays-indiana-university/versions/2/images/images_normalized/158_IM-0377-1001.dcm.png,"Findings: The chest X-ray shows bilateral hilar prominence, which is an enlargement or increased visibility of the hilum on both sides of the lungs.","Findings: The chest X-ray shows a homogenous opacity in the right hemithorax. This means that there is an area of increased density in the right side of the chest, which could be due to various reasons such as fluid accumulation, infection, or a mass.",0.0,0.0,0.0,0.4867167790314016,0.5,0.030555555555555555,0.0,0.14864864864864866,0.9126984126984127,0.030555555555555555,0.0,0.0,0.0,0.3277803846335156,0.403125,0.05555555555555555,0.0,0.1342281879194631,0.9375,0.05555555555555555
159,159_IM-0382-1001.dcm.png,Frontal,Osteophyte/shoulder/bilateral/multiple,Osteophyte, CHEST 2V FRONTAL/LATERAL; THREE-VIEW LEFT AND RIGHT XXXX. ,productive XXXX; shoulder pain.,"chest x-XXXX XXXX, XXXX.","Chest. The heart and lungs have XXXX XXXX in the interval. Both lungs are clear and expanded. Heart and mediastinum normal. Left and right XXXX. Osteophytes are present at the acromioclavicular joints bilaterally and also on the humeral necks. The right glenohumeral joint is normal, but the left is narrowed. No fractures or bone destruction.","1. Chest. No active disease. 2. Left and right XXXX. Bilateral degenerative joint disease, left worse than right.",/home/20213144/.cache/kagglehub/datasets/raddar/chest-xrays-indiana-university/versions/2/images/images_normalized/159_IM-0382-1001.dcm.png,"Findings: The chest X-ray shows bilateral hilar prominence, which is an enlargement or increased visibility of the hilum on both sides of the lungs.","Findings: The chest X-ray shows bilateral hilar lymphadenopathy, which means there is enlargement of the lymph nodes in the hilar region of both lungs.",0.0,0.0,0.0,0.39478103190000424,0.5,0.030555555555555555,0.0,0.14864864864864866,0.9126984126984127,0.030555555555555555,0.05405405405405405,0.05,0.0425531914893617,0.32958961475712256,0.403125,0.05555555555555555,0.0,0.1342281879194631,0.9375,0.05555555555555555
160,160_IM-0390-1001.dcm.png,Frontal,Opacity/retrocardiac/mild;Infiltrate/lung/lower lobe/right/patchy;Infiltrate/lung/base/left,Opacity;Infiltrate;Infiltrate,CHEST 2V FRONTAL/LATERAL ,Shortness of breath,,The heart is normal in size. The mediastinum is unremarkable. There is patchy infiltrate within normal right lower lobe. Mild XXXX opacities in the retrocardiac region. No large effusions or pneumothorax.,Patchy right lower lobe infiltrate as well as probable left basilar infiltrate versus atelectasis.,/home/20213144/.cache/kagglehub/datasets/raddar/chest-xrays-indiana-university/versions/2/images/images_normalized/160_IM-0390-1001.dcm.png,Findings: The chest X-ray shows hyperinflation of the right lung.,Findings: The chest X-ray shows bilateral hilar prominence and a left-sided pleural effusion.,0.0,0.0,0.0,0.4611012786409374,0.5,0.030555555555555555,0.0,0.14864864864864866,0.9126984126984127,0.030555555555555555,0.0,0.0,0.0,0.430833100125964,0.403125,0.05555555555555555,0.0,0.1342281879194631,0.9375,0.05555555555555555
161,161_IM-0394-1001.dcm.png,Frontal,"Lung/hypoinflation;Pulmonary Atelectasis/base/left/scattered;Catheters, Indwelling","Lung;Pulmonary Atelectasis;Catheters, Indwelling",PA and Lateral Chest X-XXXX dated XXXX.,Ovarian carcinoma.,None.,Low lung volumes are present. The heart size and pulmonary vascularity appear within normal limits. No pleural effusion or pneumothorax is seen. Scattered XXXX of left base atelectasis are noted. Left XXXX-a-XXXX is in XXXX with the tip projecting over the caval atrial junction.,"1. XXXX of left base atelectasis. Otherwise, clear.",/home/20213144/.cache/kagglehub/datasets/raddar/chest-xrays-indiana-university/versions/2/images/images_normalized/161_IM-0394-1001.dcm.png,"Findings: The chest X-ray shows bilateral hilar prominence, which is an enlargement or increased visibility of the hilum on both sides of the lungs.","Findings: The chest X-ray shows a homogenous opacity in the right hemithorax. This means that there is an area of increased density in the right side of the chest, which could be due to various reasons such as fluid accumulation, infection, or a mass.",0.0,0.0,0.0,0.38793419159335824,0.5,0.030555555555555555,0.0,0.14864864864864866,0.9126984126984127,0.030555555555555555,0.0,0.0,0.0,0.3158403291001105,0.403125,0.05555555555555555,0.0,0.1342281879194631,0.9375,0.05555555555555555
162,162_IM-0401-1001.dcm.png,Frontal,normal,normal, PA and lateral chest. ,XXXX.,None.,"Heart size normal. Lungs are clear. XXXX are normal. No pneumonia, effusions, edema, pneumothorax, adenopathy, nodules or masses.",Normal chest,/home/20213144/.cache/kagglehub/datasets/raddar/chest-xrays-indiana-university/versions/2/images/images_normalized/162_IM-0401-1001.dcm.png,"Findings: The chest X-ray shows bilateral hilar prominence, which is an enlargement or increased visibility of the hilum on both sides of the lungs.","Findings: The chest X-ray shows bilateral hilar prominence, which is an enlargement or increased visibility of the hilum on both sides of the lungs.",0.0,0.0,0.0,0.45220318883154165,0.5,0.030555555555555555,0.0,0.14864864864864866,0.9126984126984127,0.030555555555555555,0.0,0.0,0.0,0.45220318883154165,0.403125,0.05555555555555555,0.0,0.1342281879194631,0.9375,0.05555555555555555
163,163_IM-0410-12012.dcm.png,Frontal,"Technical Quality of Image Unsatisfactory ;Calcinosis/lung/hilum/lymph nodes/right;Calcinosis/trachea, carina/lymph nodes",Technical Quality of Image Unsatisfactory ;Calcinosis;Calcinosis,Xray Chest PA and Lateral,",724.5",,There are no airspace opacities to suggest pneumonia. There is a vague nodular like opacity in the right midlung measuring 1.2 cm projecting through the posterior 7th and 8th ribs. This may be artifact. Chest fluoroscopy would confirm this. Heart and pulmonary XXXX appear normal. There are calcified subcarinal and right hilar lymph XXXX. The pleural spaces are clear.,Nodular density noted on recent PA chest radiograph XXXX represents an artifact. No nodules noted within the lungs on a recent outside XXXX from XXXX.,/home/20213144/.cache/kagglehub/datasets/raddar/chest-xrays-indiana-university/versions/2/images/images_normalized/163_IM-0410-12012.dcm.png,"Findings: The chest X-ray shows bilateral hilar prominence, which is an enlargement or increased visibility of the hilum on both sides of the lungs.","Findings: The chest X-ray shows bilateral hilar prominence, which is an enlargement or increased visibility of the hilum on both sides of the lungs.",0.06451612903225806,0.06451612903225806,0.05555555555555555,0.4503941984842105,0.5,0.030555555555555555,0.0,0.14864864864864866,0.9126984126984127,0.030555555555555555,0.06451612903225806,0.06451612903225806,0.05555555555555555,0.4503941984842105,0.403125,0.05555555555555555,0.0,0.1342281879194631,0.9375,0.05555555555555555
164,164_IM-0419-1001.dcm.png,Frontal,normal,normal,PA and Lateral of the chest ,XXXX-year-old with shortness of breath.,"XXXX, XXXX.",The Cardiopulmonary silhouette is normal. The Heart size is normal. The lungs are clear with no pulmonary effusions or pneumothorax.,No acute cardiopulmonary findings.,/home/20213144/.cache/kagglehub/datasets/raddar/chest-xrays-indiana-university/versions/2/images/images_normalized/164_IM-0419-1001.dcm.png,"Findings: The chest X-ray shows bilateral hilar prominence, which is an enlargement or increased visibility of the hilum on both sides of the lungs.","Findings: The chest X-ray shows bilateral hilar prominence, which is an enlargement or increased visibility of the hilum on both sides of the lungs.",0.0,0.0,0.0,0.44767036951587846,0.5,0.030555555555555555,0.0,0.14864864864864866,0.9126984126984127,0.030555555555555555,0.0,0.0,0.0,0.44767036951587846,0.403125,0.05555555555555555,0.0,0.1342281879194631,0.9375,0.05555555555555555
165,165_IM-0427-1001.dcm.png,Frontal,Cicatrix/lung/apex/bilateral;Calcified Granuloma/lung/middle lobe/right;Atherosclerosis/aorta;Arthritis,Cicatrix;Calcified Granuloma;Atherosclerosis;Arthritis,Xray Chest PA and Lateral,XXXX since last XXXX,,There is some minimal biapical scarring. A calcified granuloma is present in the right middle lobe. There is no pleural effusion or pneumothorax. The heart is not significantly enlarged. There are atherosclerotic changes of the aorta. Arthritic changes of the skeletal structures are noted.,No acute pulmonary disease.,/home/20213144/.cache/kagglehub/datasets/raddar/chest-xrays-indiana-university/versions/2/images/images_normalized/165_IM-0427-1001.dcm.png,"Findings: The chest X-ray shows bilateral hilar prominence, which is an enlargement or increased visibility of the hilum on both sides of the lungs.","Findings: The chest X-ray shows bilateral hilar lymphadenopathy, which means there is enlargement of the lymph nodes in the hilar region of both lungs.",0.0,0.0,0.0,0.3937643585978232,0.5,0.030555555555555555,0.0,0.14864864864864866,0.9126984126984127,0.030555555555555555,0.0,0.0,0.0,0.3682193268814225,0.403125,0.05555555555555555,0.0,0.1342281879194631,0.9375,0.05555555555555555
166,166_IM-0435-2002.dcm.png,Frontal,Calcified Granuloma;Spine/degenerative/mild;Calcinosis/lymph nodes,Calcified Granuloma;Spine;Calcinosis,PA and Lateral Chest X-XXXX dated XXXX.,XXXX examination.,XXXX.,Heart size and pulmonary vascularity appear within normal limits. The lungs are free of focal airspace disease. No pleural effusion or pneumothorax is seen. Calcified lymph XXXX and granuloma are noted. Mild degenerative changes are present in the spine.,1. No evidence of active disease.,/home/20213144/.cache/kagglehub/datasets/raddar/chest-xrays-indiana-university/versions/2/images/images_normalized/166_IM-0435-2002.dcm.png,"Findings: The chest X-ray shows bilateral hilar prominence, which is an enlargement or increased visibility of the hilum on both sides of the lungs.","Findings: The chest X-ray shows a homogenous opacity in the right hemithorax. This means that there is an area of increased density in the right side of the chest cavity, which could be due to various reasons such as fluid accumulation, infection, or a mass.",0.0,0.0,0.0,0.3666863028860413,0.5,0.030555555555555555,0.0,0.14864864864864866,0.9126984126984127,0.030555555555555555,0.0,0.0,0.0,0.35892028875071613,0.403125,0.05555555555555555,0.0,0.1342281879194631,0.9375,0.05555555555555555
167,167_IM-0441-1001.dcm.png,Frontal,Calcified Granuloma/lung/upper lobe/left,Calcified Granuloma,"CHEST 2V FRONTAL/LATERAL XXXX, XXXX XXXX PM ","starting treatment with humira, r/o tb",,Both lungs are clear and expanded. An old calcified granuloma is present in the left upper lobe. Heart and mediastinum normal.,No active disease.,/home/20213144/.cache/kagglehub/datasets/raddar/chest-xrays-indiana-university/versions/2/images/images_normalized/167_IM-0441-1001.dcm.png,"Findings: The chest X-ray shows bilateral hilar prominence, which is an enlargement or increased visibility of the hilum on both sides of the lungs.","Findings: The chest X-ray shows bilateral hilar lymphadenopathy, which means there is enlargement of the lymph nodes in the region where the bronchi enter the lungs, on both sides.",0.0,0.0,0.0,0.42168910731116427,0.5,0.030555555555555555,0.0,0.14864864864864866,0.9126984126984127,0.030555555555555555,0.0,0.0,0.0,0.3111460772316861,0.403125,0.05555555555555555,0.0,0.1342281879194631,0.9375,0.05555555555555555
168,168_IM-0448-1001.dcm.png,Frontal,"Thoracic Vertebrae/degenerative/multiple/mild;Lumbar Vertebrae/degenerative/multiple/mild;Fractures, Bone/ribs/left/chronic","Thoracic Vertebrae;Lumbar Vertebrae;Fractures, Bone","PA and lateral chest x-XXXX dated XXXX, XXXX at XXXX a.m.. ","XXXX-year-old woman with shortness of breath, XXXX.","Two-view chest radiograph dated XXXX, XXXX.","The lungs are clear bilaterally. Specifically, no evidence of focal consolidation, pneumothorax, or pleural effusion.. Cardio mediastinal silhouette is unremarkable. Visualized osseous structures of the thorax demonstrates stable mild multilevel degenerative disc disease of the thoracolumbar spine as well as chronic left-sided rib fractures without acute abnormality.",No acute cardiopulmonary abnormality.,/home/20213144/.cache/kagglehub/datasets/raddar/chest-xrays-indiana-university/versions/2/images/images_normalized/168_IM-0448-1001.dcm.png,Findings: The chest X-ray shows bilateral hilar prominence and a left-sided pleural effusion.,Findings: The chest X-ray shows bilateral hilar prominence and a left-sided pleural effusion.,0.1142857142857143,0.1142857142857143,0.05263157894736842,0.4330448605856938,0.5,0.030555555555555555,0.0,0.14864864864864866,0.9126984126984127,0.030555555555555555,0.1142857142857143,0.1142857142857143,0.05263157894736842,0.4330448605856938,0.403125,0.05555555555555555,0.0,0.1342281879194631,0.9375,0.05555555555555555
169,169_IM-0452-1001.dcm.png,Frontal,normal,normal,2 views Chest: XXXX,XXXX and congestion,None.,The lungs and pleural spaces show no acute abnormality. Heart size and pulmonary vascularity within normal limits.,1. No acute pulmonary abnormality.,/home/20213144/.cache/kagglehub/datasets/raddar/chest-xrays-indiana-university/versions/2/images/images_normalized/169_IM-0452-1001.dcm.png,"Findings: The chest X-ray shows bilateral hilar prominence, which is an enlargement or increased visibility of the hilum on both sides of the lungs.",Findings: The chest X-ray shows bilateral hilar prominence and a left-sided pleural effusion.,0.0,0.0,0.0,0.43701537518506944,0.5,0.030555555555555555,0.0,0.14864864864864866,0.9126984126984127,0.030555555555555555,0.11764705882352942,0.1111111111111111,0.09523809523809522,0.3034397751013857,0.403125,0.05555555555555555,0.0,0.1342281879194631,0.9375,0.05555555555555555
170,170_IM-0461-0001-0003.dcm.png,Frontal,Technical Quality of Image Unsatisfactory ;Lung/hypoinflation,Technical Quality of Image Unsatisfactory ;Lung,Xray Chest PA and Lateral,XXXX. Status post right total knee arthroplasty,,,"Exam is technically limited by patient's body habitus. Lung volumes are decreased. No evidence of acute airspace disease, large pleural effusion or pneumothorax. Heart size is stable.",/home/20213144/.cache/kagglehub/datasets/raddar/chest-xrays-indiana-university/versions/2/images/images_normalized/170_IM-0461-0001-0003.dcm.png,Findings: The chest X-ray shows hyperinflation of the right lung.,Findings: The chest X-ray shows bilateral diffuse pulmonary opacities.,0.0,0.0,0.0,0.42950481796098794,0.5,0.030555555555555555,0.0,0.14864864864864866,0.9126984126984127,0.030555555555555555,0.0,0.0,0.0,0.36225571328248457,0.403125,0.05555555555555555,0.0,0.1342281879194631,0.9375,0.05555555555555555
171,171_IM-0468-1001.dcm.png,Frontal,normal,normal,Xray Chest PA and Lateral,"pa/lat cxr,786.2 XXXX",,,"Comparison XXXX, XXXX. Well-expanded and clear lungs. Mediastinal contour within normal limits. No acute cardiopulmonary abnormality identified. Stable chest.",/home/20213144/.cache/kagglehub/datasets/raddar/chest-xrays-indiana-university/versions/2/images/images_normalized/171_IM-0468-1001.dcm.png,Findings: The chest X-ray shows bilateral hilar prominence and a left-sided pleural effusion.,Findings: The chest X-ray shows bilateral hilar prominence and a left-sided pleural effusion.,0.0,0.0,0.0,0.3625002732260896,0.5,0.030555555555555555,0.0,0.14864864864864866,0.9126984126984127,0.030555555555555555,0.0,0.0,0.0,0.3625002732260896,0.403125,0.05555555555555555,0.0,0.1342281879194631,0.9375,0.05555555555555555
172,172_IM-0474-1001.dcm.png,Frontal,Diaphragm/right/elevated;Aorta/tortuous;Spine/degenerative;Deformity/lumbar vertebrae,Diaphragm;Aorta;Spine;Deformity,"PA and lateral views of the chest XXXX, XXXX XXXX XXXX ",worsening dyspnea,,Elevated right hemidiaphragm. Clear lungs. No pleural effusions or pneumothoraces. heart size is upper limits of normal with tortuosity and ectasia of the aorta. Generative changes within the spine. In the upper lumbar spine there is an age-indeterminate wedge XXXX of a vertebral body.,1. Heart size upper limits of normal with clear lungs. 2. Age-indeterminate XXXX deformity of an upper lumbar spine vertebral body.,/home/20213144/.cache/kagglehub/datasets/raddar/chest-xrays-indiana-university/versions/2/images/images_normalized/172_IM-0474-1001.dcm.png,"Findings: The chest X-ray shows bilateral hilar prominence, which is an enlargement or increased visibility of the hilum on both sides of the lungs.",Findings: The chest X-ray shows a right-sided pleural effusion.,0.0,0.0,0.0,0.43214574682396173,0.5,0.030555555555555555,0.0,0.14864864864864866,0.9126984126984127,0.030555555555555555,0.07142857142857142,0.06666666666666667,0.06896551724137931,0.32553281522733835,0.403125,0.05555555555555555,0.0,0.1342281879194631,0.9375,0.05555555555555555
173,173_IM-0481-1001.dcm.png,Frontal,Lung/hypoinflation;Calcinosis/lung/hilum/lymph nodes/bilateral,Lung;Calcinosis,"Chest, 2 views, XXXX XXXX ",Chest pain,,"Low lung volumes. Cardiomediastinal silhouette and pulmonary vasculature are within normal limits. Lungs are clear. No pneumothorax or pleural effusion. Calcified bilateral hilar lymph XXXX, greater on the left. No acute osseous findings.",Low lung volumes. No acute cardiopulmonary findings.,/home/20213144/.cache/kagglehub/datasets/raddar/chest-xrays-indiana-university/versions/2/images/images_normalized/173_IM-0481-1001.dcm.png,"Findings: The chest X-ray shows bilateral hilar prominence, which is an enlargement or increased visibility of the hilum on both sides of the lungs.","Findings: The chest X-ray shows bilateral hilar prominence, which is an enlargement or increased visibility of the hilum on both sides of the lungs.",0.12903225806451613,0.12903225806451613,0.12121212121212122,0.4662545501925212,0.5,0.030555555555555555,0.0,0.14864864864864866,0.9126984126984127,0.030555555555555555,0.12903225806451613,0.12903225806451613,0.12121212121212122,0.4662545501925212,0.403125,0.05555555555555555,0.0,0.1342281879194631,0.9375,0.05555555555555555
174,174_IM-0488-1001.dcm.png,Frontal,"Catheters, Indwelling;Deformity/ribs/right/multiple","Catheters, Indwelling;Deformity","2 views chest, XXXX hours, XXXX, XXXX ",XXXX,"CT chest XXXX, chest x-XXXX XXXX. Chest x-XXXX XXXX.","There is a left-sided PICC with tip at the caval atrial junction. The cardiomediastinal contours are within normal limits. Pulmonary vasculature is unremarkable. There is no focal airspace opacity. No pleural effusion or pneumothorax is seen. Stable short segment catheter tubing overlying the left XXXX, XXXX to reside within anterior chest soft tissues on recent chest CT. Stable remote posttraumatic changes of multiple right ribs.",1. Left PICC tip at cavoatrial junction. 2. No acute cardiopulmonary abnormality.,/home/20213144/.cache/kagglehub/datasets/raddar/chest-xrays-indiana-university/versions/2/images/images_normalized/174_IM-0488-1001.dcm.png,"Findings: The chest X-ray shows bilateral hilar prominence, which is an enlargement or increased visibility of the hilum on both sides of the lungs.","Findings: The chest X-ray shows bilateral hilar prominence, which is an enlargement or increased visibility of the hilum on both sides of the lungs.",0.0,0.0,0.0,0.3524114260984557,0.5,0.030555555555555555,0.0,0.14864864864864866,0.9126984126984127,0.030555555555555555,0.0,0.0,0.0,0.3524114260984557,0.403125,0.05555555555555555,0.0,0.1342281879194631,0.9375,0.05555555555555555
175,175_IM-0492-1001.dcm.png,Frontal,Cardiomegaly/mild;Aorta/tortuous;Diaphragm/right/elevated;Pulmonary Atelectasis/base/bilateral/mild;Opacity/lung/base/left/mild;Costophrenic Angle/right/blunted;Infiltrate/lung/base/bilateral/mild,Cardiomegaly;Aorta;Diaphragm;Pulmonary Atelectasis;Opacity;Costophrenic Angle;Infiltrate,Xray Chest PA and Lateral,Nausea and vomiting,,"Mild cardiomegaly unchanged. Stable superior mediastinal contour with tortuous aorta. Normal pulmonary vascularity. Unchanged elevated right hemidiaphragm with minimal right base subsegmental atelectasis. Minimal XXXX left basal airspace opacity. Unchanged blunting of the right lateral costophrenic XXXX, scarring versus XXXX effusion. No pneumothorax. No acute osseous findings.","Minimal XXXX left base atelectasis/infiltrate. Otherwise, stable exam.",/home/20213144/.cache/kagglehub/datasets/raddar/chest-xrays-indiana-university/versions/2/images/images_normalized/175_IM-0492-1001.dcm.png,Findings: The chest X-ray shows bilateral hilar prominence and a left-sided pleural effusion.,Findings: The chest X-ray shows bilateral hilar prominence and a left-sided pleural effusion.,0.04761904761904762,0.0,0.0,0.3968763760063732,0.5,0.030555555555555555,0.0,0.14864864864864866,0.9126984126984127,0.030555555555555555,0.04761904761904762,0.0,0.0,0.3968763760063732,0.403125,0.05555555555555555,0.0,0.1342281879194631,0.9375,0.05555555555555555
176,176_IM-0496-1001.dcm.png,Frontal,normal,normal,Xray Chest PA and Lateral,Preop anesthesia XXXX,"XXXX, XXXX",Cardiac and mediastinal contours are within normal limits. The lungs are clear. Bony structures are intact.,No acute findings.,/home/20213144/.cache/kagglehub/datasets/raddar/chest-xrays-indiana-university/versions/2/images/images_normalized/176_IM-0496-1001.dcm.png,Findings: The chest X-ray shows bilateral hilar prominence and a left-sided pleural effusion.,"Findings: The chest X-ray shows bilateral hilar lymphadenopathy, which means there is enlargement of the lymph nodes in the region where the bronchi enter the lungs, on both sides.",0.0,0.0,0.0,0.26486658684925274,0.5,0.030555555555555555,0.0,0.14864864864864866,0.9126984126984127,0.030555555555555555,0.0,0.0,0.0,0.30610658171819266,0.403125,0.05555555555555555,0.0,0.1342281879194631,0.9375,0.05555555555555555
177,177_IM-0503-1001.dcm.png,Frontal,Cardiomegaly;Opacity/lung/bilateral/interstitial;Pulmonary Atelectasis/bilateral;Calcinosis/aorta;Calcified Granuloma/lung/hilum/right;Costophrenic Angle/bilateral/blunted;Pleural Effusion/bilateral,Cardiomegaly;Opacity;Pulmonary Atelectasis;Calcinosis;Calcified Granuloma;Costophrenic Angle;Pleural Effusion,"PA and lateral chest, XXXX, XXXX XXXX XXXX ",XXXX-year-old female with dyspnea.,PA and lateral chest x-XXXX dated XXXX.,"The heart size is enlarged. The mediastinal contour is within normal limits. Calcification is seen within the aortic XXXX. XXXX interstitial opacities. There are no nodules or masses. Stable appearing right perihilar calcified granulomas. No visible pneumothorax. Bilateral costophrenic XXXX blunting, left worse than right. The XXXX are grossly normal. There is no visible free intraperitoneal air under the diaphragm.","1. Cardiomegaly with bilateral interstitial opacities. 2. Bilateral effusions and/or atelectasis, right worse than left.",/home/20213144/.cache/kagglehub/datasets/raddar/chest-xrays-indiana-university/versions/2/images/images_normalized/177_IM-0503-1001.dcm.png,"Findings: The chest X-ray shows bilateral hilar prominence, which is an enlargement or increased visibility of the hilum on both sides of the lungs.","Findings: The chest X-ray shows bilateral diffuse reticular opacities. Reticular opacities are a pattern of interlacing lines that can be seen in the lung fields, and they may indicate various lung conditions, such as infections, interstitial lung diseases, or other pulmonary disorders.",0.05263157894736842,0.05,0.0,0.44845309624253415,0.5,0.030555555555555555,0.0,0.14864864864864866,0.9126984126984127,0.030555555555555555,0.13333333333333333,0.041666666666666664,0.0,0.4147156414780246,0.403125,0.05555555555555555,0.0,0.1342281879194631,0.9375,0.05555555555555555
178,178_IM-0509-2001.dcm.png,Frontal,"Atherosclerosis/aorta, thoracic;Markings/lung/interstitial/diffuse;Lung Diseases, Interstitial/chronic;Opacity/lung/apex/left/patchy;Opacity/lung/base/right/patchy;Airspace Disease/lung/apex/left/patchy;Airspace Disease/lung/base/right/patchy","Atherosclerosis;Markings;Lung Diseases, Interstitial;Opacity;Opacity;Airspace Disease;Airspace Disease","AP and lateral chest x-XXXX dated XXXX, XXXX at XXXX p.m. ","XXXX-year-old woman, hypoxia.","Frontal chest radiograph dated XXXX, XXXX.","Cardiomediastinal silhouette stable with atherosclerosis of the thoracic aorta. Diffusely coarsened interstitial markings are noted consistent with chronic lung disease, with worsened patchy opacities and a left apex and right base. No pneumothorax or pleural effusion. No acute bony abnormality.",Changes of chronic interstitial lung disease with ill-defined patchy left apical and right basilar airspace disease. PA and lateral chest radiograph may be of benefit XXXX clinically feasible.,/home/20213144/.cache/kagglehub/datasets/raddar/chest-xrays-indiana-university/versions/2/images/images_normalized/178_IM-0509-2001.dcm.png,Findings: The chest X-ray shows hyperinflation of the right lung.,Findings: The chest X-ray shows bilateral hilar prominence and a left-sided pleural effusion.,0.0,0.0,0.0,0.36237899802256496,0.5,0.030555555555555555,0.0,0.14864864864864866,0.9126984126984127,0.030555555555555555,0.05555555555555555,0.05405405405405405,0.044444444444444446,0.39061894023543287,0.403125,0.05555555555555555,0.0,0.1342281879194631,0.9375,0.05555555555555555
179,179_IM-0514-1001.dcm.png,Frontal,No Indexing,No Indexing,Xray Chest PA and Lateral,Dyspnea and XXXX,Radiograph from XXXX.,"No airspace disease, effusion or noncalcified nodule. Normal heart size and mediastinum. Visualized XXXX of the chest XXXX are within normal limits.",No acute cardiopulmonary abnormality.,/home/20213144/.cache/kagglehub/datasets/raddar/chest-xrays-indiana-university/versions/2/images/images_normalized/179_IM-0514-1001.dcm.png,"Findings: The chest X-ray shows bilateral hilar prominence, which is an enlargement or increased visibility of the hilum on both sides of the lungs.","Findings: The chest X-ray shows bilateral hilar prominence, which is an enlargement or increased visibility of the hilum on both sides of the lungs.",0.0,0.0,0.0,0.36087465556506787,0.5,0.030555555555555555,0.0,0.14864864864864866,0.9126984126984127,0.030555555555555555,0.0,0.0,0.0,0.36087465556506787,0.403125,0.05555555555555555,0.0,0.1342281879194631,0.9375,0.05555555555555555
181,181_IM-0524-1001.dcm.png,Frontal,Diaphragmatic Eventration/right,Diaphragmatic Eventration,"PA and lateral chest x-XXXX XXXX, XXXX XXXX hours ","XXXX-year-old male, COPD, XXXX, XXXX.","Chest x-XXXX XXXX, XXXX",Normal heart size mediastinal contours. Eventration of the right hemidiaphragm. No focal airspace consolidation. No pleural effusion or pneumothorax.,No acute cardiopulmonary abnormality.,/home/20213144/.cache/kagglehub/datasets/raddar/chest-xrays-indiana-university/versions/2/images/images_normalized/181_IM-0524-1001.dcm.png,"Findings: The chest X-ray shows bilateral hilar prominence, which is an enlargement or increased visibility of the hilum on both sides of the lungs.","Findings: The chest X-ray shows bilateral hilar prominence, which is an enlargement or increased visibility of the hilum on both sides of the lungs.",0.0,0.0,0.0,0.40091004641793054,0.5,0.030555555555555555,0.0,0.14864864864864866,0.9126984126984127,0.030555555555555555,0.0,0.0,0.0,0.40091004641793054,0.403125,0.05555555555555555,0.0,0.1342281879194631,0.9375,0.05555555555555555
182,182_IM-0531-1001.dcm.png,Frontal,Opacity/lung/lower lobe/left/patchy;Infiltrate/lung/lower lobe/left,Opacity;Infiltrate,"PA and Lateral Chest. XXXX, XXXX XXXX PM . ",XXXX.,None.,"Heart size and mediastinal contours appear within normal limits. Patchy airspace opacities in the left lower lobe, compatible with infiltrate. No large pleural effusion. No pneumothorax. No acute bony abnormality.",Left lower lobe infiltrate.,/home/20213144/.cache/kagglehub/datasets/raddar/chest-xrays-indiana-university/versions/2/images/images_normalized/182_IM-0531-1001.dcm.png,"Findings: The chest X-ray shows bilateral hilar prominence, which is an enlargement or increased visibility of the hilum on both sides of the lungs.","Findings: The chest X-ray shows bilateral hilar prominence, which is an enlargement or increased visibility of the hilum on both sides of the lungs.",0.0,0.0,0.0,0.4145558580313679,0.5,0.030555555555555555,0.0,0.14864864864864866,0.9126984126984127,0.030555555555555555,0.0,0.0,0.0,0.4145558580313679,0.403125,0.05555555555555555,0.0,0.1342281879194631,0.9375,0.05555555555555555
183,183_IM-0537-1001.dcm.png,Frontal,Lung/hypoinflation;Markings/bronchovascular;Opacity/lung/base/right/mild;Spine/degenerative/multiple;Airspace Disease/lung/base/right,Lung;Markings;Opacity;Spine;Airspace Disease,PA and lateral chest x-XXXX XXXX. ,"XXXX-year-old male, XXXX.",None.,Heart size within normal limits. There are low lung volumes with bronchovascular crowding. There is mild increased airspace opacity within the right lung base which may represent atelectasis or infiltrate.. No visualized pneumothorax or large pleural effusion. Multilevel degenerative disease of the spine.,Low lung volumes with airspace disease within the right lung base. Followup radiographs following treatment is recommended to document resolution.,/home/20213144/.cache/kagglehub/datasets/raddar/chest-xrays-indiana-university/versions/2/images/images_normalized/183_IM-0537-1001.dcm.png,"Findings: The chest X-ray shows bilateral hilar prominence, which is an enlargement or increased visibility of the hilum on both sides of the lungs.","Findings: The chest X-ray shows bilateral hilar prominence, which is an enlargement or increased visibility of the hilum on both sides of the lungs.",0.0,0.0,0.0,0.3980733950249913,0.5,0.030555555555555555,0.0,0.14864864864864866,0.9126984126984127,0.030555555555555555,0.0,0.0,0.0,0.3980733950249913,0.403125,0.05555555555555555,0.0,0.1342281879194631,0.9375,0.05555555555555555
184,184_IM-0544-1001.dcm.png,Frontal,Nodule/lung/apex/right,Nodule,Xray Chest PA and Lateral,Body aches,,PA and lateral views were obtained. Lungs are clear. There is no pneumothorax or pleural effusion. The heart and mediastinum are within normal limits. Bony structures are intact. A 5 mm stable right apical nodule.,No acute cardiopulmonary process.,/home/20213144/.cache/kagglehub/datasets/raddar/chest-xrays-indiana-university/versions/2/images/images_normalized/184_IM-0544-1001.dcm.png,Findings: The chest X-ray shows bilateral hilar prominence and a left-sided pleural effusion.,Findings: The chest X-ray shows bilateral hilar prominence and a left-sided pleural effusion.,0.07407407407407407,0.07407407407407407,0.07142857142857144,0.36195112217239267,0.5,0.030555555555555555,0.0,0.14864864864864866,0.9126984126984127,0.030555555555555555,0.07407407407407407,0.07407407407407407,0.07142857142857144,0.36195112217239267,0.403125,0.05555555555555555,0.0,0.1342281879194631,0.9375,0.05555555555555555
185,185_IM-0551-1001.dcm.png,Frontal,Lung/hypoinflation/mild;Markings/bronchovascular;Opacity,Lung;Markings;Opacity,Xray Chest PA and Lateral,HYPERTENSION; preop hernia repair,,The heart is normal in size. The mediastinum is stable. Lungs are mildly hypoinflated. Increased XXXX opacities on lateral projection XXXX reflect bronchovascular crowding. There is no acute infiltrate or pleural effusion.,No acute disease.,/home/20213144/.cache/kagglehub/datasets/raddar/chest-xrays-indiana-university/versions/2/images/images_normalized/185_IM-0551-1001.dcm.png,"Findings: The chest X-ray shows bilateral hilar prominence, which is an enlargement or increased visibility of the hilum on both sides of the lungs.",Findings: The chest X-ray shows bilateral hilar prominence and a left-sided pleural effusion.,0.0,0.0,0.0,0.43942866795818025,0.5,0.030555555555555555,0.0,0.14864864864864866,0.9126984126984127,0.030555555555555555,0.08333333333333333,0.08333333333333333,0.08,0.4061514999559387,0.403125,0.05555555555555555,0.0,0.1342281879194631,0.9375,0.05555555555555555
186,186_IM-0558-1001.dcm.png,Frontal,normal,normal,PA and lateral chest radiograph on XXXX at 00:46 hours. ,"XXXX year old woman, question swallowed foreign body (XXXX XXXX).",None available.,"Cardiac size, mediastinal contour, and pulmonary vascularity are within normal limits. No focal consolidation, suspicious pulmonary opacity, pleural effusion, or pneumothorax. The visualized osseous structures appear intact. No evidence of abnormal radiodense foreign bodies.",No acute cardiopulmonary abnormalities. No evidence of abnormal radiodense foreign bodies.,/home/20213144/.cache/kagglehub/datasets/raddar/chest-xrays-indiana-university/versions/2/images/images_normalized/186_IM-0558-1001.dcm.png,"Findings: The chest X-ray shows bilateral hilar prominence, which is an enlargement or increased visibility of the hilum on both sides of the lungs.","Findings: The chest X-ray shows bilateral hilar prominence, which is an enlargement or increased visibility of the hilar region on both sides of the lungs.",0.0,0.0,0.0,0.3504937961002527,0.5,0.030555555555555555,0.0,0.14864864864864866,0.9126984126984127,0.030555555555555555,0.0,0.0,0.0,0.3598134772808842,0.403125,0.05555555555555555,0.0,0.1342281879194631,0.9375,0.05555555555555555
187,187_IM-0563-1001.dcm.png,Frontal,Aorta/tortuous;Granulomatous Disease,Aorta;Granulomatous Disease,Frontal and lateral chest on XXXX XXXX. ,Dizziness and confusion.,XXXX.,"Normal heart size. Stable tortuous aorta. No pneumothorax, pleural effusion or suspicious focal airspace opacity. Prior granulomatous disease.",Unchanged exam without acute abnormality.,/home/20213144/.cache/kagglehub/datasets/raddar/chest-xrays-indiana-university/versions/2/images/images_normalized/187_IM-0563-1001.dcm.png,"Findings: The chest X-ray shows bilateral hilar prominence, which is an enlargement or increased visibility of the hilum on both sides of the lungs.","Findings: The chest X-ray shows bilateral hilar prominence, which is an enlargement or increased visibility of the hilum on both sides of the lungs.",0.0,0.0,0.0,0.3483454710377494,0.5,0.030555555555555555,0.0,0.14864864864864866,0.9126984126984127,0.030555555555555555,0.0,0.0,0.0,0.3483454710377494,0.403125,0.05555555555555555,0.0,0.1342281879194631,0.9375,0.05555555555555555
188,188_IM-0569-1001.dcm.png,Frontal,Pleural Effusion/left/moderate;Pulmonary Atelectasis/base/left;Airspace Disease/lung/base/left,Pleural Effusion;Pulmonary Atelectasis;Airspace Disease,"Two-view chest x-XXXX, XXXX, 16: 27 hours ",Status post right thoracentesis,"Chest x-XXXX, XXXX",,"1. No residual right pleural effusion identified status post thoracentesis. No pneumothorax. 2. Mediastinum, cardiac size grossly stable. 3. Small to moderate left-sided pleural effusion, increased XXXX compared to prior chest radiograph. Left lung base atelectasis/airspace disease.",/home/20213144/.cache/kagglehub/datasets/raddar/chest-xrays-indiana-university/versions/2/images/images_normalized/188_IM-0569-1001.dcm.png,Findings: The chest X-ray shows hyperinflation of the right lung.,"Findings: The chest X-ray shows bilateral diffuse reticular opacities. Reticular opacities are a pattern of interlacing lines that can be seen in the lung fields, and they may indicate various lung conditions, such as infections, interstitial lung diseases, or other lung abnormalities.",0.0,0.0,0.0,0.42521382961017673,0.5,0.030555555555555555,0.0,0.14864864864864866,0.9126984126984127,0.030555555555555555,0.060606060606060615,0.058823529411764705,0.052631578947368425,0.4175401255633253,0.403125,0.05555555555555555,0.0,0.1342281879194631,0.9375,0.05555555555555555
189,189_IM-0578-1001.dcm.png,Frontal,Opacity/lung/apex/right/focal;Opacity/lung/base/left/mild;Spine/degenerative;Cicatrix/lung/base/left/mild;Pulmonary Atelectasis/base/left/mild,Opacity;Opacity;Spine;Cicatrix;Pulmonary Atelectasis,Xray Chest PA and Lateral,XXXX-year-old with preop evaluation for a herniated disc.,None.,"The heart, pulmonary XXXX and mediastinum are within normal limits. There is no pleural effusion or pneumothorax. There is no focal air space opacity to suggest a pneumonia. There is a 1 cm focal opacity in the right lung apex incompletely evaluated by this exam. There is minimal left basilar XXXX opacity compatible with scarring or atelectasis. There are degenerative changes of the spine.","1 cm of apical opacity, scarring versus nodule. A noncontrast XXXX is indicated for further characterization. Critical result notification documented through Primordial.",/home/20213144/.cache/kagglehub/datasets/raddar/chest-xrays-indiana-university/versions/2/images/images_normalized/189_IM-0578-1001.dcm.png,"Findings: The chest X-ray shows bilateral hilar prominence, which is an enlargement or increased visibility of the hilum on both sides of the lungs.","Findings: The chest X-ray shows bilateral hilar prominence, which is an enlargement or increased visibility of the hilum on both sides of the lungs.",0.0,0.0,0.0,0.3700281431370962,0.5,0.030555555555555555,0.0,0.14864864864864866,0.9126984126984127,0.030555555555555555,0.0,0.0,0.0,0.3700281431370962,0.403125,0.05555555555555555,0.0,0.1342281879194631,0.9375,0.05555555555555555
190,190_IM-0583-1001.dcm.png,Frontal,normal,normal,Xray Chest PA and Lateral,Right sided rib pain. Rule out infiltrate,XXXX,The heart is normal in size. The mediastinum is unremarkable. The lungs are clear. There is no obvious lytic or destructive lesion. No displaced rib fracture is evident.,No acute disease.,/home/20213144/.cache/kagglehub/datasets/raddar/chest-xrays-indiana-university/versions/2/images/images_normalized/190_IM-0583-1001.dcm.png,"Findings: The chest X-ray shows bilateral hilar prominence, which is an enlargement or increased visibility of the hilum on both sides of the lungs.","Findings: The chest X-ray shows bilateral hilar prominence, which is an enlargement or increased visibility of the hilum on both sides of the lungs.",0.0,0.0,0.0,0.426643635251763,0.5,0.030555555555555555,0.0,0.14864864864864866,0.9126984126984127,0.030555555555555555,0.0,0.0,0.0,0.426643635251763,0.403125,0.05555555555555555,0.0,0.1342281879194631,0.9375,0.05555555555555555
191,191_IM-0591-1001.dcm.png,Frontal,normal,normal,Chest x-XXXX XXXX and lateral performed on XXXX ,XXXX.,None.,The heart is normal in size. The pulmonary vascularity is within normal limits in appearance. No focal air space opacities. No pleural effusions or pneumothorax. No acute bony abnormalities.,No acute cardiopulmonary abnormalities.,/home/20213144/.cache/kagglehub/datasets/raddar/chest-xrays-indiana-university/versions/2/images/images_normalized/191_IM-0591-1001.dcm.png,Findings: The chest X-ray shows bilateral hilar prominence and a left-sided pleural effusion.,Findings: The chest X-ray shows bilateral hilar prominence and a left-sided pleural effusion.,0.08333333333333333,0.08333333333333333,0.07692307692307691,0.35150487457481233,0.5,0.030555555555555555,0.0,0.14864864864864866,0.9126984126984127,0.030555555555555555,0.08333333333333333,0.08333333333333333,0.07692307692307691,0.35150487457481233,0.403125,0.05555555555555555,0.0,0.1342281879194631,0.9375,0.05555555555555555
192,192_IM-0598-1001.dcm.png,Frontal,Lung/hypoinflation;Thoracic Vertebrae/degenerative/mild,Lung;Thoracic Vertebrae,"PA and Lateral Chest. XXXX, XXXX at XXXX ",XXXX and congestion,"XXXX, XXXX","Low lung volumes. Heart size and mediastinal contour within normal limits. No focal air space consolidation, pneumothorax, or pleural effusion. Mild thoracic spine degenerative change.",No acute cardiopulmonary abnormality.,/home/20213144/.cache/kagglehub/datasets/raddar/chest-xrays-indiana-university/versions/2/images/images_normalized/192_IM-0598-1001.dcm.png,"Findings: The chest X-ray shows bilateral hilar prominence, which is an enlargement or increased visibility of the hilum on both sides of the lungs.","Findings: The chest X-ray shows bilateral hilar prominence, which is an enlargement or increased visibility of the hilum on both sides of the lungs.",0.0,0.0,0.0,0.40047392252526,0.5,0.030555555555555555,0.0,0.14864864864864866,0.9126984126984127,0.030555555555555555,0.0,0.0,0.0,0.40047392252526,0.403125,0.05555555555555555,0.0,0.1342281879194631,0.9375,0.05555555555555555
193,193_IM-0601-1001.dcm.png,Frontal,Thoracic Vertebrae/degenerative,Thoracic Vertebrae,Xray Chest PA and Lateral,"Chest pain , right arm numbness",None.,This is an apical lordotic view the chest. Heart size and mediastinal contour are normal. Pulmonary vascularity is normal. Lungs are clear. No pleural effusions or pneumothoraces. Degenerative changes in the thoracic spine.,No acute cardiopulmonary process,/home/20213144/.cache/kagglehub/datasets/raddar/chest-xrays-indiana-university/versions/2/images/images_normalized/193_IM-0601-1001.dcm.png,"Findings: The chest X-ray shows bilateral hilar prominence, which is an enlargement or increased visibility of the hilum on both sides of the lungs.",Findings: The chest X-ray shows bilateral hilar prominence and a left-sided pleural effusion.,0.0,0.0,0.0,0.4702238745824588,0.5,0.030555555555555555,0.0,0.14864864864864866,0.9126984126984127,0.030555555555555555,0.07407407407407407,0.07407407407407407,0.06896551724137931,0.4679762572966719,0.403125,0.05555555555555555,0.0,0.1342281879194631,0.9375,0.05555555555555555
194,194_IM-0609-2001.dcm.png,Frontal,Airspace Disease/lung/base/left/mild;Pulmonary Atelectasis/base/left;Infiltrate/lung/base/left,Airspace Disease;Pulmonary Atelectasis;Infiltrate,PA and lateral views of the chest. ,"XXXX-year-old male, rule out tuberculosis.",Two-view chest from XXXX.,Heart size upper limits of normal. Small amount of left basilar airspace disease. The right lung is clear. There are no cavitary lesions seen. No pneumothorax. No pleural effusions.,"Left basilar atelectasis and/or infiltrate, with no radiographic evidence of tuberculosis.",/home/20213144/.cache/kagglehub/datasets/raddar/chest-xrays-indiana-university/versions/2/images/images_normalized/194_IM-0609-2001.dcm.png,Findings: The chest X-ray shows hyperinflation of the right lung.,"Findings: The chest X-ray shows bilateral diffuse reticular opacities. Reticular opacities are a pattern of interlacing lines that can be seen in the lung fields, and they may indicate various lung conditions, such as infections, interstitial lung diseases, or other pulmonary disorders.",0.0,0.0,0.0,0.43576650502932857,0.5,0.030555555555555555,0.0,0.14864864864864866,0.9126984126984127,0.030555555555555555,0.05714285714285715,0.05555555555555555,0.05405405405405405,0.3567796860165711,0.403125,0.05555555555555555,0.0,0.1342281879194631,0.9375,0.05555555555555555
195,195_IM-0618-1002.dcm.png,Frontal,normal,normal,Chest radiograph PA and lateral XXXX/XXXX at XXXX. ,XXXX-year-old female with coughing and wheezing.,None.,Clear lungs bilaterally. No pneumothorax or pleural effusion. Normal cardiac contours,1. No acute cardiopulmonary abnormalities,/home/20213144/.cache/kagglehub/datasets/raddar/chest-xrays-indiana-university/versions/2/images/images_normalized/195_IM-0618-1002.dcm.png,"Findings: The chest X-ray shows bilateral hilar prominence, which is an enlargement or increased visibility of the hilum on both sides of the lungs.","Findings: The chest X-ray shows bilateral hilar prominence, which is an enlargement or increased visibility of the hilum on both sides of the lungs.",0.0,0.0,0.0,0.4248353101844295,0.5,0.030555555555555555,0.0,0.14864864864864866,0.9126984126984127,0.030555555555555555,0.0,0.0,0.0,0.4248353101844295,0.403125,0.05555555555555555,0.0,0.1342281879194631,0.9375,0.05555555555555555
196,196_IM-0626-1001.dcm.png,Frontal,normal,normal,Xray Chest PA and Lateral,Chest pain and shortness of breath.,,"The XXXX examination consists of frontal and lateral radiographs of the chest. The cardiomediastinal contours, lungs, pleura, osseous structures and visualized upper abdomen are normal.",Unremarkable radiographs of the chest.,/home/20213144/.cache/kagglehub/datasets/raddar/chest-xrays-indiana-university/versions/2/images/images_normalized/196_IM-0626-1001.dcm.png,"Findings: The chest X-ray shows bilateral hilar prominence, which is an enlargement or increased visibility of the hilum on both sides of the lungs.","Findings: The chest X-ray shows bilateral hilar lymphadenopathy, which means there is enlargement of the lymph nodes in the hilar region of both lungs.",0.0,0.0,0.0,0.4440191369557306,0.5,0.030555555555555555,0.0,0.14864864864864866,0.9126984126984127,0.030555555555555555,0.13333333333333333,0.13333333333333333,0.10526315789473684,0.4548936148710778,0.403125,0.05555555555555555,0.0,0.1342281879194631,0.9375,0.05555555555555555
197,197_IM-0631-1001.dcm.png,Frontal,Lung/hyperdistention;Calcified Granuloma/lung/lower lobe/right/small,Lung;Calcified Granuloma,"Chest x-XXXX, frontal and lateral. XXXX. XXXX a.m. ",XXXX.,Two-view chest x-XXXX from XXXX.,The cardiomediastinal silhouette is normal. Lungs are hyperexpanded but clear without evidence of effusion or infiltrate. There is a small right lower lobe calcified granuloma that is unchanged from prior examinations. No acute bony abnormality. No pneumothorax or pneumomediastinum.,1. Hyperexpanded lungs.,/home/20213144/.cache/kagglehub/datasets/raddar/chest-xrays-indiana-university/versions/2/images/images_normalized/197_IM-0631-1001.dcm.png,Findings: The chest X-ray shows bilateral hilar prominence and a left-sided pleural effusion.,Findings: The chest X-ray shows bilateral hilar prominence and a left-sided pleural effusion.,0.0,0.0,0.0,0.3718323782721072,0.5,0.030555555555555555,0.0,0.14864864864864866,0.9126984126984127,0.030555555555555555,0.0,0.0,0.0,0.3718323782721072,0.403125,0.05555555555555555,0.0,0.1342281879194631,0.9375,0.05555555555555555
200,200_IM-0653-1001.dcm.png,Frontal,normal,normal,Xray Chest PA and Lateral,Dyspnea and XXXX loss.,,Heart size and pulmonary vascularity appear within normal limits. The lungs are free of focal airspace disease. No pleural effusion or pneumothorax is seen.,1. No evidence of active disease.,/home/20213144/.cache/kagglehub/datasets/raddar/chest-xrays-indiana-university/versions/2/images/images_normalized/200_IM-0653-1001.dcm.png,"Findings: The chest X-ray shows bilateral hilar prominence, which is an enlargement or increased visibility of the hilum on both sides of the lungs.",Findings: The chest X-ray shows bilateral hilar prominence and a left-sided pleural effusion.,0.0,0.0,0.0,0.4249109436362758,0.5,0.030555555555555555,0.0,0.14864864864864866,0.9126984126984127,0.030555555555555555,0.09523809523809522,0.09523809523809522,0.09090909090909091,0.2648631091867657,0.403125,0.05555555555555555,0.0,0.1342281879194631,0.9375,0.05555555555555555
201,201_IM-0660-1001.dcm.png,Frontal,"Opacity/lung/middle lobe/right/mild;Aorta, Thoracic/tortuous/mild;Atherosclerosis/aorta;Thoracic Vertebrae/degenerative;Pulmonary Atelectasis","Opacity;Aorta, Thoracic;Atherosclerosis;Thoracic Vertebrae;Pulmonary Atelectasis",XR Chest PA and Lateral,"Medical XXXX, aspiration.",None.,"The cardiomediastinal silhouette and pulmonary vasculature are within normal limits in size. There is minimal XXXX airspace opacity in the right middle lobe, XXXX atelectasis. The lungs are otherwise clear of focal airspace disease. There is no pneumothorax or pleural effusion. There is mild tortuosity of the thoracic aorta with atherosclerotic calcification of the aortic XXXX. There are moderate degenerative endplate changes in the thoracic spine. There are no acute bony findings.",No acute cardiopulmonary findings. .,/home/20213144/.cache/kagglehub/datasets/raddar/chest-xrays-indiana-university/versions/2/images/images_normalized/201_IM-0660-1001.dcm.png,"Findings: The chest X-ray shows bilateral hilar prominence, which is an enlargement or increased visibility of the hilum on both sides of the lungs.","Findings: The chest X-ray shows bilateral hilar prominence, which is an enlargement or increased visibility of the hilum on both sides of the lungs.",0.0,0.0,0.0,0.4114677812834324,0.5,0.030555555555555555,0.0,0.14864864864864866,0.9126984126984127,0.030555555555555555,0.0,0.0,0.0,0.4114677812834324,0.403125,0.05555555555555555,0.0,0.1342281879194631,0.9375,0.05555555555555555
202,202_IM-0667-4004.dcm.png,Frontal,Cardiomegaly;Pulmonary Congestion;Opacity/lung/interstitial;Pleural Effusion/bilateral/small,Cardiomegaly;Pulmonary Congestion;Opacity;Pleural Effusion,"AP and lateral view chest, XXXX",Back and chest pain.,Chest x-XXXX XXXX,AP and lateral view of the chest.,1. Cardiomegaly with central vascular congestion and increased interstitial opacities suggesting mild interstitial pulmonary edema. 2. Small bilateral pleural effusions. 3. No visible pneumothorax.,/home/20213144/.cache/kagglehub/datasets/raddar/chest-xrays-indiana-university/versions/2/images/images_normalized/202_IM-0667-4004.dcm.png,Findings: The chest X-ray shows bilateral hilar prominence and a left-sided pleural effusion.,"Findings: The chest X-ray shows bilateral diffuse reticular opacities. Reticular opacities are a pattern of interlacing lines that can be seen in the lung fields, and they may indicate various lung conditions, such as infections, interstitial lung diseases, or other pulmonary disorders.",0.19047619047619044,0.18181818181818182,0.08333333333333333,0.5800676142678276,0.5,0.030555555555555555,0.0,0.14864864864864866,0.9126984126984127,0.030555555555555555,0.28571428571428575,0.19999999999999998,0.058823529411764705,0.37329924277560256,0.403125,0.05555555555555555,0.0,0.1342281879194631,0.9375,0.05555555555555555
203,203_IM-0675-1001.dcm.png,Frontal,normal,normal,CHEST 2V FRONTAL/LATERAL ,Chest pain,XXXX,The heart is normal in size. The mediastinum is unremarkable. The lungs are clear.,No acute disease.,/home/20213144/.cache/kagglehub/datasets/raddar/chest-xrays-indiana-university/versions/2/images/images_normalized/203_IM-0675-1001.dcm.png,"Findings: The chest X-ray shows bilateral hilar prominence, which is an enlargement or increased visibility of the hilum on both sides of the lungs.","Findings: The chest X-ray shows bilateral hilar prominence, which is an enlargement or increased visibility of the hilum on both sides of the lungs.",0.0,0.0,0.0,0.42301564641574985,0.5,0.030555555555555555,0.0,0.14864864864864866,0.9126984126984127,0.030555555555555555,0.0,0.0,0.0,0.42301564641574985,0.403125,0.05555555555555555,0.0,0.1342281879194631,0.9375,0.05555555555555555
204,204_IM-0683-1001.dcm.png,Frontal,normal,normal, XXXX PA and lateral chest. ,XXXX.,None.,"Heart size normal. Lungs are clear. XXXX are normal. No pneumonia, effusions, edema, pneumothorax, adenopathy, nodules or masses.",Normal chest,/home/20213144/.cache/kagglehub/datasets/raddar/chest-xrays-indiana-university/versions/2/images/images_normalized/204_IM-0683-1001.dcm.png,"Findings: The chest X-ray shows bilateral hilar prominence, which is an enlargement or increased visibility of the hilum on both sides of the lungs.","Findings: The chest X-ray shows bilateral hilar prominence, which is an enlargement or increased visibility of the hilum on both sides of the lungs.",0.0,0.0,0.0,0.45220318883154165,0.5,0.030555555555555555,0.0,0.14864864864864866,0.9126984126984127,0.030555555555555555,0.0,0.0,0.0,0.45220318883154165,0.403125,0.05555555555555555,0.0,0.1342281879194631,0.9375,0.05555555555555555
205,205_IM-0689-2002.dcm.png,Frontal,Diaphragm/right/elevated,Diaphragm,"PA and lateral chest XXXX, XXXX at XXXX with comparison XXXX.",XXXX,,,Stable normal heart size. Elevated right diaphragm. Lungs are clear.,/home/20213144/.cache/kagglehub/datasets/raddar/chest-xrays-indiana-university/versions/2/images/images_normalized/205_IM-0689-2002.dcm.png,Findings: The chest X-ray shows bilateral hilar prominence and a left-sided pleural effusion.,Findings: The chest X-ray shows bilateral hilar prominence and a left-sided pleural effusion.,0.0,0.0,0.0,0.32298934266896606,0.5,0.030555555555555555,0.0,0.14864864864864866,0.9126984126984127,0.030555555555555555,0.0,0.0,0.0,0.32298934266896606,0.403125,0.05555555555555555,0.0,0.1342281879194631,0.9375,0.05555555555555555
206,206_IM-0697-6001.dcm.png,Frontal,Density/lung/lingula;Cardiomegaly/borderline;Aorta/tortuous;Arthritis/spine;Nodule/lung/lower lobe/left,Density;Cardiomegaly;Aorta;Arthritis;Nodule,"PA and lateral chest XXXX, XXXX at XXXX hours. Pelvis and left hip XXXX at XXXX hours. Left femur XXXX. Left knee 4 views XXXX, XXXX.","XXXX on XXXX, increasing pain.",,Chest  Comparison: There is a 2.6 cm diameter masslike density over the lingula partial obscuration left cardiac XXXX. There may be some ill-defined opacity in the right mid and lower lung zone. No pleural effusion is seen. The heart is borderline enlarged. The aorta is dilated and tortuous. Arthritic changes of the spine are present.  Pelvis and left hip There is an impacted and rotated fracture through the neck of the femur on the left. No pelvic fracture is seen. Arthritic changes are present in the lower lumbar spine. Large amount of stool and XXXX obscures portions of the pelvis.  Femur The femoral images do not XXXX the area of the hip fracture. The remaining portions of the femur appear to be intact with no fracture or destructive process. Extensive atherosclerotic vascular disease throughout the superficial femoral artery is present.  Left knee There is osteoporosis and mild arthritic changes. No fracture is seen. No dislocation is identified. Severe atherosclerotic changes of the superficial femoral and popliteal artery are seen.,Chest. 1. Left lower lobe nodule which is worrisome. If there are no prior films available for comparison XXXX scan for further evaluation. Pelvis and left hip. Rotated subcapital fracture left hip. Femur. 1. No fracture the remaining portions of the femur. Left knee. 1. Normal for age.  Dr. XXXX- XXXX was called and informed of these critical results at XXXX.,/home/20213144/.cache/kagglehub/datasets/raddar/chest-xrays-indiana-university/versions/2/images/images_normalized/206_IM-0697-6001.dcm.png,Findings: The chest X-ray shows bilateral hilar prominence and a left-sided pleural effusion.,Findings: The chest X-ray shows bilateral hilar prominence and a left-sided pleural effusion.,0.02702702702702703,0.025974025974025976,0.02247191011235955,0.4015738451905488,0.5,0.030555555555555555,0.0,0.14864864864864866,0.9126984126984127,0.030555555555555555,0.02702702702702703,0.025974025974025976,0.02247191011235955,0.4015738451905488,0.403125,0.05555555555555555,0.0,0.1342281879194631,0.9375,0.05555555555555555
207,207_IM-0703-1001.dcm.png,Frontal,normal,normal,Xray Chest PA and Lateral,"XXXX, right sided rib pain after falling on the XXXX.",None.,Normal heart size and mediastinal contours. The lungs are clear. There is no pneumothorax or pleural effusion. No acute bony abnormalities.,No acute cardiopulmonary process. No obvious rib fractures. .,/home/20213144/.cache/kagglehub/datasets/raddar/chest-xrays-indiana-university/versions/2/images/images_normalized/207_IM-0703-1001.dcm.png,Findings: The chest X-ray shows bilateral hilar prominence and a left-sided pleural effusion.,Findings: The chest X-ray shows bilateral hilar prominence and a left-sided pleural effusion.,0.08695652173913045,0.08695652173913045,0.08,0.34706929885137255,0.5,0.030555555555555555,0.0,0.14864864864864866,0.9126984126984127,0.030555555555555555,0.08695652173913045,0.08695652173913045,0.08,0.34706929885137255,0.403125,0.05555555555555555,0.0,0.1342281879194631,0.9375,0.05555555555555555
208,208_IM-0711-1001.dcm.png,Frontal,normal,normal,"PA and lateral chest, XXXX, XXXX XXXX PM ",XXXX-year-old male with XXXX for 2 months unrelieved by conservative treatment.,None.,The heart size is normal. The mediastinal contour is within normal limits. The lungs are free of any focal infiltrates. There are no nodules or masses. No visible pneumothorax. No visible pleural fluid. The XXXX are grossly normal. There is no visible free intraperitoneal air under the diaphragm.,1. No acute radiographic cardiopulmonary process.,/home/20213144/.cache/kagglehub/datasets/raddar/chest-xrays-indiana-university/versions/2/images/images_normalized/208_IM-0711-1001.dcm.png,Findings: The chest X-ray shows bilateral hilar prominence and a left-sided pleural effusion.,Findings: The chest X-ray shows bilateral hilar prominence and a left-sided pleural effusion.,0.07142857142857144,0.07142857142857144,0.06451612903225806,0.3361733779647992,0.5,0.030555555555555555,0.0,0.14864864864864866,0.9126984126984127,0.030555555555555555,0.07142857142857144,0.07142857142857144,0.06451612903225806,0.3361733779647992,0.403125,0.05555555555555555,0.0,0.1342281879194631,0.9375,0.05555555555555555
209,209_IM-0721-1001.dcm.png,Frontal,Aorta/tortuous/mild;Calcinosis/aorta/mild,Aorta;Calcinosis,"PA and lateral chest XXXX, XXXX at XXXX ",History of XXXX vehicle collision,,,Heart size normal. Slightly tortuous calcified aorta. No pneumothorax or effusion. No evidence of aortic transection.,/home/20213144/.cache/kagglehub/datasets/raddar/chest-xrays-indiana-university/versions/2/images/images_normalized/209_IM-0721-1001.dcm.png,"Findings: The chest X-ray shows bilateral hilar prominence, which is an enlargement or increased visibility of the hilum on both sides of the lungs.","Findings: The chest X-ray shows bilateral hilar prominence, which is an enlargement or increased visibility of the hilum on both sides of the lungs.",0.0,0.0,0.0,0.29329801548648227,0.5,0.030555555555555555,0.0,0.14864864864864866,0.9126984126984127,0.030555555555555555,0.0,0.0,0.0,0.29329801548648227,0.403125,0.05555555555555555,0.0,0.1342281879194631,0.9375,0.05555555555555555
210,210_IM-0730-1001.dcm.png,Frontal,Surgical Instruments/thorax;Cicatrix/lung/base/left/small,Surgical Instruments;Cicatrix,Xray Chest PA and Lateral,Vomiting beginning last XXXX. XXXX,,There are numerous surgical clips at the thoracic inlet. Small areas of XXXX scarring are seen in the left base. The lungs are otherwise clear. There is no pleural effusion or pneumothorax. The heart and mediastinum are normal. The skeletal structures are normal.,No acute pulmonary disease.,/home/20213144/.cache/kagglehub/datasets/raddar/chest-xrays-indiana-university/versions/2/images/images_normalized/210_IM-0730-1001.dcm.png,"Findings: The chest X-ray shows bilateral hilar prominence, which is an enlargement or increased visibility of the hilum on both sides of the lungs.","Findings: The chest X-ray shows bilateral hilar prominence, which is an enlargement or increased visibility of the hilum on both sides of the lungs.",0.0,0.0,0.0,0.41786567235120925,0.5,0.030555555555555555,0.0,0.14864864864864866,0.9126984126984127,0.030555555555555555,0.0,0.0,0.0,0.41786567235120925,0.403125,0.05555555555555555,0.0,0.1342281879194631,0.9375,0.05555555555555555
211,211_IM-0740-1001.dcm.png,Frontal,normal,normal,"Chest radiographs, 2 images. ",XXXX-year-old woman with pain and decreased range of motion.,XXXX.,Normal heart size. Clear lungs. Trachea is midline. No pneumothorax. No pleural effusion.,No acute cardiopulmonary abnormality.,/home/20213144/.cache/kagglehub/datasets/raddar/chest-xrays-indiana-university/versions/2/images/images_normalized/211_IM-0740-1001.dcm.png,Findings: The chest X-ray shows bilateral hilar prominence and a left-sided pleural effusion.,Findings: The chest X-ray shows bilateral hilar prominence and a left-sided pleural effusion.,0.10526315789473684,0.10526315789473684,0.10526315789473684,0.36898550547726594,0.5,0.030555555555555555,0.0,0.14864864864864866,0.9126984126984127,0.030555555555555555,0.10526315789473684,0.10526315789473684,0.10526315789473684,0.36898550547726594,0.403125,0.05555555555555555,0.0,0.1342281879194631,0.9375,0.05555555555555555
212,212_IM-0746-1001-0001.dcm.png,Frontal,"Lung, Hyperlucent/apex/bilateral;Fractures, Bone/ribs/left/healed","Lung, Hyperlucent;Fractures, Bone","PA AND LATERAL VIEWS OF THE CHEST, RIGHT SHOULDER 3 VIEWS dated XXXX at XXXX hours ","XXXX, shoulder pain",AP chest dated XXXX,Chest: Stable cardiomediastinal silhouette. Pulmonary vascularity is within normal limits. Hyperlucent apices. Negative for focal airspace disease or consolidation. Negative for pneumothorax or pleural effusion. Healed remote left 9th rib fracture. Right shoulder: Negative for fracture or dislocation.,Chest. Right shoulder. 1. No acute cardiopulmonary abnormality. 2. Negative for right shoulder fracture or dislocation.,/home/20213144/.cache/kagglehub/datasets/raddar/chest-xrays-indiana-university/versions/2/images/images_normalized/212_IM-0746-1001-0001.dcm.png,Findings: The chest X-ray shows bilateral hilar prominence and a left-sided pleural effusion.,Findings: The chest X-ray shows bilateral hilar prominence and a left-sided pleural effusion.,0.05405405405405405,0.05405405405405405,0.05405405405405405,0.3872065561427025,0.5,0.030555555555555555,0.0,0.14864864864864866,0.9126984126984127,0.030555555555555555,0.05405405405405405,0.05405405405405405,0.05405405405405405,0.3872065561427025,0.403125,0.05555555555555555,0.0,0.1342281879194631,0.9375,0.05555555555555555
215,215_IM-0769-1001.dcm.png,Frontal,Cardiomegaly;Calcified Granuloma/lung/lingula;Calcified Granuloma/lung/upper lobe/left;Granulomatous Disease;Scoliosis/thoracic vertebrae/left/moderate;Scoliosis/lumbar vertebrae/right/mild;Scoliosis/thoracic vertebrae/right/mild,Cardiomegaly;Calcified Granuloma;Calcified Granuloma;Granulomatous Disease;Scoliosis;Scoliosis;Scoliosis,Xray Chest PA and Lateral,XXXX-year-old female with pulmonary regurgitation.,Chest x-XXXX XXXX and lateral from XXXX.,Stable cardiomegaly. XXXX sternotomy XXXX are intact. No pneumothorax or pleural effusion. XXXX calcific density in the left mid to upper lung XXXX represents old granulomatous disease. No focal consolidation. Stable moderate thoracic levoscoliosis and mild thoracolumbar dextroscoliosis.,1. Stable cardiomegaly with no focal airspace disease. 2. Stable moderate thoracic levoscoliosis and mild thoracolumbar dextroscoliosis. .,/home/20213144/.cache/kagglehub/datasets/raddar/chest-xrays-indiana-university/versions/2/images/images_normalized/215_IM-0769-1001.dcm.png,"Findings: The chest X-ray shows bilateral hilar prominence, which is an enlargement or increased visibility of the hilum on both sides of the lungs.","Findings: The chest X-ray shows bilateral hilar prominence, which is an enlargement or increased visibility of the hilum on both sides of the lungs.",0.0,0.0,0.0,0.4091280205099152,0.5,0.030555555555555555,0.0,0.14864864864864866,0.9126984126984127,0.030555555555555555,0.0,0.0,0.0,0.4091280205099152,0.403125,0.05555555555555555,0.0,0.1342281879194631,0.9375,0.05555555555555555
216,216_IM-0777-2001.dcm.png,Frontal,Cardiac Shadow/enlarged;Pulmonary Atelectasis/base/bilateral/mild;Cardiomegaly,Cardiac Shadow;Pulmonary Atelectasis;Cardiomegaly,PA and lateral chest x-XXXX XXXX. ,XXXX-year-old woman with XXXX onset of chest pain,,The cardiac silhouette is enlarged and has a globular appearance. Mild bibasilar dependent atelectasis. No pneumothorax or large pleural effusion. No acute bone abnormality.,Cardiomegaly with globular appearance of the cardiac silhouette. Considerations would include pericardial effusion or dilated cardiomyopathy.,/home/20213144/.cache/kagglehub/datasets/raddar/chest-xrays-indiana-university/versions/2/images/images_normalized/216_IM-0777-2001.dcm.png,"Findings: The chest X-ray shows bilateral hilar prominence, which is an enlargement or increased visibility of the hilum on both sides of the lungs.","Findings: The chest X-ray shows bilateral hilar prominence, which is an enlargement or increased visibility of the hilum on both sides of the lungs.",0.0,0.0,0.0,0.4111208499248625,0.5,0.030555555555555555,0.0,0.14864864864864866,0.9126984126984127,0.030555555555555555,0.0,0.0,0.0,0.4111208499248625,0.403125,0.05555555555555555,0.0,0.1342281879194631,0.9375,0.05555555555555555
217,217_IM-0786-1001.dcm.png,Frontal,normal,normal,"Radiographs of chest PA and lateral, two views. ",XXXX. Dyspnea.,,,Normal heart size and normal mediastinal contours. Normal pulmonary vasculature. No XXXX of pleural effusions. No infiltrates. Normal X-XXXX of chest.,/home/20213144/.cache/kagglehub/datasets/raddar/chest-xrays-indiana-university/versions/2/images/images_normalized/217_IM-0786-1001.dcm.png,"Findings: The chest X-ray shows bilateral hilar prominence, which is an enlargement or increased visibility of the hilum on both sides of the lungs.","Findings: The chest X-ray shows bilateral hilar lymphadenopathy, which means there is enlargement of the lymph nodes in the region where the bronchi enter the lungs, on both sides.",0.0,0.0,0.0,0.41129301444843086,0.5,0.030555555555555555,0.0,0.14864864864864866,0.9126984126984127,0.030555555555555555,0.0,0.0,0.0,0.3853340136987968,0.403125,0.05555555555555555,0.0,0.1342281879194631,0.9375,0.05555555555555555
218,218_IM-0792-4004.dcm.png,Frontal,"Calcinosis/aorta;Opacity/lung/bilateral;Lung/hyperdistention;Pulmonary Disease, Chronic Obstructive","Calcinosis;Opacity;Lung;Pulmonary Disease, Chronic Obstructive",Xray Chest PA and Lateral,XXXX-year-old female with XXXX,,Heart size is unchanged. Aortic calcification is noted. No pneumothorax. No large pleural effusions. There are unchanged XXXX opacities throughout the lungs which XXXX represent scarring. Lungs are hyperexpanded.,No acute cardiopulmonary abnormalities. Stable chronic lung disease. .,/home/20213144/.cache/kagglehub/datasets/raddar/chest-xrays-indiana-university/versions/2/images/images_normalized/218_IM-0792-4004.dcm.png,"Findings: The chest X-ray shows hyperinflation of the lungs, which means that the lungs appear larger than normal. This can be a sign of various conditions, such as chronic obstructive pulmonary disease (COPD), asthma, or other respiratory issues.",Findings: The chest X-ray shows bilateral hilar prominence and a left-sided pleural effusion.,0.12500000000000003,0.12500000000000003,0.058823529411764705,0.6496615040460335,0.5,0.030555555555555555,0.0,0.14864864864864866,0.9126984126984127,0.030555555555555555,0.07142857142857144,0.07142857142857144,0.06666666666666667,0.3401239004433656,0.403125,0.05555555555555555,0.0,0.1342281879194631,0.9375,0.05555555555555555
219,219_IM-0799-1001.dcm.png,Frontal,normal,normal,Xray Chest PA and Lateral,Melanoma,"XXXX, XXXX",Cardiac and mediastinal contours are within normal limits. The lungs are clear. Bony structures are intact.,No x-XXXX evidence of pulmonary metastatic disease. Stable appearance of the chest.,/home/20213144/.cache/kagglehub/datasets/raddar/chest-xrays-indiana-university/versions/2/images/images_normalized/219_IM-0799-1001.dcm.png,Findings: The chest X-ray shows bilateral hilar prominence and a left-sided pleural effusion.,Findings: The chest X-ray shows bilateral hilar prominence and a left-sided pleural effusion.,0.0,0.0,0.0,0.35088077183489413,0.5,0.030555555555555555,0.0,0.14864864864864866,0.9126984126984127,0.030555555555555555,0.0,0.0,0.0,0.35088077183489413,0.403125,0.05555555555555555,0.0,0.1342281879194631,0.9375,0.05555555555555555
220,220_IM-0811-1001.dcm.png,Frontal,"Catheters, Indwelling;Nodule/lung/bilateral/multiple;Nodule/lung/lingula/prominent","Catheters, Indwelling;Nodule;Nodule",CHEST 2V FRONTAL/LATERAL ,Metastatic colon cancer,"XXXX, XXXX 10",The heart is normal in size. The mediastinum is stable. Left-sided chest XXXX is again visualized with tip at cavoatrial junction. There is no pneumothorax. Numerous bilateral pulmonary nodules have increased in size and number XXXX compared to prior study. The dominant nodule/mass in the left midlung is also mildly increased. There is no pleural effusion.,Interval increase in size and number of innumerable bilateral pulmonary nodules consistent with worsening metastatic disease.,/home/20213144/.cache/kagglehub/datasets/raddar/chest-xrays-indiana-university/versions/2/images/images_normalized/220_IM-0811-1001.dcm.png,"Findings: The chest X-ray shows hyperinflation, which means that the lungs appear larger than normal.","Findings: The chest X-ray shows bilateral diffuse reticular opacities. Reticular opacities are a pattern of interlacing lines that can be seen in the lung fields, and they may indicate various lung conditions, such as infections, interstitial lung diseases, or other pulmonary disorders.",0.05405405405405406,0.0,0.0,0.4611264654846137,0.5,0.030555555555555555,0.0,0.14864864864864866,0.9126984126984127,0.030555555555555555,0.08888888888888889,0.043478260869565216,0.03846153846153846,0.40321397365735995,0.403125,0.05555555555555555,0.0,0.1342281879194631,0.9375,0.05555555555555555
221,221_IM-0817-1001.dcm.png,Frontal,Atherosclerosis/aorta;Costophrenic Angle/left/blunted/mild;Spondylosis/thoracic vertebrae,Atherosclerosis;Costophrenic Angle;Spondylosis,"Chest, 2 views, frontal and lateral",Preop lumbar spine surgery,None.,"Cardiac and mediastinal contours are within normal limits. Atherosclerotic aorta. Mild blunting left costophrenic recess, possibly mild atelectasis or scarring. No confluent lobar consolidation or large volume pleural effusion. Thoracic spondylosis.","Mild blunting left costophrenic recess, possibly mild atelectasis or scarring.",/home/20213144/.cache/kagglehub/datasets/raddar/chest-xrays-indiana-university/versions/2/images/images_normalized/221_IM-0817-1001.dcm.png,"Findings: The chest X-ray shows bilateral hilar prominence, which is an enlargement or increased visibility of the hilum on both sides of the lungs.","Findings: The chest X-ray shows bilateral hilar lymphadenopathy, which means there is enlargement of the lymph nodes in the region where the bronchi enter the lungs, on both sides.",0.0,0.0,0.0,0.3506549224884358,0.5,0.030555555555555555,0.0,0.14864864864864866,0.9126984126984127,0.030555555555555555,0.0,0.0,0.0,0.3123825661565498,0.403125,0.05555555555555555,0.0,0.1342281879194631,0.9375,0.05555555555555555
222,222_IM-0823-1001.dcm.png,Frontal,normal,normal,Xray Chest PA and Lateral,Chronic XXXX.,,The heart size and pulmonary vascularity appear within normal limits. The lungs are free of focal airspace disease. No pleural effusion or pneumothorax is seen.,1. No evidence of active disease.,/home/20213144/.cache/kagglehub/datasets/raddar/chest-xrays-indiana-university/versions/2/images/images_normalized/222_IM-0823-1001.dcm.png,"Findings: The chest X-ray shows bilateral hilar prominence, which is an enlargement or increased visibility of the hilum on both sides of the lungs.","Findings: The chest X-ray shows bilateral hilar lymphadenopathy, which means there is enlargement of the lymph nodes in the region where the bronchi enter the lungs, on both sides.",0.0,0.0,0.0,0.42749801784222813,0.5,0.030555555555555555,0.0,0.14864864864864866,0.9126984126984127,0.030555555555555555,0.0,0.0,0.0,0.31438321953992815,0.403125,0.05555555555555555,0.0,0.1342281879194631,0.9375,0.05555555555555555
223,223_IM-0831-1001.dcm.png,Frontal,Markings/bronchovascular,Markings,Xray Chest PA and Lateral,"XXXX-year-old female, short of breath, chest pain",,"Heart size within normal limits, stable mediastinal and hilar contours. No focal alveolar consolidation, no definite pleural effusion seen. Bronchovascular crowding without typical findings of pulmonary edema.",No acute findings,/home/20213144/.cache/kagglehub/datasets/raddar/chest-xrays-indiana-university/versions/2/images/images_normalized/223_IM-0831-1001.dcm.png,Findings: The chest X-ray shows bilateral hilar prominence and a left-sided pleural effusion.,Findings: The chest X-ray shows bilateral hilar prominence and a left-sided pleural effusion.,0.15384615384615383,0.15384615384615383,0.14285714285714288,0.42744574932921764,0.5,0.030555555555555555,0.0,0.14864864864864866,0.9126984126984127,0.030555555555555555,0.15384615384615383,0.15384615384615383,0.14285714285714288,0.42744574932921764,0.403125,0.05555555555555555,0.0,0.1342281879194631,0.9375,0.05555555555555555
224,224_IM-0837-1001.dcm.png,Frontal,normal,normal,"Chest radiographs, 2 images. ",XXXX-year-old with dyspnea.,XXXX.,Clear lungs. Normal heart. No pneumothorax. No pleural effusion. Old right rib fractures.,No acute cardiopulmonary abnormality.,/home/20213144/.cache/kagglehub/datasets/raddar/chest-xrays-indiana-university/versions/2/images/images_normalized/224_IM-0837-1001.dcm.png,"Findings: The chest X-ray shows bilateral hilar prominence, which is an enlargement or increased visibility of the hilum on both sides of the lungs.","Findings: The chest X-ray shows bilateral hilar prominence, which is an enlargement or increased visibility of the hilum on both sides of the lungs.",0.0,0.0,0.0,0.4059471813258938,0.5,0.030555555555555555,0.0,0.14864864864864866,0.9126984126984127,0.030555555555555555,0.0,0.0,0.0,0.4059471813258938,0.403125,0.05555555555555555,0.0,0.1342281879194631,0.9375,0.05555555555555555
225,225_IM-0844-1001.dcm.png,Frontal,normal,normal,Xray Chest PA and Lateral,"XXXX-year-old male with XXXX, shortness breath, and asthma.",None.,Cardiomediastinal silhouette is within normal limits. No focal consolidation. No pneumothorax or pleural effusion. No acute bony abnormalities.,No acute cardiopulmonary abnormalities. .,/home/20213144/.cache/kagglehub/datasets/raddar/chest-xrays-indiana-university/versions/2/images/images_normalized/225_IM-0844-1001.dcm.png,Findings: The chest X-ray shows bilateral hilar prominence and a left-sided pleural effusion.,"Findings: The chest X-ray shows bilateral diffuse reticular opacities. Reticular opacities are a pattern of interlacing lines that can be seen in the lung fields, and they may indicate various lung conditions, such as infections, interstitial lung diseases, or other pulmonary disorders.",0.1,0.1,0.09523809523809522,0.3210085853078254,0.5,0.030555555555555555,0.0,0.14864864864864866,0.9126984126984127,0.030555555555555555,0.0,0.0,0.0,0.44141236271794354,0.403125,0.05555555555555555,0.0,0.1342281879194631,0.9375,0.05555555555555555
226,226_IM-0851-1001.dcm.png,Frontal,normal,normal,Xray Chest PA and Lateral,Preop anesthesia XXXX,None.,The cardiac contours are normal. The lungs are clear. Thoracic spondylosis.,No acute process.,/home/20213144/.cache/kagglehub/datasets/raddar/chest-xrays-indiana-university/versions/2/images/images_normalized/226_IM-0851-1001.dcm.png,Findings: The chest X-ray shows bilateral hilar prominence and a left-sided pleural effusion.,Findings: The chest X-ray shows bilateral hilar prominence and a left-sided pleural effusion.,0.0,0.0,0.0,0.29973396888705683,0.5,0.030555555555555555,0.0,0.14864864864864866,0.9126984126984127,0.030555555555555555,0.0,0.0,0.0,0.29973396888705683,0.403125,0.05555555555555555,0.0,0.1342281879194631,0.9375,0.05555555555555555
227,227_IM-0859-12012.dcm.png,Frontal,Cardiomegaly;Pulmonary Congestion/prominent;Opacity/lung/base/bilateral/interstitial/diffuse/mild;Pulmonary Edema/interstitial;Pleural Effusion/bilateral,Cardiomegaly;Pulmonary Congestion;Opacity;Pulmonary Edema;Pleural Effusion,Xray Chest PA and Lateral,"XXXX-year-old male with dyspnea, chest pain",Chest XXXX,"Heart is enlarged. There is prominence of the central pulmonary vasculature. Mild diffuse interstitial opacities bilaterally, predominantly in the bases, with no focal consolidation, pleural effusion, or pneumothoraces. XXXX and soft tissues are unremarkable.",Cardiomegaly with pulmonary interstitial edema and XXXX bilateral pleural effusions. .,/home/20213144/.cache/kagglehub/datasets/raddar/chest-xrays-indiana-university/versions/2/images/images_normalized/227_IM-0859-12012.dcm.png,"Findings: The chest X-ray shows bilateral diffuse reticular opacities. Reticular opacities are a pattern of interlacing lines that can be seen in the lung fields, and they may indicate various lung conditions, such as infections, interstitial lung diseases, or other lung abnormalities.","Findings: The chest X-ray shows bilateral diffuse reticular opacities. Reticular opacities are a pattern of interlacing lines that can be seen in the lung fields, and they may indicate various lung conditions, such as infections, interstitial lung diseases, or other pulmonary abnormalities.",0.22857142857142854,0.16216216216216217,0.05,0.42172096509603524,0.5,0.030555555555555555,0.0,0.14864864864864866,0.9126984126984127,0.030555555555555555,0.27777777777777773,0.15789473684210525,0.048780487804878044,0.44498181119952435,0.403125,0.05555555555555555,0.0,0.1342281879194631,0.9375,0.05555555555555555
228,228_IM-0866-3001.dcm.png,Frontal,Subcutaneous Emphysema/neck/bilateral;Subcutaneous Emphysema/thorax/left;Subcutaneous Emphysema/abdomen/right;Surgical Instruments/right,Subcutaneous Emphysema;Subcutaneous Emphysema;Subcutaneous Emphysema;Surgical Instruments,Xray Chest PA and Lateral,"XXXX-year-old male, status post pyeloplasty.",None available.,"Heart size, mediastinal contour, and pulmonary vascularity are within normal limits. No focal consolidation, suspicious pulmonary opacity, large pleural effusion, or pneumothorax is identified. Visualized osseous structures appear intact. Surgical XXXX is noted in the right upper quadrant. Subcutaneous emphysema seen along the neck bilaterally, right lateral upper abdomen, and left chest.","1. No acute cardiopulmonary abnormality. 2. Subcutaneous emphysema of the neck, left lateral chest, and right lateral abdominal soft tissues noted. .",/home/20213144/.cache/kagglehub/datasets/raddar/chest-xrays-indiana-university/versions/2/images/images_normalized/228_IM-0866-3001.dcm.png,Findings: The chest X-ray shows hyperinflation of the right lung.,"Findings: The chest X-ray shows bilateral hilar lymphadenopathy, which means there is enlargement of the lymph nodes in the hilar region of both lungs.",0.0,0.0,0.0,0.43670647226799986,0.5,0.030555555555555555,0.0,0.14864864864864866,0.9126984126984127,0.030555555555555555,0.0,0.0,0.0,0.3625426307511688,0.403125,0.05555555555555555,0.0,0.1342281879194631,0.9375,0.05555555555555555
229,229_IM-0873-1001.dcm.png,Frontal,Calcinosis/mediastinum;Nodule/lung/upper lobe/right,Calcinosis;Nodule,Xray Chest PA and Lateral,"XXXX-year-old female, XXXX, XXXX of breath, chest pain",,"Heart size within normal limits. No focal alveolar consolidation, no definite pleural effusion seen. No typical findings of pulmonary edema. Mediastinal calcification and dense right upper lung nodule suggest a previous granulomatous process.",No acute cardiopulmonary findings,/home/20213144/.cache/kagglehub/datasets/raddar/chest-xrays-indiana-university/versions/2/images/images_normalized/229_IM-0873-1001.dcm.png,"Findings: The chest X-ray shows bilateral hilar prominence, which is an enlargement or increased visibility of the hilum on both sides of the lungs.","Findings: The chest X-ray shows bilateral hilar prominence, which is an enlargement or increased visibility of the hilum on both sides of the lungs.",0.0,0.0,0.0,0.41250190601573183,0.5,0.030555555555555555,0.0,0.14864864864864866,0.9126984126984127,0.030555555555555555,0.0,0.0,0.0,0.41250190601573183,0.403125,0.05555555555555555,0.0,0.1342281879194631,0.9375,0.05555555555555555
230,230_IM-0880-0001-0002.dcm.png,Frontal,Nodule/lung/lingula,Nodule,"2 VIEW CHEST: XXXX, XXXX at XXXX hours.","XXXX, dyspnea","XXXX, XXXX",,"Stable cardiomediastinal silhouette. Stable lingular nodule, presumably granuloma . No pleural effusion, pneumothorax or interval airspace consolidation to suggest pneumonia.",/home/20213144/.cache/kagglehub/datasets/raddar/chest-xrays-indiana-university/versions/2/images/images_normalized/230_IM-0880-0001-0002.dcm.png,Findings: The chest X-ray shows bilateral hilar prominence and a left-sided pleural effusion.,Findings: The chest X-ray shows bilateral hilar prominence and a left-sided pleural effusion.,0.1111111111111111,0.1111111111111111,0.09523809523809522,0.4269443560041758,0.5,0.030555555555555555,0.0,0.14864864864864866,0.9126984126984127,0.030555555555555555,0.1111111111111111,0.1111111111111111,0.09523809523809522,0.4269443560041758,0.403125,0.05555555555555555,0.0,0.1342281879194631,0.9375,0.05555555555555555
233,233_IM-0899-1001.dcm.png,Frontal,Density/lung/base/left;Opacity/lung/base/right/small;Pulmonary Atelectasis;Diaphragmatic Eventration/right;Technical Quality of Image Unsatisfactory ;Diaphragm/right/posterior/elevated;Markings/lung/apex/bilateral;Deformity/ribs/right/chronic;Costophrenic Angle/right/obscured,Density;Opacity;Pulmonary Atelectasis;Diaphragmatic Eventration;Technical Quality of Image Unsatisfactory ;Diaphragm;Markings;Deformity;Costophrenic Angle,PA and Lateral Chest,"XXXX-year-old female, post XXXX closure",,"Atrial septal occluder artifact. Rotated frontal position, overall heart size within normal limits, no typical findings of pulmonary edema. XXXX densities in the left base, small focal XXXX opacity in the right base with focal posterior right hemidiaphragm elevation and obscured right costophrenic XXXX. Biapical pleuroparenchymal irregularities most compatible with scarring, chronic appearing right 5th rib contour deformity. No pneumothorax seen.","1. XXXX densities in left base may be compatible with scarring or subsegmental atelectasis 2. Abnormal opacity in the right base XXXX due at XXXX in part to atelectasis with right hemidiaphragm eventration, question small right pleural effusion",/home/20213144/.cache/kagglehub/datasets/raddar/chest-xrays-indiana-university/versions/2/images/images_normalized/233_IM-0899-1001.dcm.png,"Findings: The chest X-ray shows bilateral hilar prominence, which is an enlargement or increased visibility of the hilum on both sides of the lungs.","Findings: The chest X-ray shows bilateral hilar lymphadenopathy, which means there is enlargement of the lymph nodes in the hilar region of both lungs.",0.0,0.0,0.0,0.4114885862702111,0.5,0.030555555555555555,0.0,0.14864864864864866,0.9126984126984127,0.030555555555555555,0.0,0.0,0.0,0.29846466958564827,0.403125,0.05555555555555555,0.0,0.1342281879194631,0.9375,0.05555555555555555
234,234_IM-0906-0001-0001.dcm.png,Frontal,normal,normal,Xray Chest PA and Lateral,The patient is a XXXX year-old male with left-sided chest pain.,"Chest x-XXXX, 2 views PA and lateral from XXXX.","The trachea is midline. The cardiomediastinal silhouette is normal. The lungs are clear, without focal consolidation or effusion. There is no pneumothorax. The visualized bony structures reveal no acute abnormalities. Lateral view reveals mild degenerative changes of the thoracic spine. No layering pleural effusion or pneumothorax seen on decubitus exam.","Chest x-XXXX, lateral, and decubitus. 1. No acute cardiopulmonary abnormalities. 2. No evidence of pleural effusion. .",/home/20213144/.cache/kagglehub/datasets/raddar/chest-xrays-indiana-university/versions/2/images/images_normalized/234_IM-0906-0001-0001.dcm.png,"Findings: The chest X-ray shows bilateral hilar prominence, which is an enlargement or increased visibility of the hilum on both sides of the lungs.","Findings: The chest X-ray shows bilateral hilar lymphadenopathy, which means there is enlargement of the lymph nodes in the region where the bronchi enter the lungs, on both sides.",0.0,0.0,0.0,0.43337434519574136,0.5,0.030555555555555555,0.0,0.14864864864864866,0.9126984126984127,0.030555555555555555,0.0,0.0,0.0,0.3478149421077382,0.403125,0.05555555555555555,0.0,0.1342281879194631,0.9375,0.05555555555555555
236,236_IM-0924-1001.dcm.png,Frontal,normal,normal,PA and lateral views of the chest. ,XXXX-year-old female diffuse chest pain.,None available.,Heart size is within normal limits. No focal airspace consolidations. No pneumothorax or pleural effusion.,No acute cardiopulmonary findings.,/home/20213144/.cache/kagglehub/datasets/raddar/chest-xrays-indiana-university/versions/2/images/images_normalized/236_IM-0924-1001.dcm.png,"Findings: The chest X-ray shows bilateral hilar prominence, which is an enlargement or increased visibility of the hilum on both sides of the lungs.","Findings: The chest X-ray shows bilateral hilar prominence, which is an enlargement or increased visibility of the hilum on both sides of the lungs.",0.0,0.0,0.0,0.3140917135506963,0.5,0.030555555555555555,0.0,0.14864864864864866,0.9126984126984127,0.030555555555555555,0.0,0.0,0.0,0.3140917135506963,0.403125,0.05555555555555555,0.0,0.1342281879194631,0.9375,0.05555555555555555
237,237_IM-0930-2001.dcm.png,Frontal,Calcified Granuloma/lung/hilum/right/multiple;Thoracic Vertebrae/degenerative/multiple,Calcified Granuloma;Thoracic Vertebrae,PA and lateral chest radiographs. ,XXXX-year-old female with XXXX.,None.,"The heart size and cardiomediastinal silhouette are normal. The lungs are clear without focal airspace opacity, pleural effusion, or pneumothorax. There are numerous calcified granuloma in the right perihilar region. There are multilevel degenerative changes in the thoracic spine.",No acute cardiopulmonary finding.,/home/20213144/.cache/kagglehub/datasets/raddar/chest-xrays-indiana-university/versions/2/images/images_normalized/237_IM-0930-2001.dcm.png,"Findings: The chest X-ray shows bilateral hilar prominence, which is an enlargement or increased visibility of the hilum on both sides of the lungs.","Findings: The chest X-ray shows a homogenous opacity in the right hemithorax. This means that there is an area of increased density in the right side of the chest, which could be due to various reasons such as fluid accumulation, infection, or a mass.

Impression: The presence of a homogenous opacity in the right hemithorax may indicate an underlying issue that requires further investigation. It is important to consider the patient's clinical history and symptoms, as well as consult a healthcare professional for a thorough evaluation and proper diagnosis of the underlying cause of these findings.",0.0,0.0,0.0,0.43518984599795346,0.5,0.030555555555555555,0.0,0.14864864864864866,0.9126984126984127,0.030555555555555555,0.05714285714285715,0.05714285714285715,0.0,0.4301702496029263,0.403125,0.05555555555555555,0.0,0.1342281879194631,0.9375,0.05555555555555555
238,238_IM-0939-1001.dcm.png,Frontal,normal,normal,"PA and Lateral Chest. XXXX, XXXX XXXX XXXX . ",Shortness of breath.,XXXX.,"Stable cardiomediastinal silhouette. No focal pulmonary opacity, pleural effusion or pneumothorax. No acute bony abnormality.",No acute cardiopulmonary abnormality.,/home/20213144/.cache/kagglehub/datasets/raddar/chest-xrays-indiana-university/versions/2/images/images_normalized/238_IM-0939-1001.dcm.png,Findings: The chest X-ray shows bilateral hilar prominence and a left-sided pleural effusion.,"Findings: The chest X-ray shows bilateral hilar lymphadenopathy, which means there is enlargement of the lymph nodes in the hilar region of both lungs.",0.10526315789473684,0.1,0.09523809523809522,0.36898235371688837,0.5,0.030555555555555555,0.0,0.14864864864864866,0.9126984126984127,0.030555555555555555,0.0,0.0,0.0,0.3020700602793216,0.403125,0.05555555555555555,0.0,0.1342281879194631,0.9375,0.05555555555555555
239,239_IM-0944-1001.dcm.png,Frontal,normal,normal," XXXX PA and lateral chest XXXX, XXXX XXXX comparison XXXX XXXX ",XXXX x1 XXXX,,,Heart upper limits normal. Lungs are clear. No effusions. No nodules masses or infiltrates. No bony abnormalities.,/home/20213144/.cache/kagglehub/datasets/raddar/chest-xrays-indiana-university/versions/2/images/images_normalized/239_IM-0944-1001.dcm.png,"Findings: The chest X-ray shows bilateral hilar prominence, which is an enlargement or increased visibility of the hilum on both sides of the lungs.","Findings: The chest X-ray shows bilateral hilar prominence, which is an enlargement or increased visibility of the hilum on both sides of the lungs.",0.0,0.0,0.0,0.42331845874692253,0.5,0.030555555555555555,0.0,0.14864864864864866,0.9126984126984127,0.030555555555555555,0.0,0.0,0.0,0.42331845874692253,0.403125,0.05555555555555555,0.0,0.1342281879194631,0.9375,0.05555555555555555
240,240_IM-0950-1001.dcm.png,Frontal,Cicatrix/lung/apex/right/streaky;Calcinosis/aorta,Cicatrix;Calcinosis,"SPINE LUMBAR 2 OR 3 VIEWS; two-view chest. XXXX, XXXX XXXX PM ",low back pn,"XXXX, XXXX.","Chest. There is no change in the strandy scarring in the right apex. No XXXX infiltrates or masses in the lungs. Heart and mediastinum remain normal. Lumbosacral spine. disc spaces are old narrow, and large osteophytes present on the vertebral bodies, worst at L2-L3. XXXX elements from L4 through S1 are sclerotic. Sacrum and sacroiliac joints are normal. Calcific aortic disease is present.",1. Chest. No change right upper lobe scar. No acute disease. 2. Lumbosacral spine. Multiple levels of advanced degenerative disc disease and XXXX arthritis.,/home/20213144/.cache/kagglehub/datasets/raddar/chest-xrays-indiana-university/versions/2/images/images_normalized/240_IM-0950-1001.dcm.png,"Findings: The chest X-ray shows bilateral hilar prominence, which is an enlargement or increased visibility of the hilum on both sides of the lungs.","Findings: The chest X-ray shows bilateral hilar lymphadenopathy, which means there is enlargement of the lymph nodes in the region where the bronchi enter the lungs, on both sides.",0.0,0.0,0.0,0.3747605370318609,0.5,0.030555555555555555,0.0,0.14864864864864866,0.9126984126984127,0.030555555555555555,0.0,0.0,0.0,0.2794231396009178,0.403125,0.05555555555555555,0.0,0.1342281879194631,0.9375,0.05555555555555555
241,241_IM-0955-1001.dcm.png,Frontal,normal,normal,"CHEST 2V FRONTAL/LATERAL XXXX, XXXX XXXX PM ",chest pain,,The trachea is midline. Cardiomediastinal silhouette is normal in size and contour. The lungs are clear without evidence of acute infiltrate or effusion. There is no pneumothorax. The visualized bony structures reveal no acute abnormalities.,No acute cardiopulmonary abnormalities.,/home/20213144/.cache/kagglehub/datasets/raddar/chest-xrays-indiana-university/versions/2/images/images_normalized/241_IM-0955-1001.dcm.png,Findings: The chest X-ray shows hyperinflation of the right lung.,"Findings: The chest X-ray shows bilateral hilar prominence, which is an enlargement or increased visibility of the hilum on both sides of the lungs.",0.0,0.0,0.0,0.3820779140509938,0.5,0.030555555555555555,0.0,0.14864864864864866,0.9126984126984127,0.030555555555555555,0.0,0.0,0.0,0.42102230473116514,0.403125,0.05555555555555555,0.0,0.1342281879194631,0.9375,0.05555555555555555
242,242_IM-0963-1001.dcm.png,Frontal,normal,normal,Xray Chest PA and Lateral,XXXX-year-old female with syncope,,"Lungs are clear bilaterally with no focal infiltrate, pleural effusion, or pneumothoraces. Cardiomediastinal silhouette is within normal limits. XXXX and soft tissues are unremarkable.",No acute cardiopulmonary findings. .,/home/20213144/.cache/kagglehub/datasets/raddar/chest-xrays-indiana-university/versions/2/images/images_normalized/242_IM-0963-1001.dcm.png,"Findings: The chest X-ray shows bilateral hilar prominence, which is an enlargement or increased visibility of the hilum on both sides of the lungs.","Findings: The chest X-ray shows bilateral hilar lymphadenopathy, which means there is enlargement of the lymph nodes in the region where the bronchi enter the lungs, on both sides.",0.0,0.0,0.0,0.41290293501003766,0.5,0.030555555555555555,0.0,0.14864864864864866,0.9126984126984127,0.030555555555555555,0.0,0.0,0.0,0.34029499899877,0.403125,0.05555555555555555,0.0,0.1342281879194631,0.9375,0.05555555555555555
243,243_IM-0971-2001.dcm.png,Frontal,normal,normal," PA and lateral chest XXXX, XXXX XXXX comparison XXXX XXXX ",rule out infiltrates,,,Heart size normal and lungs are clear,/home/20213144/.cache/kagglehub/datasets/raddar/chest-xrays-indiana-university/versions/2/images/images_normalized/243_IM-0971-2001.dcm.png,"Findings: The chest X-ray shows bilateral hilar prominence, which is an enlargement or increased visibility of the hilum on both sides of the lungs.","Findings: The chest X-ray shows bilateral hilar prominence, which is an enlargement or increased visibility of the hilum on both sides of the lungs.",0.0,0.0,0.0,0.4372199550163701,0.5,0.030555555555555555,0.0,0.14864864864864866,0.9126984126984127,0.030555555555555555,0.0,0.0,0.0,0.4372199550163701,0.403125,0.05555555555555555,0.0,0.1342281879194631,0.9375,0.05555555555555555
244,244_IM-0978-1001.dcm.png,Frontal,normal,normal,"Chest x-XXXX AP and lateral, 2 views. ",Chest pain.,None.,"Heart XXXX, mediastinum, XXXX, bony structures and lung XXXX are unremarkable.",No radiographic evidence of acute cardiopulmonary disease,/home/20213144/.cache/kagglehub/datasets/raddar/chest-xrays-indiana-university/versions/2/images/images_normalized/244_IM-0978-1001.dcm.png,Findings: The chest X-ray shows bilateral hilar prominence and a left-sided pleural effusion.,Findings: The chest X-ray shows bilateral hilar prominence and a left-sided pleural effusion.,0.0,0.0,0.0,0.2900080978616457,0.5,0.030555555555555555,0.0,0.14864864864864866,0.9126984126984127,0.030555555555555555,0.0,0.0,0.0,0.2900080978616457,0.403125,0.05555555555555555,0.0,0.1342281879194631,0.9375,0.05555555555555555
245,245_IM-0985-1001.dcm.png,Frontal,Pneumonia/upper lobe/left;Airspace Disease/lung/upper lobe/left,Pneumonia;Airspace Disease,"Chest PA and lateral views. XXXX, XXXX XXXX PM ",XXXX with XXXX,none,XXXX XXXX and lateral chest examination was obtained. The heart silhouette is normal in size and contour. Aortic XXXX appear unremarkable. Lungs demonstrate left upper lobe airspace disease most XXXX pneumonia. There is no effusion or pneumothorax.,1. Left upper lobe pneumonia.,/home/20213144/.cache/kagglehub/datasets/raddar/chest-xrays-indiana-university/versions/2/images/images_normalized/245_IM-0985-1001.dcm.png,Findings: The chest X-ray shows bilateral hilar prominence and a left-sided pleural effusion.,Findings: The chest X-ray shows bilateral hilar prominence and a left-sided pleural effusion.,0.0,0.0,0.0,0.3762511367181944,0.5,0.030555555555555555,0.0,0.14864864864864866,0.9126984126984127,0.030555555555555555,0.0,0.0,0.0,0.3762511367181944,0.403125,0.05555555555555555,0.0,0.1342281879194631,0.9375,0.05555555555555555
246,246_IM-0992-1002001.dcm.png,Frontal,normal,normal,XR Chest PA and Lateral,Chest pain,,The lungs are clear. There is no pleural effusion or pneumothorax. The heart and mediastinum are normal. The skeletal structures are normal.,No acute pulmonary disease.,/home/20213144/.cache/kagglehub/datasets/raddar/chest-xrays-indiana-university/versions/2/images/images_normalized/246_IM-0992-1002001.dcm.png,Findings: The chest X-ray shows bilateral hilar prominence and a left-sided pleural effusion.,Findings: The chest X-ray shows bilateral hilar prominence and a left-sided pleural effusion.,0.10526315789473684,0.10526315789473684,0.09523809523809522,0.416030848815297,0.5,0.030555555555555555,0.0,0.14864864864864866,0.9126984126984127,0.030555555555555555,0.10526315789473684,0.10526315789473684,0.09523809523809522,0.416030848815297,0.403125,0.05555555555555555,0.0,0.1342281879194631,0.9375,0.05555555555555555
247,247_IM-1000-1001.dcm.png,Frontal,normal,normal,PA and Lateral Chest: XXXX at XXXX hours.,"Chest pain, dyspnea.",None.,The cardiomediastinal silhouette is normal in size and contour. Lungs are clear without focal areas of consolidation. No pneumothorax or large pleural effusion. No acute bone abnormality.,No acute cardiopulmonary process.,/home/20213144/.cache/kagglehub/datasets/raddar/chest-xrays-indiana-university/versions/2/images/images_normalized/247_IM-1000-1001.dcm.png,"Findings: The chest X-ray shows bilateral hilar prominence, which is an enlargement or increased visibility of the hilum on both sides of the lungs.","Findings: The chest X-ray shows bilateral hilar prominence, which is an enlargement or increased visibility of the hilum on both sides of the lungs.",0.0,0.0,0.0,0.41310743576615344,0.5,0.030555555555555555,0.0,0.14864864864864866,0.9126984126984127,0.030555555555555555,0.0,0.0,0.0,0.41310743576615344,0.403125,0.05555555555555555,0.0,0.1342281879194631,0.9375,0.05555555555555555
248,248_IM-1008-85149002.dcm.png,Frontal,Calcified Granuloma/lung/middle lobe/right/small,Calcified Granuloma,Xray Chest PA and Lateral,The patient is a XXXX-year-old male with left upper abdominal pain.,None.,"No pneumothorax, pleural effusion or airspace consolidation. Heart size and pulmonary vasculature appear within normal limits. XXXX XXXX are intact. There is a small calcified granuloma in the right midlung.",No acute cardiopulmonary abnormality. .,/home/20213144/.cache/kagglehub/datasets/raddar/chest-xrays-indiana-university/versions/2/images/images_normalized/248_IM-1008-85149002.dcm.png,"Findings: The chest X-ray shows bilateral hilar prominence, which is an enlargement or increased visibility of the hilum on both sides of the lungs.",Findings: The chest X-ray shows bilateral hilar prominence and a left-sided pleural effusion.,0.0,0.0,0.0,0.333608836299497,0.5,0.030555555555555555,0.0,0.14864864864864866,0.9126984126984127,0.030555555555555555,0.07692307692307691,0.07692307692307691,0.07407407407407407,0.33918951487689925,0.403125,0.05555555555555555,0.0,0.1342281879194631,0.9375,0.05555555555555555
249,249_IM-1016-1001.dcm.png,Frontal,Mass/lung/middle lobe/right,Mass,"PA and Lateral Chest. XXXX, XXXX at XXXX ","XXXX-year-old male, chest pain.","XXXX, XXXX.","Lobulated right middle lobe mass measuring 4.5 x 6.8 cm, increased in size compared to prior study, most compatible with neoplasm. Otherwise, the lungs are clear without focal consolidation. No pneumothorax or pleural effusion. Cardiomediastinal silhouette within normal limits.","1. Interval enlargement of right middle lobe mass, highly suspicious for malignancy. Recommend CT of the chest/abdomen with intravenous contrast for further evaluation. 2. Otherwise clear lungs. Dr. XXXX XXXX notified of the critical results at XXXX on XXXX, XXXX by telephone and acknowledged receipt of these results.",/home/20213144/.cache/kagglehub/datasets/raddar/chest-xrays-indiana-university/versions/2/images/images_normalized/249_IM-1016-1001.dcm.png,Findings: The chest X-ray shows bilateral hilar prominence and a left-sided pleural effusion.,Findings: The chest X-ray shows bilateral hilar prominence and a left-sided pleural effusion.,0.06451612903225806,0.06451612903225806,0.058823529411764705,0.34307647802610136,0.5,0.030555555555555555,0.0,0.14864864864864866,0.9126984126984127,0.030555555555555555,0.06451612903225806,0.06451612903225806,0.058823529411764705,0.34307647802610136,0.403125,0.05555555555555555,0.0,0.1342281879194631,0.9375,0.05555555555555555
250,250_IM-1025-1001.dcm.png,Frontal,Spine/degenerative/mild,Spine,Xray Chest PA and Lateral,XXXX-year-old female with persistent XXXX for 6 months.,,The lungs are clear. There is no focal airspace consolidation. No pleural effusion or pneumothorax. Heart size and mediastinal contour are normal. There are minimal degenerative changes of the spine.,No evidence of active disease.,/home/20213144/.cache/kagglehub/datasets/raddar/chest-xrays-indiana-university/versions/2/images/images_normalized/250_IM-1025-1001.dcm.png,"Findings: The chest X-ray shows bilateral hilar prominence, which is an enlargement or increased visibility of the hilum on both sides of the lungs.","Findings: The chest X-ray shows a homogenous opacity in the right hemithorax. This means that there is an area of increased density in the right side of the chest, which could be due to various reasons such as fluid accumulation, infection, or a mass.",0.0,0.0,0.0,0.4145553496401463,0.5,0.030555555555555555,0.0,0.14864864864864866,0.9126984126984127,0.030555555555555555,0.0,0.0,0.0,0.37432045287279714,0.403125,0.05555555555555555,0.0,0.1342281879194631,0.9375,0.05555555555555555
251,251_IM-1032-1001.dcm.png,Frontal,Lung/hyperdistention/mild;Granulomatous Disease,Lung;Granulomatous Disease,CHEST 2V FRONTAL/LATERAL ,Chest pain,,The heart is normal in size. The mediastinum is unremarkable. Mild hyperinflation is noted. There are granulomatous sequela. No acute infiltrate or significant pleural effusion are noted. The costophrenic XXXX are excluded.,No acute disease.,/home/20213144/.cache/kagglehub/datasets/raddar/chest-xrays-indiana-university/versions/2/images/images_normalized/251_IM-1032-1001.dcm.png,Findings: The chest X-ray shows bilateral hilar prominence and a left-sided pleural effusion.,Findings: The chest X-ray shows bilateral hilar prominence and a left-sided pleural effusion.,0.10526315789473684,0.10526315789473684,0.10526315789473684,0.3520184990702131,0.5,0.030555555555555555,0.0,0.14864864864864866,0.9126984126984127,0.030555555555555555,0.10526315789473684,0.10526315789473684,0.10526315789473684,0.3520184990702131,0.403125,0.05555555555555555,0.0,0.1342281879194631,0.9375,0.05555555555555555
252,252_IM-1038-1001.dcm.png,Frontal,normal,normal,Xray Chest PA and Lateral,"XXXX year old chest pain, sent from XXXX Lab.",PA and lateral chest XXXX.,"The heart is normal in size and contour. The lungs are clear, without evidence of infiltrate. There is no pneumothorax or effusion.",No acute cardiopulmonary disease.,/home/20213144/.cache/kagglehub/datasets/raddar/chest-xrays-indiana-university/versions/2/images/images_normalized/252_IM-1038-1001.dcm.png,"Findings: The chest X-ray shows bilateral hilar prominence, which is an enlargement or increased visibility of the hilum on both sides of the lungs.","Findings: The chest X-ray shows bilateral hilar prominence, which is an enlargement or increased visibility of the hilum on both sides of the lungs.",0.0,0.0,0.0,0.4159919982762166,0.5,0.030555555555555555,0.0,0.14864864864864866,0.9126984126984127,0.030555555555555555,0.0,0.0,0.0,0.4159919982762166,0.403125,0.05555555555555555,0.0,0.1342281879194631,0.9375,0.05555555555555555
253,253_IM-1045-1001.dcm.png,Frontal,"Pneumothorax/left/moderate;Catheters, Indwelling/left","Pneumothorax;Catheters, Indwelling",PA and lateral chest x-XXXX XXXX. ,"XXXX-year-old male, status post chest tube with pneumothorax","XXXX, XXXX at XXXX hours",Redemonstration of moderate left pneumothorax which is unchanged from comparison. Left pleural catheter is again seen overlying the left upper lung at the level of the left 5th and 6th ribs. No focal consolidation. Cardiomediastinal silhouette is normal.,No change in moderate left pneumothorax with left pleural drainage catheter again seen overlying the left upper lung.,/home/20213144/.cache/kagglehub/datasets/raddar/chest-xrays-indiana-university/versions/2/images/images_normalized/253_IM-1045-1001.dcm.png,Findings: The chest X-ray shows hyperinflation of the right lung.,"Findings: The chest X-ray shows bilateral hilar lymphadenopathy, which means there is enlargement of the lymph nodes in the hilar region of both lungs.",0.0,0.0,0.0,0.386577962691837,0.5,0.030555555555555555,0.0,0.14864864864864866,0.9126984126984127,0.030555555555555555,0.0,0.0,0.0,0.3565827117037078,0.403125,0.05555555555555555,0.0,0.1342281879194631,0.9375,0.05555555555555555
254,254_IM-1051-1001.dcm.png,Frontal,Osteophyte/thoracic vertebrae/scattered,Osteophyte,"PA and lateral views of the chest XXXX hours &lt;XXXX, XXXX&gt;. ","XXXX-year-old female MVA, chest pain",,Lungs are clear. Heart size normal. Scattered thoracic spine spurring.,No acute cardiopulmonary finding.,/home/20213144/.cache/kagglehub/datasets/raddar/chest-xrays-indiana-university/versions/2/images/images_normalized/254_IM-1051-1001.dcm.png,Findings: The chest X-ray shows hyperinflation of the right lung.,"Findings: The chest X-ray shows bilateral hilar lymphadenopathy, which means there is enlargement of the lymph nodes in the region where the bronchi enter the lungs, on both sides.",0.0,0.0,0.0,0.3874732013893881,0.5,0.030555555555555555,0.0,0.14864864864864866,0.9126984126984127,0.030555555555555555,0.0,0.0,0.0,0.28314289911836915,0.403125,0.05555555555555555,0.0,0.1342281879194631,0.9375,0.05555555555555555
255,255_IM-1058-1001.dcm.png,Frontal,normal,normal,PA AND LATERAL CHEST X-XXXX at XXXX XXXX/XXXX ,Chest pain,,"Lungs are clear. No focal consolidation, effusion, or pneumothorax. Heart and mediastinal contours are normal. Osseous structures intact.",No acute cardiopulmonary disease.,/home/20213144/.cache/kagglehub/datasets/raddar/chest-xrays-indiana-university/versions/2/images/images_normalized/255_IM-1058-1001.dcm.png,Findings: The chest X-ray shows bilateral hilar prominence and a left-sided pleural effusion.,"Findings: The chest X-ray shows bilateral hilar lymphadenopathy, which means there is enlargement of the lymph nodes in the hilar region of both lungs.",0.0,0.0,0.0,0.3439550741562866,0.5,0.030555555555555555,0.0,0.14864864864864866,0.9126984126984127,0.030555555555555555,0.0,0.0,0.0,0.32088298836104623,0.403125,0.05555555555555555,0.0,0.1342281879194631,0.9375,0.05555555555555555
256,256_IM-1064-1001.dcm.png,Frontal,Sutures/lung/upper lobe/left;Cicatrix/ribs/left,Sutures;Cicatrix,"CHEST 2V FRONTAL/LATERAL XXXX, XXXX XXXX PM ","hx tumors removed lungs XXXX, possible nodular denisities at OSH",,Postoperative changes are present in the left fifth rib. Residual radiopaque sutures are also present in the left upper lobe. The lungs are clear with no infiltrates or masses. Heart and mediastinum are normal.,Postoperative left upper lobe. No visible active cardiopulmonary disease.,/home/20213144/.cache/kagglehub/datasets/raddar/chest-xrays-indiana-university/versions/2/images/images_normalized/256_IM-1064-1001.dcm.png,Findings: The chest X-ray shows bilateral hilar prominence and a left-sided pleural effusion.,"Findings: The chest X-ray shows bilateral hilar lymphadenopathy, which means there is enlargement of the lymph nodes in the region where the bronchi enter the lungs, on both sides.",0.0,0.0,0.0,0.3339000813376279,0.5,0.030555555555555555,0.0,0.14864864864864866,0.9126984126984127,0.030555555555555555,0.0,0.0,0.0,0.29329752930583486,0.403125,0.05555555555555555,0.0,0.1342281879194631,0.9375,0.05555555555555555
257,257_IM-1072-1001.dcm.png,Frontal,Opacity/posterior,Opacity,PA and lateral chest radiographs. XXXX/XXXX at XXXX hours. ,XXXX-year-old male with XXXX.,None.,Midline sternotomy XXXX identified. Heart size and cardiomediastinal silhouette are grossly normal. Airspace opacity in posterior segment on the lateral view. Osseous structures are grossly intact.,Posterior airspace opacity consistent with developing infection.,/home/20213144/.cache/kagglehub/datasets/raddar/chest-xrays-indiana-university/versions/2/images/images_normalized/257_IM-1072-1001.dcm.png,Findings: The chest X-ray shows bilateral hilar prominence and a left-sided pleural effusion.,Findings: The chest X-ray shows bilateral hilar prominence and a left-sided pleural effusion.,0.0,0.0,0.0,0.3120256699002839,0.5,0.030555555555555555,0.0,0.14864864864864866,0.9126984126984127,0.030555555555555555,0.0,0.0,0.0,0.3120256699002839,0.403125,0.05555555555555555,0.0,0.1342281879194631,0.9375,0.05555555555555555
258,258_IM-1078-1001.dcm.png,Frontal,"Lung/hyperdistention;Diaphragm/flattened;Pulmonary Disease, Chronic Obstructive;Spine/degenerative","Lung;Diaphragm;Pulmonary Disease, Chronic Obstructive;Spine",PA and lateral views of the chest XXXX,pt is a XXXX who presents with fatigue,,Overall hyperexpanded lungs with flattening of the diaphragms consistent with obstructive lung disease. Lungs are clear without focal consolidation. No pleural effusions or pneumothoraces. Heart and mediastinum of normal size and contour. Degenerative changes in the spine.,Hyperexpanded but clear lungs.,/home/20213144/.cache/kagglehub/datasets/raddar/chest-xrays-indiana-university/versions/2/images/images_normalized/258_IM-1078-1001.dcm.png,Findings: The chest X-ray shows bilateral hilar prominence and a left-sided pleural effusion.,Findings: The chest X-ray shows bilateral hilar prominence and a left-sided pleural effusion.,0.07142857142857144,0.07142857142857144,0.058823529411764705,0.39211678474598405,0.5,0.030555555555555555,0.0,0.14864864864864866,0.9126984126984127,0.030555555555555555,0.07142857142857144,0.07142857142857144,0.058823529411764705,0.39211678474598405,0.403125,0.05555555555555555,0.0,0.1342281879194631,0.9375,0.05555555555555555
259,259_IM-1083-1001.dcm.png,Frontal,normal,normal,PA and lateral chest radiographs. ,XXXX-year-old male with history of prolonged intubation and XXXX XXXX anesthesia induction.,CT thorax with intravenous contrast XXXX.,"The heart and cardiomediastinal silhouette or normal in size and contour. There is no focal air space opacity, pleural effusion, or pneumothorax. The osseous structures are intact.",No acute cardiopulmonary finding.,/home/20213144/.cache/kagglehub/datasets/raddar/chest-xrays-indiana-university/versions/2/images/images_normalized/259_IM-1083-1001.dcm.png,Findings: The chest X-ray shows bilateral hilar prominence and a left-sided pleural effusion.,"Findings: The chest X-ray shows bilateral hilar lymphadenopathy, which means there is enlargement of the lymph nodes in the hilar region of both lungs.",0.08333333333333333,0.08333333333333333,0.06896551724137931,0.3752217892085828,0.5,0.030555555555555555,0.0,0.14864864864864866,0.9126984126984127,0.030555555555555555,0.0,0.0,0.0,0.31442301300348674,0.403125,0.05555555555555555,0.0,0.1342281879194631,0.9375,0.05555555555555555
260,260_IM-1090-1001.dcm.png,Frontal,Medical Device/thorax/left;Lucency/humerus/right;Sclerosis/humerus/right;Cysts/humerus/right/large,Medical Device;Lucency;Sclerosis;Cysts,PA and lateral chest radiograph (2 views) (2 images) ,Hypertension,"XXXX, XXXX.",Lungs are clear bilaterally. Cardiac and mediastinal silhouettes are normal. Pulmonary vasculature is normal. No pneumothorax or pleural effusion. No acute bony abnormality. There is a stable the electronic device any left anterior chest wall. There are advanced degenerative changes in the XXXX bilaterally. There is a 38 mm lucency in the right humeral head with geographic 1A margins.,"1. No acute cardiopulmonary abnormality. 2. Lucent lesion with thin sclerotic margin in the right humeral head. Considering the associated degenerative changes, a large geode is most XXXX. If further imaging is desired, dedicated views of the shoulder may be helpful for further characterization.",/home/20213144/.cache/kagglehub/datasets/raddar/chest-xrays-indiana-university/versions/2/images/images_normalized/260_IM-1090-1001.dcm.png,"Findings: The chest X-ray shows bilateral hilar prominence, which is an enlargement or increased visibility of the hilum on both sides of the lungs.","Findings: The chest X-ray shows bilateral hilar prominence, which is an enlargement or increased visibility of the hilum on both sides of the lungs.",0.0,0.0,0.0,0.4134613736208652,0.5,0.030555555555555555,0.0,0.14864864864864866,0.9126984126984127,0.030555555555555555,0.0,0.0,0.0,0.4134613736208652,0.403125,0.05555555555555555,0.0,0.1342281879194631,0.9375,0.05555555555555555
261,261_IM-1100-1001.dcm.png,Frontal,normal,normal,Xray Chest PA and Lateral,"XXXX-year-old male, dyspnea.",Chest x-XXXX dated XXXX.,No focal areas of consolidation. Heart size within normal limits. No pleural effusions. No evidence of pneumothorax. Osseous structures appear intact.,No acute cardiopulmonary abnormality. .,/home/20213144/.cache/kagglehub/datasets/raddar/chest-xrays-indiana-university/versions/2/images/images_normalized/261_IM-1100-1001.dcm.png,"Findings: The chest X-ray shows bilateral hilar prominence, which is an enlargement or increased visibility of the hilum on both sides of the lungs.","Findings: The chest X-ray shows bilateral hilar prominence, which is an enlargement or increased visibility of the hilum on both sides of the lungs.",0.0,0.0,0.0,0.35370718550978986,0.5,0.030555555555555555,0.0,0.14864864864864866,0.9126984126984127,0.030555555555555555,0.0,0.0,0.0,0.35370718550978986,0.403125,0.05555555555555555,0.0,0.1342281879194631,0.9375,0.05555555555555555
262,262_IM-1109-1001.dcm.png,Frontal,normal,normal,Xray Chest PA and Lateral,Preop evaluation for surgery.,None.,The heart size and pulmonary vascularity appear within normal limits. Lungs are free of focal airspace disease. No pleural effusion or pneumothorax is seen. No discrete nodules or adenopathy are noted. Degenerative changes are present in the spine.,No evidence of active disease.,/home/20213144/.cache/kagglehub/datasets/raddar/chest-xrays-indiana-university/versions/2/images/images_normalized/262_IM-1109-1001.dcm.png,"Findings: The chest X-ray shows bilateral hilar prominence, which is an enlargement or increased visibility of the hilum on both sides of the lungs.","Findings: The chest X-ray shows bilateral hilar lymphadenopathy, which means there is enlargement of the lymph nodes in the region where the bronchi enter the lungs.",0.0,0.0,0.0,0.4728712453896628,0.5,0.030555555555555555,0.0,0.14864864864864866,0.9126984126984127,0.030555555555555555,0.0,0.0,0.0,0.4521273529198673,0.403125,0.05555555555555555,0.0,0.1342281879194631,0.9375,0.05555555555555555
264,264_IM-1125-1001.dcm.png,Frontal,normal,normal,"Chest x-XXXX AP and lateral, 2 views. ",Productive XXXX,XXXX,"Heart XXXX, mediastinum, XXXX, bony structures and lung XXXX are unremarkable. No significant interval change compared to prior study, no XXXX infiltrates noted.",No radiographic evidence of acute cardiopulmonary disease,/home/20213144/.cache/kagglehub/datasets/raddar/chest-xrays-indiana-university/versions/2/images/images_normalized/264_IM-1125-1001.dcm.png,Findings: The chest X-ray shows bilateral hilar prominence and a left-sided pleural effusion.,Findings: The chest X-ray shows bilateral diffuse pulmonary opacities.,0.0,0.0,0.0,0.2812104533644848,0.5,0.030555555555555555,0.0,0.14864864864864866,0.9126984126984127,0.030555555555555555,0.0,0.0,0.0,0.31583611697115976,0.403125,0.05555555555555555,0.0,0.1342281879194631,0.9375,0.05555555555555555
266,266_IM-1141-4004.dcm.png,Frontal,Cardiomegaly/mild;Atherosclerosis/aorta,Cardiomegaly;Atherosclerosis,2 views Chest: XXXX,"Hypertension, dizzy",None.,"The lungs and pleural spaces show no acute abnormality. Heart size is mildly enlarged, pulmonary vascularity within normal limits. Atherosclerotic calcifications are present in the aortic XXXX.","1. No acute pulmonary abnormality. 2. Mild cardiomegaly, atherosclerotic disease.",/home/20213144/.cache/kagglehub/datasets/raddar/chest-xrays-indiana-university/versions/2/images/images_normalized/266_IM-1141-4004.dcm.png,Findings: The chest X-ray shows hyperinflation of the right lung.,"Findings: The chest X-ray shows bilateral hilar prominence, which is an enlargement or increased visibility of the hilum on both sides of the lungs.",0.0,0.0,0.0,0.3771069756281956,0.5,0.030555555555555555,0.0,0.14864864864864866,0.9126984126984127,0.030555555555555555,0.0,0.0,0.0,0.4129692267721802,0.403125,0.05555555555555555,0.0,0.1342281879194631,0.9375,0.05555555555555555
267,267_IM-1147-1001.dcm.png,Frontal,Airspace Disease/lung/bilateral/scattered/patchy/multiple/mild;Pleural Effusion/bilateral/small;Spine/degenerative,Airspace Disease;Pleural Effusion;Spine,"PA and lateral views of the chest XXXX, XXXX XXXX PM ",pt with XXXX.please XXXX for infiltrates,XXXX,Endotracheal tube and NG tube have been removed. Mild patchy bilateral airspace disease. There are small bilateral pleural effusions. No pneumothorax. Heart and mediastinum are stable with normal size heart. Degenerative changes in the spine.,Small bilateral pleural effusions with a few scattered areas of patchy bilateral airspace disease.,/home/20213144/.cache/kagglehub/datasets/raddar/chest-xrays-indiana-university/versions/2/images/images_normalized/267_IM-1147-1001.dcm.png,"Findings: The chest X-ray shows bilateral hilar prominence, which is an enlargement or increased visibility of the hilum on both sides of the lungs.","Findings: The chest X-ray shows bilateral hilar prominence, which is an enlargement or increased visibility of the hilum on both sides of the lungs.",0.07142857142857144,0.06896551724137931,0.0,0.3896985004108069,0.5,0.030555555555555555,0.0,0.14864864864864866,0.9126984126984127,0.030555555555555555,0.07142857142857144,0.06896551724137931,0.0,0.3896985004108069,0.403125,0.05555555555555555,0.0,0.1342281879194631,0.9375,0.05555555555555555
268,268_IM-1153-1001.dcm.png,Frontal,Opacity/lung/upper lobe/right;Pneumonia/upper lobe/right,Opacity;Pneumonia," Chest radiograph, frontal and lateral views",,,There is a right upper lobe opacity. Cardiomediastinal silhouette is normal. Pulmonary vasculature and XXXX are normal. Osseous structures and soft tissues are normal.,Right upper lobe pneumonia.,/home/20213144/.cache/kagglehub/datasets/raddar/chest-xrays-indiana-university/versions/2/images/images_normalized/268_IM-1153-1001.dcm.png,"Findings: The chest X-ray shows hyperinflation of the lungs, which means that the lungs appear larger than normal. This can be a sign of various conditions, such as chronic obstructive pulmonary disease (COPD), asthma, or other respiratory issues.","Findings: The chest X-ray shows bilateral hilar prominence, which is an enlargement or increased visibility of the hilum on both sides of the lungs.",0.08,0.08,0.0,0.45065156723053623,0.5,0.030555555555555555,0.0,0.14864864864864866,0.9126984126984127,0.030555555555555555,0.0,0.0,0.0,0.4431616864353733,0.403125,0.05555555555555555,0.0,0.1342281879194631,0.9375,0.05555555555555555
269,269_IM-1161-1001.dcm.png,Frontal,normal,normal,Xray Chest PA and Lateral,Difficulty breathing and XXXX,,"The cardiomediastinal silhouette is normal size and configuration. Pulmonary vasculature within normal limits. The lungs are well-aerated. There is no pneumothorax, pleural effusion, or focal consolidation.",No acute cardiopulmonary disease. .,/home/20213144/.cache/kagglehub/datasets/raddar/chest-xrays-indiana-university/versions/2/images/images_normalized/269_IM-1161-1001.dcm.png,"Findings: The chest X-ray shows bilateral hilar prominence, which is an enlargement or increased visibility of the hilum on both sides of the lungs.","Findings: The chest X-ray shows bilateral hilar prominence, which is an enlargement or increased visibility of the hilum on both sides of the lungs.",0.0,0.0,0.0,0.48851693338869057,0.5,0.030555555555555555,0.0,0.14864864864864866,0.9126984126984127,0.030555555555555555,0.0,0.0,0.0,0.48851693338869057,0.403125,0.05555555555555555,0.0,0.1342281879194631,0.9375,0.05555555555555555
270,270_IM-1168-1001.dcm.png,Frontal,normal,normal,Xray Chest PA and Lateral,"Chest pain, renal failure. Anterior chest pain. Dehydrated, EtOH.",None.,"The cardiomediastinal silhouette and pulmonary vasculature are within normal limits in size. The lungs are clear of focal airspace disease, pneumothorax, or pleural effusion. There are no acute bony findings.",No acute cardiopulmonary findings. .,/home/20213144/.cache/kagglehub/datasets/raddar/chest-xrays-indiana-university/versions/2/images/images_normalized/270_IM-1168-1001.dcm.png,"Findings: The chest X-ray shows bilateral hilar prominence, which is an enlargement or increased visibility of the hilum on both sides of the lungs.","Findings: The chest X-ray shows bilateral hilar prominence, which is an enlargement or increased visibility of the hilum on both sides of the lungs.",0.0,0.0,0.0,0.4333304765080587,0.5,0.030555555555555555,0.0,0.14864864864864866,0.9126984126984127,0.030555555555555555,0.0,0.0,0.0,0.4333304765080587,0.403125,0.05555555555555555,0.0,0.1342281879194631,0.9375,0.05555555555555555
271,271_IM-1176-1001.dcm.png,Frontal,normal,normal,"Radiographs of the chest, 2 views, PA and lateral views.",XXXX-year-old male. Left chest pain. Alleged physical assault.,None.,"The cardiomediastinal silhouette is normal in size and contour. No focal consolidation, pneumothorax or large pleural effusion. Negative for acute displaced rib fracture.",Negative for acute abnormality.,/home/20213144/.cache/kagglehub/datasets/raddar/chest-xrays-indiana-university/versions/2/images/images_normalized/271_IM-1176-1001.dcm.png,"Findings: The chest X-ray shows bilateral hilar prominence, which is an enlargement or increased visibility of the hilum on both sides of the lungs.","Findings: The chest X-ray shows bilateral hilar prominence, which is an enlargement or increased visibility of the hilum on both sides of the lungs.",0.0,0.0,0.0,0.3613185235357857,0.5,0.030555555555555555,0.0,0.14864864864864866,0.9126984126984127,0.030555555555555555,0.0,0.0,0.0,0.3613185235357857,0.403125,0.05555555555555555,0.0,0.1342281879194631,0.9375,0.05555555555555555
272,272_IM-1182-1001.dcm.png,Frontal,normal,normal,"Chest x-XXXX and Lateral views, dated XXXX, XXXX XXXX PM ",XXXX-year-old male with XXXX,,The lungs are clear. No focal airspace consolidation. No pleural effusion or pneumothorax. Heart size and mediastinal contour are within normal limits.,No evidence of active disease.,/home/20213144/.cache/kagglehub/datasets/raddar/chest-xrays-indiana-university/versions/2/images/images_normalized/272_IM-1182-1001.dcm.png,"Findings: The chest X-ray shows bilateral hilar prominence, which is an enlargement or increased visibility of the hilum on both sides of the lungs.","Findings: The chest X-ray shows bilateral hilar prominence, which is an enlargement or increased visibility of the hilum on both sides of the lungs.",0.0,0.0,0.0,0.45575921070729813,0.5,0.030555555555555555,0.0,0.14864864864864866,0.9126984126984127,0.030555555555555555,0.0,0.0,0.0,0.45575921070729813,0.403125,0.05555555555555555,0.0,0.1342281879194631,0.9375,0.05555555555555555
273,273_IM-1188-1001.dcm.png,Frontal,Cardiomegaly/moderate;Diaphragm/right/elevated/mild;Pulmonary Congestion;Markings/bilateral/bronchovascular/mild,Cardiomegaly;Diaphragm;Pulmonary Congestion;Markings,PA and Lateral Chest,"XXXX-year-old female, chest pain",,"Heart size mildly to moderately enlarged. Mild right hemidiaphragm elevation with mild bronchovascular crowding, right greater than left, indistinct vascular margination. No definite focal alveolar consolidation, no pleural effusion XXXX demonstrated.","1. Cardiomegaly 2. Indistinct vascular margination which may be secondary to bronchovascular crowding however differential diagnosis includes mild pulmonary edema, atypical infection, inflammation",/home/20213144/.cache/kagglehub/datasets/raddar/chest-xrays-indiana-university/versions/2/images/images_normalized/273_IM-1188-1001.dcm.png,"Findings: The chest X-ray shows bilateral hilar prominence, which is an enlargement or increased visibility of the hilum on both sides of the lungs.","Findings: The chest X-ray shows bilateral hilar prominence, which is an enlargement or increased visibility of the hilum on both sides of the lungs.",0.0,0.0,0.0,0.4087931919418123,0.5,0.030555555555555555,0.0,0.14864864864864866,0.9126984126984127,0.030555555555555555,0.0,0.0,0.0,0.4087931919418123,0.403125,0.05555555555555555,0.0,0.1342281879194631,0.9375,0.05555555555555555
274,274_IM-1194-1001.dcm.png,Frontal,"Aorta, Thoracic/tortuous;Calcinosis/aorta, thoracic;Thoracic Vertebrae/degenerative;Deformity/thoracic vertebrae/mild","Aorta, Thoracic;Calcinosis;Thoracic Vertebrae;Deformity","Chest radiograph examination 2 views performed XXXX, XXXX at XXXX. ",XXXX-year-old male with XXXX.,None.,"The cardiomediastinal silhouette is within normal limits for appearance. The thoracic aorta is tortuous and calcified. No focal areas of pulmonary consolidation. No pneumothorax. No pleural effusion. Degenerative endplate changes of the thoracic spine with an age-indeterminate, mild wedge XXXX deformity of a midthoracic vertebral body.","1. No acute cardiopulmonary process. 2., Mild, age-indeterminate wedge XXXX deformity of a midthoracic vertebral body.",/home/20213144/.cache/kagglehub/datasets/raddar/chest-xrays-indiana-university/versions/2/images/images_normalized/274_IM-1194-1001.dcm.png,"Findings: The chest X-ray shows bilateral hilar prominence, which is an enlargement or increased visibility of the hilum on both sides of the lungs.","Findings: The chest X-ray shows bilateral hilar prominence, which is an enlargement or increased visibility of the hilum on both sides of the lungs.",0.0,0.0,0.0,0.30650260563212695,0.5,0.030555555555555555,0.0,0.14864864864864866,0.9126984126984127,0.030555555555555555,0.0,0.0,0.0,0.30650260563212695,0.403125,0.05555555555555555,0.0,0.1342281879194631,0.9375,0.05555555555555555
275,275_IM-1200-1001.dcm.png,Frontal,normal,normal,"Chest 2 views PA and lateral XXXX, XXXX XXXX a.m. ","Chest pain, dyspnea","Chest 2 views PA and lateral XXXX, XXXX a.m.","Lungs are clear bilaterally. There is no focal consolidation, pleural effusion, or pneumothoraces. Cardiomediastinal silhouette is within normal limits. XXXX are unremarkable.",No acute cardiopulmonary abnormality.,/home/20213144/.cache/kagglehub/datasets/raddar/chest-xrays-indiana-university/versions/2/images/images_normalized/275_IM-1200-1001.dcm.png,"Findings: The chest X-ray shows bilateral hilar prominence, which is an enlargement or increased visibility of the hilum on both sides of the lungs.","Findings: The chest X-ray shows bilateral hilar prominence, which is an enlargement or increased visibility of the hilum on both sides of the lungs.",0.0,0.0,0.0,0.483581088309016,0.5,0.030555555555555555,0.0,0.14864864864864866,0.9126984126984127,0.030555555555555555,0.0,0.0,0.0,0.483581088309016,0.403125,0.05555555555555555,0.0,0.1342281879194631,0.9375,0.05555555555555555
276,276_IM-1207-1001.dcm.png,Frontal,normal,normal,"PA and lateral chest x-XXXX dated XXXX, XXXX at XXXX p.m.. ","XXXX-year-old XXXX, XXXX, preop..","Two-view chest radiograph dated XXXX, XXXX..","The lungs are clear bilaterally. Specifically, no evidence of focal consolidation, pneumothorax, or pleural effusion.. Cardio mediastinal silhouette is unremarkable. Visualized osseous structures of the thorax are without acute abnormality.",No acute cardiopulmonary abnormality.,/home/20213144/.cache/kagglehub/datasets/raddar/chest-xrays-indiana-university/versions/2/images/images_normalized/276_IM-1207-1001.dcm.png,Findings: The chest X-ray shows bilateral hilar prominence and a left-sided pleural effusion.,Findings: The chest X-ray shows bilateral hilar prominence and a left-sided pleural effusion.,0.08695652173913045,0.08695652173913045,0.08,0.4095239276666087,0.5,0.030555555555555555,0.0,0.14864864864864866,0.9126984126984127,0.030555555555555555,0.08695652173913045,0.08695652173913045,0.08,0.4095239276666087,0.403125,0.05555555555555555,0.0,0.1342281879194631,0.9375,0.05555555555555555
277,277_IM-1213-1001.dcm.png,Frontal,Cicatrix/lung/apex/bilateral/mild;Granuloma/lung/middle lobe/right;Density/lung/upper lobe/right/round;Density/lung/middle lobe/right/round,Cicatrix;Granuloma;Density;Density,Xray Chest PA and Lateral,"Breast cancer, XXXX r/o XXXX",,"The heart is normal in size. The mediastinum is stable. Mild biapical scarring is identified. There is a nodular density in the right midlung which is stable from prior studies and noted to represent a granuloma on XXXX of XXXX. However, additional foci in the right upper lung are questioned. There is no acute infiltrate or pleural effusion.",No acute disease. Vague right upper/mid lung nodular densities versus scarring and superimposed structures. CT may be warranted given patient's history.,/home/20213144/.cache/kagglehub/datasets/raddar/chest-xrays-indiana-university/versions/2/images/images_normalized/277_IM-1213-1001.dcm.png,Findings: The chest X-ray shows bilateral hilar prominence and a left-sided pleural effusion.,Findings: The chest X-ray shows bilateral hilar prominence and a left-sided pleural effusion.,0.06896551724137931,0.06666666666666667,0.06451612903225806,0.38574532036274917,0.5,0.030555555555555555,0.0,0.14864864864864866,0.9126984126984127,0.030555555555555555,0.06896551724137931,0.06666666666666667,0.06451612903225806,0.38574532036274917,0.403125,0.05555555555555555,0.0,0.1342281879194631,0.9375,0.05555555555555555
278,278_IM-1218-1001.dcm.png,Frontal,Opacity;Granulomatous Disease;Nodule,Opacity;Granulomatous Disease;Nodule,Chest XXXX and lateral ,XXXX-year-old female with XXXX,XXXX,"No pneumothorax, pleural effusion, or focal airspace disease. Heart size normal. Stable cardiomediastinal silhouette. Nodular opacities consistent with chronic granulomatous disease. Bony structures intact.",Negative for acute cardiopulmonary disease.,/home/20213144/.cache/kagglehub/datasets/raddar/chest-xrays-indiana-university/versions/2/images/images_normalized/278_IM-1218-1001.dcm.png,Findings: The chest X-ray shows hyperinflation of the right lung.,"Findings: The chest X-ray shows bilateral hilar prominence, which is an enlargement or increased visibility of the hilum on both sides of the lungs.",0.0,0.0,0.0,0.3411141176151915,0.5,0.030555555555555555,0.0,0.14864864864864866,0.9126984126984127,0.030555555555555555,0.0,0.0,0.0,0.3780640466296209,0.403125,0.05555555555555555,0.0,0.1342281879194631,0.9375,0.05555555555555555
279,279_IM-1224-1001-0002.dcm.png,Frontal,normal,normal,Xray Chest PA and Lateral,XXXX XXXX. Swimmer.,None.,The heart size and pulmonary vascularity appear within normal limits. The lungs are free of focal airspace disease. No pleural effusion or pneumothorax is seen.,1. No evidence of active disease.,/home/20213144/.cache/kagglehub/datasets/raddar/chest-xrays-indiana-university/versions/2/images/images_normalized/279_IM-1224-1001-0002.dcm.png,"Findings: The chest X-ray shows bilateral hilar prominence, which is an enlargement or increased visibility of the hilum on both sides of the lungs.","Findings: The chest X-ray shows bilateral hilar lymphadenopathy, which means there is enlargement of the lymph nodes in the hilar region of both lungs.",0.0,0.0,0.0,0.42749801784222813,0.5,0.030555555555555555,0.0,0.14864864864864866,0.9126984126984127,0.030555555555555555,0.09523809523809522,0.09523809523809522,0.09090909090909091,0.3425195368747135,0.403125,0.05555555555555555,0.0,0.1342281879194631,0.9375,0.05555555555555555
280,280_IM-1232-1001.dcm.png,Frontal,No Indexing,No Indexing," CHEST 2V FRONTAL/LATERAL XXXX, XXXX XXXX XXXX ",chest pain,"XXXX, XXXX.",The heart and lungs have XXXX XXXX in the interval. Both lungs are clear and expanded. Heart and mediastinum normal.,No active disease.,/home/20213144/.cache/kagglehub/datasets/raddar/chest-xrays-indiana-university/versions/2/images/images_normalized/280_IM-1232-1001.dcm.png,"Findings: The chest X-ray shows bilateral hilar prominence, which is an enlargement or increased visibility of the hilum on both sides of the lungs.","Findings: The chest X-ray shows a homogenous opacity in the right hemithorax. This means that there is an area of increased density in the right side of the chest, which could be due to various reasons such as fluid accumulation, infection, or other lung abnormalities.",0.0,0.0,0.0,0.3914685080572582,0.5,0.030555555555555555,0.0,0.14864864864864866,0.9126984126984127,0.030555555555555555,0.0,0.0,0.0,0.32336871263829875,0.403125,0.05555555555555555,0.0,0.1342281879194631,0.9375,0.05555555555555555
282,282_IM-1243-1001.dcm.png,Frontal,normal,normal,"PA and lateral views of the chest, 3 images. ","Preop hernia repair, asthma.",None.,"Mediastinal contours are within normal limits. Heart size is within normal limits. No focal consolidation, pneumothorax or pleural effusion.",No acute cardiopulmonary abnormality.,/home/20213144/.cache/kagglehub/datasets/raddar/chest-xrays-indiana-university/versions/2/images/images_normalized/282_IM-1243-1001.dcm.png,"Findings: The chest X-ray shows bilateral hilar prominence, which is an enlargement or increased visibility of the hilum on both sides of the lungs.",Findings: The chest X-ray shows bilateral hilar prominence and a left-sided pleural effusion.,0.0,0.0,0.0,0.4063129322748221,0.5,0.030555555555555555,0.0,0.14864864864864866,0.9126984126984127,0.030555555555555555,0.09523809523809522,0.09523809523809522,0.08695652173913045,0.31753027838094927,0.403125,0.05555555555555555,0.0,0.1342281879194631,0.9375,0.05555555555555555
283,283_IM-1248-1001.dcm.png,Frontal,normal,normal,CHEST- PA AND LATERAL ,Palpitations,Radiograph from XXXX,The lungs are clear. The cardiomediastinal silhouette is within normal limits. No pleural effusion is identified.,Normal chest film.,/home/20213144/.cache/kagglehub/datasets/raddar/chest-xrays-indiana-university/versions/2/images/images_normalized/283_IM-1248-1001.dcm.png,"Findings: The chest X-ray shows bilateral hilar prominence, which is an enlargement or increased visibility of the hilum on both sides of the lungs.","Findings: The chest X-ray shows bilateral hilar prominence, which is an enlargement or increased visibility of the hilum on both sides of the lungs.",0.0,0.0,0.0,0.5060618998153478,0.5,0.030555555555555555,0.0,0.14864864864864866,0.9126984126984127,0.030555555555555555,0.0,0.0,0.0,0.5060618998153478,0.403125,0.05555555555555555,0.0,0.1342281879194631,0.9375,0.05555555555555555
284,284_IM-1252-5005.dcm.png,Frontal,normal,normal,"Radiographs of the chest, 2 views, AP and lateral views.",XXXX-year-old male. Gunshot wound.,None.,"The cardiomediastinal silhouette is normal in size and contour. No focal consolidation, pneumothorax or large pleural effusion. Negative for acute displaced rib fracture. No discrete XXXX projectile visualized. Contrast within the bilateral renal collecting systems. Contrast also probably within the left colon.",Negative for acute abnormality. Discrete XXXX projectile not seen.,/home/20213144/.cache/kagglehub/datasets/raddar/chest-xrays-indiana-university/versions/2/images/images_normalized/284_IM-1252-5005.dcm.png,"Findings: The chest X-ray shows bilateral hilar prominence, which is an enlargement or increased visibility of the hilum on both sides of the lungs.","Findings: The chest X-ray shows bilateral hilar prominence, which is an enlargement or increased visibility of the hilum on both sides of the lungs.",0.06451612903225806,0.0625,0.0,0.3363386353020034,0.5,0.030555555555555555,0.0,0.14864864864864866,0.9126984126984127,0.030555555555555555,0.06451612903225806,0.0625,0.0,0.3363386353020034,0.403125,0.05555555555555555,0.0,0.1342281879194631,0.9375,0.05555555555555555
285,285_IM-1258-4004.dcm.png,Frontal,Aorta/tortuous;Pulmonary Atelectasis/left/patchy;Pulmonary Atelectasis/upper lobe/right;Pulmonary Atelectasis/base/right;Surgical Instruments/lung/hilum/right,Aorta;Pulmonary Atelectasis;Pulmonary Atelectasis;Pulmonary Atelectasis;Surgical Instruments,Xray Chest PA and Lateral,Altered mental status,,,Heart size is top normal. Tortuous aorta. No edema. Patchy left upper right basilar atelectasis. No pneumothorax. Right hilar surgical clips.,/home/20213144/.cache/kagglehub/datasets/raddar/chest-xrays-indiana-university/versions/2/images/images_normalized/285_IM-1258-4004.dcm.png,"Findings: The chest X-ray shows bilateral hilar prominence, which is an enlargement or increased visibility of the hilum on both sides of the lungs.","Findings: The chest X-ray shows bilateral hilar prominence, which is an enlargement or increased visibility of the hilum on both sides of the lungs.",0.09523809523809522,0.09523809523809522,0.09523809523809522,0.37234518434887054,0.5,0.030555555555555555,0.0,0.14864864864864866,0.9126984126984127,0.030555555555555555,0.09523809523809522,0.09523809523809522,0.09523809523809522,0.37234518434887054,0.403125,0.05555555555555555,0.0,0.1342281879194631,0.9375,0.05555555555555555
286,286_IM-1267-3001.dcm.png,Frontal,Calcinosis/lung/hilum/left,Calcinosis,Chest x-XXXX. XXXX ,XXXX,XXXX,Lungs are clear. There is no pneumothorax or pleural effusion. Calcified left suprahilar XXXX. The heart and mediastinum are within normal limits. Bony structures are intact.,No acute cardiopulmonary process.,/home/20213144/.cache/kagglehub/datasets/raddar/chest-xrays-indiana-university/versions/2/images/images_normalized/286_IM-1267-3001.dcm.png,"Findings: The chest X-ray shows bilateral hilar prominence, which is an enlargement or increased visibility of the hilum on both sides of the lungs.","Findings: The chest X-ray shows bilateral hilar lymphadenopathy, which means there is enlargement of the lymph nodes in the hilar region of both lungs.",0.0,0.0,0.0,0.39558668107993084,0.5,0.030555555555555555,0.0,0.14864864864864866,0.9126984126984127,0.030555555555555555,0.0,0.0,0.0,0.372617712367236,0.403125,0.05555555555555555,0.0,0.1342281879194631,0.9375,0.05555555555555555
287,287_IM-1276-4004.dcm.png,Frontal,normal,normal, Frontal and lateral views of the chest dated XXXX,"Dyspnea, nausea and vomiting, XXXX","XXXX, XXXX",Heart size is normal. The lungs are grossly clear. No pleural effusions or pneumothoraces. The hilar and mediastinal contours are stable. Normal pulmonary vascularity. No overt edema.,No acute abnormality.,/home/20213144/.cache/kagglehub/datasets/raddar/chest-xrays-indiana-university/versions/2/images/images_normalized/287_IM-1276-4004.dcm.png,Findings: The chest X-ray shows bilateral hilar prominence and a left-sided pleural effusion.,Findings: The chest X-ray shows bilateral hilar prominence and a left-sided pleural effusion.,0.16,0.16,0.14814814814814814,0.3872124605814326,0.5,0.030555555555555555,0.0,0.14864864864864866,0.9126984126984127,0.030555555555555555,0.16,0.16,0.14814814814814814,0.3872124605814326,0.403125,0.05555555555555555,0.0,0.1342281879194631,0.9375,0.05555555555555555
288,288_IM-1284-1001.dcm.png,Frontal,"Hernia, Hiatal;Density/thorax","Hernia, Hiatal;Density","PA and Lateral Chest. XXXX, XXXX. &gt;] ",XXXX.,None.,"Heart size appears within normal limits. Pulmonary vasculature appears within normal limits. Radiodensity overlying the middle cardiac silhouette, XXXX representing a hiatal hernia. No focal consolidation, pleural effusion or pneumothorax. No acute bony abnormality.",1. No acute cardiopulmonary abnormality.,/home/20213144/.cache/kagglehub/datasets/raddar/chest-xrays-indiana-university/versions/2/images/images_normalized/288_IM-1284-1001.dcm.png,Findings: The chest X-ray shows hyperinflation of the right lung.,"Findings: The chest X-ray shows bilateral hilar prominence, which is an enlargement or increased visibility of the hilum on both sides of the lungs.",0.0,0.0,0.0,0.373435415651539,0.5,0.030555555555555555,0.0,0.14864864864864866,0.9126984126984127,0.030555555555555555,0.0,0.0,0.0,0.39225113114599547,0.403125,0.05555555555555555,0.0,0.1342281879194631,0.9375,0.05555555555555555
289,289_IM-1292-0001-0001.dcm.png,Frontal,"Catheters, Indwelling;Medical Device","Catheters, Indwelling;Medical Device",Xray Chest PA and Lateral,"XXXX-year-old female, infection, XXXX",,"Heart size within normal limits, stable mediastinal and hilar contours, right chest XXXX tip in the low SVC. Monitoring device artifacts. No focal alveolar consolidation, no definite pleural effusion seen. No typical findings of pulmonary edema.",No acute findings,/home/20213144/.cache/kagglehub/datasets/raddar/chest-xrays-indiana-university/versions/2/images/images_normalized/289_IM-1292-0001-0001.dcm.png,"Findings: The chest X-ray shows bilateral hilar prominence, which is an enlargement or increased visibility of the hilum on both sides of the lungs.","Findings: The chest X-ray shows bilateral diffuse reticular opacities. Reticular opacities are a pattern of interlacing lines that can be seen on the X-ray, indicating areas of increased density in the lung tissue.",0.0625,0.0625,0.05714285714285715,0.34371921654501564,0.5,0.030555555555555555,0.0,0.14864864864864866,0.9126984126984127,0.030555555555555555,0.0,0.0,0.0,0.25398090556978303,0.403125,0.05555555555555555,0.0,0.1342281879194631,0.9375,0.05555555555555555
290,290_IM-1303-1001.dcm.png,Frontal,Surgical Instruments/shoulder/right;Surgical Instruments/thorax/bilateral;Surgical Instruments/cervical vertebrae,Surgical Instruments;Surgical Instruments;Surgical Instruments,"XXXX and lateral chest XXXX, XXXX at XXXX hours.",Occasional chest pain and shortness of breath.,,The lungs are clear. There are multiple surgical XXXX seen near the apical regions and lower cervical region bilaterally. The heart and mediastinum are normal. There is a screw in the right shoulder. The soft tissues are normal.,1. No active disease. 2. There are numerous small surgical clips seen overlying the upper thorax bilaterally and the lower cervical region of uncertain significance.,/home/20213144/.cache/kagglehub/datasets/raddar/chest-xrays-indiana-university/versions/2/images/images_normalized/290_IM-1303-1001.dcm.png,"Findings: The chest X-ray shows bilateral hilar prominence, which is an enlargement or increased visibility of the hilum on both sides of the lungs.","Findings: The chest X-ray shows bilateral hilar lymphadenopathy, which means there is enlargement of the lymph nodes in the hilar region of both lungs.",0.0,0.0,0.0,0.36946696188936007,0.5,0.030555555555555555,0.0,0.14864864864864866,0.9126984126984127,0.030555555555555555,0.07407407407407407,0.07407407407407407,0.06451612903225806,0.34638030150884747,0.403125,0.05555555555555555,0.0,0.1342281879194631,0.9375,0.05555555555555555
291,291_IM-1313-1001.dcm.png,Frontal,normal,normal,"PA and lateral chest x-XXXX dated XXXX, XXXX at XXXX p.m.. ",XXXX-year-old woman with chest pain.,"Two-view chest radiograph dated XXXX, XXXX.","The lungs are clear bilaterally. Specifically, no evidence of focal consolidation, pneumothorax, or pleural effusion.. Cardio mediastinal silhouette is unremarkable. Visualized osseous structures of the thorax are without acute abnormality.",No acute cardiopulmonary abnormality.,/home/20213144/.cache/kagglehub/datasets/raddar/chest-xrays-indiana-university/versions/2/images/images_normalized/291_IM-1313-1001.dcm.png,"Findings: The chest X-ray shows bilateral hilar prominence, which is an enlargement or increased visibility of the hilum on both sides of the lungs.","Findings: The chest X-ray shows bilateral hilar lymphadenopathy, which means there is enlargement of the lymph nodes in the hilar region of both lungs.",0.0,0.0,0.0,0.5267662188955411,0.5,0.030555555555555555,0.0,0.14864864864864866,0.9126984126984127,0.030555555555555555,0.08695652173913045,0.08695652173913045,0.08,0.3952519087849402,0.403125,0.05555555555555555,0.0,0.1342281879194631,0.9375,0.05555555555555555
292,292_IM-1322-1001.dcm.png,Frontal,Airspace Disease/lung/middle lobe/right/focal,Airspace Disease,Xray Chest PA and Lateral,XXXX year old XXXX and sore throat.,None.,The heart is normal in size and contour. There is a vague area of airspace disease identified within the right midlung on the PA view. This is not well-demonstrated on the lateral view. There is no pneumothorax or effusion.,Vague area of focal airspace disease within the right midlung. There is raises concern for pneumonia. Recommend followup after appropriate treatment to document complete resolution.,/home/20213144/.cache/kagglehub/datasets/raddar/chest-xrays-indiana-university/versions/2/images/images_normalized/292_IM-1322-1001.dcm.png,"Findings: The chest X-ray shows bilateral hilar prominence, which is an enlargement or increased visibility of the hilum on both sides of the lungs.","Findings: The chest X-ray shows bilateral hilar lymphadenopathy, which means there is enlargement of the lymph nodes in the hilar region of both lungs.",0.0,0.0,0.0,0.4050971336941316,0.5,0.030555555555555555,0.0,0.14864864864864866,0.9126984126984127,0.030555555555555555,0.0,0.0,0.0,0.30890203762199164,0.403125,0.05555555555555555,0.0,0.1342281879194631,0.9375,0.05555555555555555
293,293_IM-1332-1001.dcm.png,Frontal,Surgical Instruments/mediastinum;Deformity/thoracic vertebrae,Surgical Instruments;Deformity,Xray Chest PA and Lateral,XXXX-year-old XXXX with history of prostate cancer,None.,"Sternotomy XXXX mediastinal clips noted. Heart size within normal limits. Negative for focal pulmonary consolidation, pleural effusion, or pneumothorax. There is XXXX deformity of T6, XXXX since X-XXXX thoracic spine XXXX, XXXX. Mild XXXX deformity of T12, stable. Prior cholecystectomy.","1. No definite evidence of metastatic disease. 2. Age-indeterminate XXXX deformity of T6, XXXX since study dated XXXX, XXXX. .",/home/20213144/.cache/kagglehub/datasets/raddar/chest-xrays-indiana-university/versions/2/images/images_normalized/293_IM-1332-1001.dcm.png,"Findings: The chest X-ray shows bilateral hilar prominence, which is an enlargement or increased visibility of the hilum on both sides of the lungs.","Findings: The chest X-ray shows bilateral hilar lymphadenopathy, which means there is enlargement of the lymph nodes in the hilar region of both lungs.",0.0,0.0,0.0,0.31244050229514303,0.5,0.030555555555555555,0.0,0.14864864864864866,0.9126984126984127,0.030555555555555555,0.0,0.0,0.0,0.29785055548289924,0.403125,0.05555555555555555,0.0,0.1342281879194631,0.9375,0.05555555555555555
294,294_IM-1340-3001.dcm.png,Frontal,Emphysema,Emphysema,CHEST 2V FRONTAL/LATERAL ,Shortness of breath,,The heart is normal in size. The mediastinum is unremarkable. The lungs are grossly clear. Underlying emphysematous changes are noted.,Emphysema without acute disease.,/home/20213144/.cache/kagglehub/datasets/raddar/chest-xrays-indiana-university/versions/2/images/images_normalized/294_IM-1340-3001.dcm.png,"Findings: The chest X-ray shows bilateral hilar prominence, which is an enlargement or increased visibility of the hilum on both sides of the lungs.","Findings: The chest X-ray shows bilateral hilar prominence, which is an enlargement or increased visibility of the hilum on both sides of the lungs.",0.0,0.0,0.0,0.4539345447788512,0.5,0.030555555555555555,0.0,0.14864864864864866,0.9126984126984127,0.030555555555555555,0.0,0.0,0.0,0.4539345447788512,0.403125,0.05555555555555555,0.0,0.1342281879194631,0.9375,0.05555555555555555
295,295_IM-1348-1001.dcm.png,Frontal,"Fractures, Bone/clavicle/left/healed","Fractures, Bone","PA and lateral chest x-XXXX dated XXXX, XXXX at XXXX a.m. ","XXXX-year-old XXXX, EtOH abuse.",None.,"Limited lateral projection. The lungs are clear bilaterally. Specifically, no evidence of focal consolidation, pneumothorax, or pleural effusion. Cardiomediastinal silhouette is unremarkable. Visualized osseous structures of the thorax are without acute abnormality. Healed distal left clavicular fracture noted.",No acute cardiopulmonary abnormality.,/home/20213144/.cache/kagglehub/datasets/raddar/chest-xrays-indiana-university/versions/2/images/images_normalized/295_IM-1348-1001.dcm.png,Findings: The chest X-ray shows bilateral hilar prominence and a left-sided pleural effusion.,"Findings: The chest X-ray appears to be normal, with no significant abnormalities detected.",0.07142857142857144,0.07142857142857144,0.06666666666666667,0.4022133184417505,0.5,0.030555555555555555,0.0,0.14864864864864866,0.9126984126984127,0.030555555555555555,0.0,0.0,0.0,0.4308460673885319,0.403125,0.05555555555555555,0.0,0.1342281879194631,0.9375,0.05555555555555555
296,296_IM-1354-1001.dcm.png,Frontal,"Hernia, Hiatal","Hernia, Hiatal","PA and lateral chest XXXX, XXXX at XXXX with comparison 12 XXXX ",XXXX and right-sided chest pain,,,Heart size normal. Lungs clear. Hiatal hernia. No effusion the or pneumothorax. No pneumonia,/home/20213144/.cache/kagglehub/datasets/raddar/chest-xrays-indiana-university/versions/2/images/images_normalized/296_IM-1354-1001.dcm.png,"Findings: The chest X-ray shows bilateral hilar prominence, which is an enlargement or increased visibility of the hilum on both sides of the lungs.",Findings: The chest X-ray shows bilateral hilar prominence and a left-sided pleural effusion.,0.0,0.0,0.0,0.44739696534012235,0.5,0.030555555555555555,0.0,0.14864864864864866,0.9126984126984127,0.030555555555555555,0.0,0.0,0.0,0.3467664063837832,0.403125,0.05555555555555555,0.0,0.1342281879194631,0.9375,0.05555555555555555
297,297_IM-1361-4004.dcm.png,Frontal,Lung/hypoinflation;Markings/bronchovascular/mild;Opacity/lung/base/left/mild;Diaphragm/left/obscured;Thoracic Vertebrae/degenerative;Lung/hypoinflation;Pulmonary Atelectasis/base/left/mild,Lung;Markings;Opacity;Diaphragm;Thoracic Vertebrae;Lung;Pulmonary Atelectasis,Xray Chest PA and Lateral,"Chest pain, dyspnea.","XXXX, XXXX.","Cardiac silhouette is within normal limits in size. The lungs are hypoinflated with mild bronchovascular crowding. There is mild, XXXX opacity projected over the left lung base. This is partly due to overlying soft tissues, however, there is partial obscuration of the lateral left hemidiaphragm. The lungs are otherwise grossly clear. There is no pneumothorax or pleural effusion. There are no acute bony findings. There are degenerative endplate changes throughout the thoracic spine.","Low lung volumes with mild, XXXX left basilar opacity, atelectasis versus infiltrate. .",/home/20213144/.cache/kagglehub/datasets/raddar/chest-xrays-indiana-university/versions/2/images/images_normalized/297_IM-1361-4004.dcm.png,"Findings: The chest X-ray shows bilateral hilar prominence, which is an enlargement or increased visibility of the hilum on both sides of the lungs.",Findings: The chest X-ray shows bilateral hilar prominence and a left-sided pleural effusion.,0.0,0.0,0.0,0.45494616871328536,0.5,0.030555555555555555,0.0,0.14864864864864866,0.9126984126984127,0.030555555555555555,0.045454545454545456,0.045454545454545456,0.037037037037037035,0.3988932941719123,0.403125,0.05555555555555555,0.0,0.1342281879194631,0.9375,0.05555555555555555
298,298_IM-1369-1001.dcm.png,Frontal,normal,normal,Xray Chest PA and Lateral,XXXX for one XXXX with vomiting,"XXXX, XXXX",The lungs are clear. There is no pleural effusion or pneumothorax. The heart and mediastinum are normal. The skeletal structures are normal.,No acute pulmonary disease.,/home/20213144/.cache/kagglehub/datasets/raddar/chest-xrays-indiana-university/versions/2/images/images_normalized/298_IM-1369-1001.dcm.png,Findings: The chest X-ray shows hyperinflation of the right lung.,Findings: The chest X-ray shows bilateral hilar prominence and a left-sided pleural effusion.,0.0,0.0,0.0,0.48548440709318663,0.5,0.030555555555555555,0.0,0.14864864864864866,0.9126984126984127,0.030555555555555555,0.10526315789473684,0.10526315789473684,0.09523809523809522,0.416030848815297,0.403125,0.05555555555555555,0.0,0.1342281879194631,0.9375,0.05555555555555555
299,299_IM-1377-1001.dcm.png,Frontal,"Hernia, Hiatal/small","Hernia, Hiatal","Chest, 2 views, frontal and lateral",Preop bariatric surgery.,None.,Cardiac and mediastinal contours are within normal limits. The lungs are clear. Bony structures are intact. Small hiatal hernia.,No acute findings. Small hiatal hernia.,/home/20213144/.cache/kagglehub/datasets/raddar/chest-xrays-indiana-university/versions/2/images/images_normalized/299_IM-1377-1001.dcm.png,"Findings: The chest X-ray shows bilateral hilar prominence, which is an enlargement or increased visibility of the hilum on both sides of the lungs.","Findings: The chest X-ray shows bilateral hilar prominence, which is an enlargement or increased visibility of the hilum on both sides of the lungs.",0.0,0.0,0.0,0.4278426657704222,0.5,0.030555555555555555,0.0,0.14864864864864866,0.9126984126984127,0.030555555555555555,0.0,0.0,0.0,0.4278426657704222,0.403125,0.05555555555555555,0.0,0.1342281879194631,0.9375,0.05555555555555555
300,300_IM-1385-1001.dcm.png,Frontal,"Lung/hyperdistention/mild;Funnel Chest/mild;Calcified Granuloma/lung/lingula;Pulmonary Disease, Chronic Obstructive","Lung;Funnel Chest;Calcified Granuloma;Pulmonary Disease, Chronic Obstructive",PA and lateral views of the chest. ,XXXX-year-old male with XXXX.,Two-view chest from XXXX.,Heart size within normal limits. Mild hyperinflation of the lungs. Mild pectus excavatum deformity. Stable left mid lung calcified granuloma. No focal airspace disease. No pneumothorax or effusions.,Changes of chronic lung disease with no acute cardiopulmonary finding.,/home/20213144/.cache/kagglehub/datasets/raddar/chest-xrays-indiana-university/versions/2/images/images_normalized/300_IM-1385-1001.dcm.png,"Findings: The chest X-ray shows bilateral hilar prominence, which is an enlargement or increased visibility of the hilum on both sides of the lungs.","Findings: The chest X-ray shows bilateral hilar prominence, which is an enlargement or increased visibility of the hilum on both sides of the lungs.",0.0,0.0,0.0,0.42727448476922236,0.5,0.030555555555555555,0.0,0.14864864864864866,0.9126984126984127,0.030555555555555555,0.0,0.0,0.0,0.42727448476922236,0.403125,0.05555555555555555,0.0,0.1342281879194631,0.9375,0.05555555555555555
301,301_IM-1389-1001.dcm.png,Frontal,normal,normal,"Chest x-XXXX, 2 views, XXXX, XXXX XXXX PM",XXXX,XXXX,Normal cardiomediastinal contours. Clear lungs bilaterally. No pneumothorax or large effusion.,No acute cardiopulmonary abnormality.,/home/20213144/.cache/kagglehub/datasets/raddar/chest-xrays-indiana-university/versions/2/images/images_normalized/301_IM-1389-1001.dcm.png,"Findings: The chest X-ray shows bilateral hilar prominence, which is an enlargement or increased visibility of the hilum on both sides of the lungs.","Findings: The chest X-ray shows bilateral hilar prominence, which is an enlargement or increased visibility of the hilum on both sides of the lungs.",0.0,0.0,0.0,0.42780679492026485,0.5,0.030555555555555555,0.0,0.14864864864864866,0.9126984126984127,0.030555555555555555,0.0,0.0,0.0,0.42780679492026485,0.403125,0.05555555555555555,0.0,0.1342281879194631,0.9375,0.05555555555555555
302,302_IM-1394-1001.dcm.png,Frontal,Scoliosis/mild,Scoliosis,Xray Chest PA and Lateral,"XXXX-year-old male, pain",,"Heart size within normal limits, stable mediastinal and hilar contours. No focal alveolar consolidation, no definite pleural effusion seen. No typical findings of pulmonary edema. Mild spine curvature again noted.",No acute findings,/home/20213144/.cache/kagglehub/datasets/raddar/chest-xrays-indiana-university/versions/2/images/images_normalized/302_IM-1394-1001.dcm.png,"Findings: The chest X-ray shows bilateral hilar prominence, which is an enlargement or increased visibility of the hilum on both sides of the lungs.","Findings: The chest X-ray shows bilateral hilar lymphadenopathy, which means there is enlargement of the lymph nodes in the hilar region of both lungs.",0.07407407407407407,0.07407407407407407,0.06666666666666667,0.3862199390956051,0.5,0.030555555555555555,0.0,0.14864864864864866,0.9126984126984127,0.030555555555555555,0.07407407407407407,0.07407407407407407,0.06666666666666667,0.34585848072170544,0.403125,0.05555555555555555,0.0,0.1342281879194631,0.9375,0.05555555555555555
303,303_IM-1404-1001.dcm.png,Frontal,Lung/hypoinflation/mild;Diaphragmatic Eventration;Thickening/pleura/bilateral;Opacity/lung/base/bilateral/streaky/mild;Pulmonary Atelectasis/chronic,Lung;Diaphragmatic Eventration;Thickening;Opacity;Pulmonary Atelectasis,CHEST 2V FRONTAL/LATERAL ,"XXXX, asthma, preop hip replacement",XXXX,"The heart is normal in size. The mediastinum is Stable. Rectal balloon is noted. Lungs are mildly hypoinflated. There is again eventration of the hemidiaphragms/ Bochdalek hernia, posteriorly as seen on the lateral projection. Bilateral pleural thickening is noted. There are streaky opacities in the lung bases unchanged, XXXX chronic atelectasis.","Mild bilateral streaky opacities, XXXX atelectasis. No acute infiltrate.",/home/20213144/.cache/kagglehub/datasets/raddar/chest-xrays-indiana-university/versions/2/images/images_normalized/303_IM-1404-1001.dcm.png,Findings: The chest X-ray shows hyperinflation of the right lung.,Findings: The chest X-ray shows bilateral hilar prominence and a left-sided pleural effusion.,0.0,0.0,0.0,0.4606065918520421,0.5,0.030555555555555555,0.0,0.14864864864864866,0.9126984126984127,0.030555555555555555,0.13333333333333333,0.06666666666666667,0.0625,0.46306275188426554,0.403125,0.05555555555555555,0.0,0.1342281879194631,0.9375,0.05555555555555555
304,304_IM-1413-12012.dcm.png,Frontal,Technical Quality of Image Unsatisfactory ;Lung/hypoinflation;Calcinosis/lung/hilum/lymph nodes/right;Spinal Fusion/cervical vertebrae;Pulmonary Atelectasis,Technical Quality of Image Unsatisfactory ;Lung;Calcinosis;Spinal Fusion;Pulmonary Atelectasis,Xray Chest PA and Lateral,Chest pain and shortness of breath x1 hour.,,"The XXXX examination consists of frontal and lateral radiographs of the chest. A total of 3 images were obtained. The cardiomediastinal contours are within normal limits allowing for low lung volumes and patient rotation. There is XXXX XXXX atelectasis. No consolidation, pleural effusion or pneumothorax. Calcified right infrahilar lymph XXXX again seen. Partially visualized lower cervical spine fusion XXXX.",Lung lines without evidence of acute cardiopulmonary process.,/home/20213144/.cache/kagglehub/datasets/raddar/chest-xrays-indiana-university/versions/2/images/images_normalized/304_IM-1413-12012.dcm.png,"Findings: The chest X-ray shows bilateral hilar prominence, which is an enlargement or increased visibility of the hilum on both sides of the lungs.","Findings: The chest X-ray shows bilateral hilar lymphadenopathy, which means there is enlargement of the lymph nodes in the hilar region of both lungs.",0.0,0.0,0.0,0.35328520882353953,0.5,0.030555555555555555,0.0,0.14864864864864866,0.9126984126984127,0.030555555555555555,0.0,0.0,0.0,0.3635038972947862,0.403125,0.05555555555555555,0.0,0.1342281879194631,0.9375,0.05555555555555555
306,306_IM-1426-1001.dcm.png,Frontal,normal,normal,Xray Chest PA and Lateral,,None.,The lungs are clear. Heart size is normal. No pneumothorax.,Clear lungs. No acute cardiopulmonary abnormality. .,/home/20213144/.cache/kagglehub/datasets/raddar/chest-xrays-indiana-university/versions/2/images/images_normalized/306_IM-1426-1001.dcm.png,Findings: The chest X-ray shows bilateral hilar prominence and a left-sided pleural effusion.,Findings: The chest X-ray shows bilateral hilar prominence and a left-sided pleural effusion.,0.0,0.0,0.0,0.30269558034822003,0.5,0.030555555555555555,0.0,0.14864864864864866,0.9126984126984127,0.030555555555555555,0.0,0.0,0.0,0.30269558034822003,0.403125,0.05555555555555555,0.0,0.1342281879194631,0.9375,0.05555555555555555
307,307_IM-1432-1001.dcm.png,Frontal,normal,normal,Xray Chest PA and Lateral,786.59. c/o focal chest pain around heart that lasts for few XXXX. occurs approx. once a month.,None available.,The cardiomediastinal silhouette and pulmonary vasculature are within normal limits. There is no pneumothorax or pleural effusion. There are no focal areas of consolidation.,Negative chest radiographs.,/home/20213144/.cache/kagglehub/datasets/raddar/chest-xrays-indiana-university/versions/2/images/images_normalized/307_IM-1432-1001.dcm.png,"Findings: The chest X-ray shows bilateral hilar prominence, which is an enlargement or increased visibility of the hilum on both sides of the lungs.","Findings: The chest X-ray shows bilateral hilar lymphadenopathy, which means there is enlargement of the lymph nodes in the hilar region of both lungs.",0.0,0.0,0.0,0.5065014130584276,0.5,0.030555555555555555,0.0,0.14864864864864866,0.9126984126984127,0.030555555555555555,0.0,0.0,0.0,0.42613762317327897,0.403125,0.05555555555555555,0.0,0.1342281879194631,0.9375,0.05555555555555555
308,308_IM-1439-1001.dcm.png,Frontal,Diaphragm/right/elevated;Cicatrix/right/chronic;Opacity/right,Diaphragm;Cicatrix;Opacity,PA and lateral chest radiograph (2 views) (2 images) ,XXXX,PA and lateral views of the chest on XXXX.,Stable appearing right-sided XXXX the opacities. There is persistent elevation of the right hemidiaphragm. The cardiac silhouette and mediastinal contours are within normal limits. There is no pneumothorax.,Stable right-sided chronic lung scarring otherwise no acute cardiopulmonary disease.,/home/20213144/.cache/kagglehub/datasets/raddar/chest-xrays-indiana-university/versions/2/images/images_normalized/308_IM-1439-1001.dcm.png,Findings: The chest X-ray shows bilateral hilar prominence and a left-sided pleural effusion.,Findings: The chest X-ray shows bilateral hilar prominence and a left-sided pleural effusion.,0.0,0.0,0.0,0.36507380486534285,0.5,0.030555555555555555,0.0,0.14864864864864866,0.9126984126984127,0.030555555555555555,0.0,0.0,0.0,0.36507380486534285,0.403125,0.05555555555555555,0.0,0.1342281879194631,0.9375,0.05555555555555555
309,309_IM-1444-1001.dcm.png,Frontal,normal,normal,"Chest x-XXXX, 2 views, XXXX, XXXX at XXXX PM",XXXX.,XXXX.,Normal and stable cardiomediastinal contours. No pneumothorax or pleural effusions. No focal lung consolidation.,No acute cardiopulmonary abnormality.,/home/20213144/.cache/kagglehub/datasets/raddar/chest-xrays-indiana-university/versions/2/images/images_normalized/309_IM-1444-1001.dcm.png,"Findings: The chest X-ray shows bilateral hilar prominence, which is an enlargement or increased visibility of the hilum on both sides of the lungs.","Findings: The chest X-ray shows bilateral hilar prominence, which is an enlargement or increased visibility of the hilum on both sides of the lungs.",0.0,0.0,0.0,0.30346463905404697,0.5,0.030555555555555555,0.0,0.14864864864864866,0.9126984126984127,0.030555555555555555,0.0,0.0,0.0,0.30346463905404697,0.403125,0.05555555555555555,0.0,0.1342281879194631,0.9375,0.05555555555555555
310,310_IM-1451-0001-0001.dcm.png,Frontal,normal,normal,Xray Chest PA and Lateral,"XXXX, pain.",None.,"Chest. The XXXX examination consists of frontal and lateral radiographs of the chest. The cardiomediastinal contours are within normal limits. No focal consolidation, pleural effusion, or pneumothorax identified. The visualized osseous structures and upper abdomen are unremarkable. Thoracic spine. The XXXX examination consists of frontal, lateral and swimmers lateral radiographs of the thoracic spine. There is no evidence of fracture or malalignment. The vertebral body XXXX and disc spaces are maintained. Sternum. The XXXX examination consists of 2 oblique and one lateral radiograph of the sternum. No displaced XXXX fracture demonstrated.",1. No radiographic evidence of acute thoracic XXXX.,/home/20213144/.cache/kagglehub/datasets/raddar/chest-xrays-indiana-university/versions/2/images/images_normalized/310_IM-1451-0001-0001.dcm.png,"Findings: The chest X-ray shows bilateral hilar prominence, which is an enlargement or increased visibility of the hilum on both sides of the lungs.","Findings: The chest X-ray shows bilateral hilar prominence, which is an enlargement or increased visibility of the hilum on both sides of the lungs.",0.0,0.0,0.0,0.3343819308929338,0.5,0.030555555555555555,0.0,0.14864864864864866,0.9126984126984127,0.030555555555555555,0.0,0.0,0.0,0.3343819308929338,0.403125,0.05555555555555555,0.0,0.1342281879194631,0.9375,0.05555555555555555
312,312_IM-1466-1001.dcm.png,Frontal,No Indexing,No Indexing,Xray Chest PA and Lateral,XXXX-year-old male with history of lymphoma.,"XXXX, XXXX","Normal cardiomediastinal silhouette. Left-sided aortic XXXX. Pulmonary vasculatures are within normal limits. Central airways are XXXX. No focal consolidation, pleural effusion or pneumothorax. Bony structure are grossly unremarkable.",No acute pulmonary findings. .,/home/20213144/.cache/kagglehub/datasets/raddar/chest-xrays-indiana-university/versions/2/images/images_normalized/312_IM-1466-1001.dcm.png,"Findings: The chest X-ray shows bilateral hilar prominence, which is an enlargement or increased visibility of the hilum on both sides of the lungs.","Findings: The chest X-ray shows bilateral hilar lymphadenopathy, which means there is enlargement of the lymph nodes in the hilar region of both lungs.",0.0,0.0,0.0,0.3771683162379518,0.5,0.030555555555555555,0.0,0.14864864864864866,0.9126984126984127,0.030555555555555555,0.0,0.0,0.0,0.34091691288008025,0.403125,0.05555555555555555,0.0,0.1342281879194631,0.9375,0.05555555555555555
313,313_IM-1472-1001.dcm.png,Frontal,Cardiac Shadow/enlarged/moderate;Opacity/lung/lower lobe/interstitial/diffuse/prominent;Opacity/lung/hilum/interstitial/diffuse/prominent;Consolidation/lung/base/bilateral;Pleural Effusion/bilateral/small;Atherosclerosis/aorta,Cardiac Shadow;Opacity;Opacity;Consolidation;Pleural Effusion;Atherosclerosis,Xray Chest PA and Lateral,"Slurred speech, confusion, weakness, shortness of breath.",None.,"The XXXX examination consists of frontal and lateral radiographs of the chest. The cardiac silhouette is moderately enlarged with a cardiothoracic ratio of 16.2/24.7. Diffuse coarse interstitial opacity seen throughout the lungs with perihilar and lower lobe predominance. There is right greater than left bibasilar consolidation. There are small pleural effusions, right larger than left. No evidence of pneumothorax. Dense atherosclerotic calcification seen involving the thoracic and upper abdominal aorta.",Enlarged cardiac silhouette with coarse perihilar and lower lobe interstitial opacities may be due to diffuse infection or heart failure. Small pleural effusions.,/home/20213144/.cache/kagglehub/datasets/raddar/chest-xrays-indiana-university/versions/2/images/images_normalized/313_IM-1472-1001.dcm.png,"Findings: The chest X-ray shows bilateral diffuse reticular opacities. Reticular opacities are a pattern of interlacing lines that can be seen in the lung fields, and they may indicate various lung conditions, such as infections, interstitial lung diseases, or other pulmonary disorders.","Findings: The chest X-ray shows bilateral diffuse reticular opacities. Reticular opacities are a pattern of interlacing lines that can be seen in the lung fields, which may indicate various lung conditions, such as infections, inflammation, or interstitial lung diseases.",0.07692307692307693,0.07407407407407408,0.0,0.50378652737643,0.5,0.030555555555555555,0.0,0.14864864864864866,0.9126984126984127,0.030555555555555555,0.07843137254901959,0.07692307692307691,0.0,0.4902607484361869,0.403125,0.05555555555555555,0.0,0.1342281879194631,0.9375,0.05555555555555555
314,314_IM-1477-1001.dcm.png,Frontal,Lung/hypoinflation,Lung,Chest 2 views. ,XXXX-year-old with shortness of breath hypoxia.,XXXX.,Low lung volumes. Normal heart size. The trachea is midline. Lungs are clear. No pneumothorax. No pleural effusion.,No acute cardiopulmonary abnormality.,/home/20213144/.cache/kagglehub/datasets/raddar/chest-xrays-indiana-university/versions/2/images/images_normalized/314_IM-1477-1001.dcm.png,Findings: The chest X-ray shows bilateral hilar prominence and a left-sided pleural effusion.,Findings: The chest X-ray shows bilateral hilar prominence and a left-sided pleural effusion.,0.09090909090909091,0.09090909090909091,0.09090909090909091,0.36571238131439887,0.5,0.030555555555555555,0.0,0.14864864864864866,0.9126984126984127,0.030555555555555555,0.09090909090909091,0.09090909090909091,0.09090909090909091,0.36571238131439887,0.403125,0.05555555555555555,0.0,0.1342281879194631,0.9375,0.05555555555555555
315,315_IM-1481-1001.dcm.png,Frontal,Spinal Fusion/thoracic vertebrae,Spinal Fusion," PA and lateral chest XXXX, XXXX at time XXXX comparison available from XXXX ",dyspnea.,,,Heart size is normal. Lungs are clear. Old fusion of approximately T9-T10.,/home/20213144/.cache/kagglehub/datasets/raddar/chest-xrays-indiana-university/versions/2/images/images_normalized/315_IM-1481-1001.dcm.png,"Findings: The chest X-ray shows bilateral hilar prominence, which is an enlargement or increased visibility of the hilum on both sides of the lungs.","Findings: The chest X-ray shows bilateral hilar lymphadenopathy, which means there is enlargement of the lymph nodes in the region where the bronchi enter the lungs.",0.0,0.0,0.0,0.40069392280725274,0.5,0.030555555555555555,0.0,0.14864864864864866,0.9126984126984127,0.030555555555555555,0.0,0.0,0.0,0.3183368367237433,0.403125,0.05555555555555555,0.0,0.1342281879194631,0.9375,0.05555555555555555
316,316_IM-1487-1001.dcm.png,Frontal,Granuloma/lung/apex/right,Granuloma,"PA and lateral chest XXXX, XXXX at XXXX with comparison 6 XXXX ",preop inguinal hernia history of laryngeal cancer,,,Heart size normal. Lungs are clear. 5 mm right apical granuloma unchanged,/home/20213144/.cache/kagglehub/datasets/raddar/chest-xrays-indiana-university/versions/2/images/images_normalized/316_IM-1487-1001.dcm.png,"Findings: The chest X-ray shows bilateral hilar prominence, which is an enlargement or increased visibility of the hilum on both sides of the lungs.",Findings: The chest X-ray shows a homogenous opacity in the right lower lobe of the lung.,0.0,0.0,0.0,0.38421597175384353,0.5,0.030555555555555555,0.0,0.14864864864864866,0.9126984126984127,0.030555555555555555,0.0,0.0,0.0,0.3620900180638282,0.403125,0.05555555555555555,0.0,0.1342281879194631,0.9375,0.05555555555555555
317,317_IM-1493-1001.dcm.png,Frontal,normal,normal,Frontal and lateral chest on XXXX XXXX.,COPD. Preoperative evaluation.,None available.,Normal heart size. Normal mediastinal silhouette. No pneumothorax or pleural effusion. No suspicious focal air space opacity.,No acute abnormality.,/home/20213144/.cache/kagglehub/datasets/raddar/chest-xrays-indiana-university/versions/2/images/images_normalized/317_IM-1493-1001.dcm.png,"Findings: The chest X-ray shows bilateral hilar prominence, which is an enlargement or increased visibility of the hilum on both sides of the lungs.",Findings: The chest X-ray shows bilateral hilar prominence and a left-sided pleural effusion.,0.0,0.0,0.0,0.4522458243372977,0.5,0.030555555555555555,0.0,0.14864864864864866,0.9126984126984127,0.030555555555555555,0.10526315789473684,0.10526315789473684,0.1,0.3965562661986655,0.403125,0.05555555555555555,0.0,0.1342281879194631,0.9375,0.05555555555555555
318,318_IM-1500-1001.dcm.png,Frontal,normal,normal,PA and lateral chest radiograph (2 views) (2 images) ,Dyspnea,"PA and lateral views of the chest on XXXX, XXXX.",Lungs are clear bilaterally. Cardiac and mediastinal silhouettes are normal. Pulmonary vasculature is normal. No pneumothorax or pleural effusion. No acute bony abnormality.,No acute cardiopulmonary abnormality.,/home/20213144/.cache/kagglehub/datasets/raddar/chest-xrays-indiana-university/versions/2/images/images_normalized/318_IM-1500-1001.dcm.png,"Findings: The chest X-ray shows bilateral hilar prominence, which is an enlargement or increased visibility of the hilum on both sides of the lungs.","Findings: The chest X-ray shows bilateral hilar prominence, which is an enlargement or increased visibility of the hilum on both sides of the lungs.",0.0,0.0,0.0,0.45859554257761465,0.5,0.030555555555555555,0.0,0.14864864864864866,0.9126984126984127,0.030555555555555555,0.0,0.0,0.0,0.45859554257761465,0.403125,0.05555555555555555,0.0,0.1342281879194631,0.9375,0.05555555555555555
319,319_IM-1505-1001.dcm.png,Frontal,normal,normal,"Chest radiographs, 2 images. ",XXXX-year-old XXXX with persistent productive XXXX.,None.,Normal heart size. Clear lungs. No pneumothorax. No pleural effusion.,Normal chest exam.,/home/20213144/.cache/kagglehub/datasets/raddar/chest-xrays-indiana-university/versions/2/images/images_normalized/319_IM-1505-1001.dcm.png,Findings: The chest X-ray shows hyperinflation of the right lung.,"Findings: The chest X-ray shows bilateral hilar prominence, which is an enlargement or increased visibility of the hilum on both sides of the lungs.",0.0,0.0,0.0,0.5456772986147895,0.5,0.030555555555555555,0.0,0.14864864864864866,0.9126984126984127,0.030555555555555555,0.0,0.0,0.0,0.4615824800980819,0.403125,0.05555555555555555,0.0,0.1342281879194631,0.9375,0.05555555555555555
320,320_IM-1511-1001.dcm.png,Frontal,normal,normal," PA and lateral chest XXXX, XXXX at XXXX with comparison XXXX ",mild asthma,,,Heart size is normal and the lungs are clear.,/home/20213144/.cache/kagglehub/datasets/raddar/chest-xrays-indiana-university/versions/2/images/images_normalized/320_IM-1511-1001.dcm.png,"Findings: The chest X-ray shows hyperinflation of the lungs, which means that the lungs appear larger than normal. This can be a sign of various conditions, such as chronic obstructive pulmonary disease (COPD), asthma, or other respiratory issues.","Findings: The chest X-ray shows bilateral hilar prominence, which is an enlargement or increased visibility of the hilum on both sides of the lungs.",0.26666666666666666,0.26666666666666666,0.13333333333333333,0.5617336936603882,0.5,0.030555555555555555,0.0,0.14864864864864866,0.9126984126984127,0.030555555555555555,0.0,0.0,0.0,0.45681719330738346,0.403125,0.05555555555555555,0.0,0.1342281879194631,0.9375,0.05555555555555555
321,321_IM-1516-0001-0002.dcm.png,Frontal,Opacity/lung/left;Pulmonary Atelectasis/lingula;Spine/degenerative/diffuse;Epicardial Fat;Opacity/lung/base/left,Opacity;Pulmonary Atelectasis;Spine;Epicardial Fat;Opacity,"PA and LATERAL views of the chest, dated XXXX, XXXX XXXX XXXX","XXXX-year-old female, preoperative evaluation",XXXX,"There are XXXX opacities in the left lung, XXXX subsegmental atelectasis. XXXX opacities overlying the left lung base on the frontal XXXX XXXX reflect epicardial fat XXXX and overlying breast tissue. There is no focal airspace consolidation. No pleural effusion or pneumothorax. Heart size is at the upper limits of normal. There are diffuse degenerative changes of the spine.",No acute findings. Left mid lung subsegmental atelectasis.,/home/20213144/.cache/kagglehub/datasets/raddar/chest-xrays-indiana-university/versions/2/images/images_normalized/321_IM-1516-0001-0002.dcm.png,Findings: The chest X-ray shows bilateral hilar prominence and a left-sided pleural effusion.,"Findings: The chest X-ray shows bilateral hilar lymphadenopathy, which means there is enlargement of the lymph nodes in the hilar region of both lungs.",0.05405405405405405,0.05263157894736842,0.05128205128205128,0.4350115386466276,0.5,0.030555555555555555,0.0,0.14864864864864866,0.9126984126984127,0.030555555555555555,0.0,0.0,0.0,0.35776364263780824,0.403125,0.05555555555555555,0.0,0.1342281879194631,0.9375,0.05555555555555555
322,322_IM-1521-1001.dcm.png,Frontal,Markings/lung/interstitial/chronic;Spine/degenerative,Markings;Spine,Frontal and Lateral view of the chest XXXX/XXXX at 418 hours.,Left flank pain history of COPD,None available.,The cardiomediastinal silhouette and vasculature are within normal limits for size and contour. Chronic appearing interstitial markings The lungs are normally inflated and clear. Degenerative changes of the spine.,1. No acute radiographic cardiopulmonary process.,/home/20213144/.cache/kagglehub/datasets/raddar/chest-xrays-indiana-university/versions/2/images/images_normalized/322_IM-1521-1001.dcm.png,Findings: The chest X-ray shows hyperinflation of the right lung.,"Findings: The chest X-ray shows bilateral hilar lymphadenopathy, which means there is enlargement of the lymph nodes in the hilar region of both lungs.",0.0,0.0,0.0,0.36904055570127275,0.5,0.030555555555555555,0.0,0.14864864864864866,0.9126984126984127,0.030555555555555555,0.08,0.08,0.07142857142857144,0.31227876070462,0.403125,0.05555555555555555,0.0,0.1342281879194631,0.9375,0.05555555555555555
323,323_IM-1526-1001.dcm.png,Frontal,Calcinosis/lung/right;Granulomatous Disease;Thoracic Vertebrae/degenerative/mild;Density/lung/right,Calcinosis;Granulomatous Disease;Thoracic Vertebrae;Density,"CHEST 2V FRONTAL/LATERAL Sept 21, XXXX XXXX XXXX ",chest pain,"chest x-XXXX, 2 views PA and lateral from XXXX.","The trachea is midline. The cardiomediastinal silhouette is normal. Right lung calcified densities are unchanged from prior and indicate old granulomatous disease. Otherwise, the lungs are clear, without evidence of acute infiltrate or effusion. There is no pneumothorax. The visualized bony structures reveal no acute abnormalities. Lateral view reveals mild degenerative changes of the thoracic spine.",No acute cardiopulmonary abnormalities.,/home/20213144/.cache/kagglehub/datasets/raddar/chest-xrays-indiana-university/versions/2/images/images_normalized/323_IM-1526-1001.dcm.png,"Findings: The chest X-ray shows bilateral hilar prominence, which is an enlargement or increased visibility of the hilum on both sides of the lungs.","Findings: The chest X-ray shows cardiomegaly, which is an enlargement of the heart.",0.0,0.0,0.0,0.4272620914959178,0.5,0.030555555555555555,0.0,0.14864864864864866,0.9126984126984127,0.030555555555555555,0.0,0.0,0.0,0.3148170669492396,0.403125,0.05555555555555555,0.0,0.1342281879194631,0.9375,0.05555555555555555
324,324_IM-1534-1001.dcm.png,Frontal,normal,normal,PA and lateral chest radiograph (2 views) (2 images) ,Chest pain,No comparisons are available,Lungs are clear bilaterally. Cardiac and mediastinal silhouettes are normal. Pulmonary vasculature is normal. No pneumothorax or pleural effusion. No acute bony abnormality.,No acute cardiopulmonary abnormality.,/home/20213144/.cache/kagglehub/datasets/raddar/chest-xrays-indiana-university/versions/2/images/images_normalized/324_IM-1534-1001.dcm.png,"Findings: The chest X-ray shows bilateral hilar prominence, which is an enlargement or increased visibility of the hilum on both sides of the lungs.","Findings: The chest X-ray shows bilateral hilar prominence, which is an enlargement or increased visibility of the hilum on both sides of the lungs.",0.0,0.0,0.0,0.45859554257761465,0.5,0.030555555555555555,0.0,0.14864864864864866,0.9126984126984127,0.030555555555555555,0.0,0.0,0.0,0.45859554257761465,0.403125,0.05555555555555555,0.0,0.1342281879194631,0.9375,0.05555555555555555
325,325_IM-1539-1001.dcm.png,Frontal,normal,normal,"PA and lateral views of the chest XXXX, XXXX XXXX PM ",chest pain,,Lungs are clear. No pleural effusions or pneumothoraces. Heart and mediastinum of normal size and contour.,Clear lungs.,/home/20213144/.cache/kagglehub/datasets/raddar/chest-xrays-indiana-university/versions/2/images/images_normalized/325_IM-1539-1001.dcm.png,"Findings: The chest X-ray shows bilateral hilar prominence, which is an enlargement or increased visibility of the hilum on both sides of the lungs.","Findings: The chest X-ray shows bilateral hilar prominence, which is an enlargement or increased visibility of the hilum on both sides of the lungs.",0.0,0.0,0.0,0.5128597679525448,0.5,0.030555555555555555,0.0,0.14864864864864866,0.9126984126984127,0.030555555555555555,0.0,0.0,0.0,0.5128597679525448,0.403125,0.05555555555555555,0.0,0.1342281879194631,0.9375,0.05555555555555555
326,326_IM-1546-2002.dcm.png,Frontal,normal,normal,PA and lateral chest,XXXX-year-old female with XXXX for one XXXX,"XXXX, XXXX",The lungs are clear. Heart size and mediastinal contours are normal. No osseous abnormalities.,,/home/20213144/.cache/kagglehub/datasets/raddar/chest-xrays-indiana-university/versions/2/images/images_normalized/326_IM-1546-2002.dcm.png,Findings: The chest X-ray shows bilateral hilar prominence and a left-sided pleural effusion.,Findings: The chest X-ray shows bilateral hilar prominence and a left-sided pleural effusion.,0.0,0.0,0.0,0.30078144802609746,0.5,0.030555555555555555,0.0,0.14864864864864866,0.9126984126984127,0.030555555555555555,0.0,0.0,0.0,0.30078144802609746,0.403125,0.05555555555555555,0.0,0.1342281879194631,0.9375,0.05555555555555555
327,327_IM-1552-1001.dcm.png,Frontal,Cardiomegaly/mild;Surgical Instruments/mediastinum,Cardiomegaly;Surgical Instruments,Xray Chest PA and Lateral,"XXXX, XXXX pain, XXXX.","XXXX, XXXX.","There is stable, mild cardiomegaly with normal caliber pulmonary vasculature. There are grossly intact XXXX sternotomy XXXX and mediastinal surgical clips. There is no focal airspace disease, pneumothorax, or pleural effusion. There are no acute bony findings.",Stable chronic changes. No acute findings. .,/home/20213144/.cache/kagglehub/datasets/raddar/chest-xrays-indiana-university/versions/2/images/images_normalized/327_IM-1552-1001.dcm.png,"Findings: The chest X-ray shows bilateral hilar prominence, which is an enlargement or increased visibility of the hilum on both sides of the lungs.","Findings: The chest X-ray shows bilateral hilar prominence, which is an enlargement or increased visibility of the hilum on both sides of the lungs.",0.0,0.0,0.0,0.4106038059646784,0.5,0.030555555555555555,0.0,0.14864864864864866,0.9126984126984127,0.030555555555555555,0.0,0.0,0.0,0.4106038059646784,0.403125,0.05555555555555555,0.0,0.1342281879194631,0.9375,0.05555555555555555
328,328_IM-1560-1001.dcm.png,Frontal,normal,normal,PA and Lateral Chest X-XXXX dated XXXX.,History of tobacco use.,None.,The heart size and pulmonary vascularity appear within normal limits. The lungs are free of focal airspace disease. No pleural effusion or pneumothorax is seen.,1. No evidence of active disease.,/home/20213144/.cache/kagglehub/datasets/raddar/chest-xrays-indiana-university/versions/2/images/images_normalized/328_IM-1560-1001.dcm.png,"Findings: The chest X-ray shows bilateral hilar prominence, which is an enlargement or increased visibility of the hilum on both sides of the lungs.","Findings: The chest X-ray shows bilateral hilar prominence, which is an enlargement or increased visibility of the hilum on both sides of the lungs.",0.0,0.0,0.0,0.42749801784222813,0.5,0.030555555555555555,0.0,0.14864864864864866,0.9126984126984127,0.030555555555555555,0.0,0.0,0.0,0.42749801784222813,0.403125,0.05555555555555555,0.0,0.1342281879194631,0.9375,0.05555555555555555
329,329_IM-1571-1004003.dcm.png,Frontal,Cardiac Shadow/enlarged/borderline;Calcinosis/mediastinum/lymph nodes;Markings/right/paratracheal/prominent;Emphysema;Spondylosis/mild,Cardiac Shadow;Calcinosis;Markings;Emphysema;Spondylosis,"Chest, 2 views, frontal and lateral","COPD, asthma, cancer","XXXX, XXXX",Stable borderline enlarged cardiac contour. Calcified mediastinal lymph XXXX. Prominent right paratracheal stripe. Emphysema. No active pulmonary disease. Mild spondylosis.,"Stable appearance of the chest, see above.",/home/20213144/.cache/kagglehub/datasets/raddar/chest-xrays-indiana-university/versions/2/images/images_normalized/329_IM-1571-1004003.dcm.png,Findings: The chest X-ray shows bilateral hilar prominence and a left-sided pleural effusion.,Findings: The chest X-ray shows bilateral hilar prominence and a left-sided pleural effusion.,0.0,0.0,0.0,0.39850622473250946,0.5,0.030555555555555555,0.0,0.14864864864864866,0.9126984126984127,0.030555555555555555,0.0,0.0,0.0,0.39850622473250946,0.403125,0.05555555555555555,0.0,0.1342281879194631,0.9375,0.05555555555555555
330,330_IM-1577-0001-0002.dcm.png,Frontal,normal,normal,PA and Lateral Chest: XXXX at 01: 50 hours.,XXXX-year-old woman with hepatic encephalopathy and XXXX of abdomen.,None available.,"Heart size, mediastinal contour, and pulmonary vascularity are within normal limits. No focal consolidation, suspicious pulmonary opacity, large pleural effusion, or pneumothorax is identified. Visualized osseous structures appear intact.",No acute cardiopulmonary abnormality.,/home/20213144/.cache/kagglehub/datasets/raddar/chest-xrays-indiana-university/versions/2/images/images_normalized/330_IM-1577-0001-0002.dcm.png,Findings: The chest X-ray shows hyperinflation of the right lung.,"Findings: The chest X-ray shows bilateral hilar prominence, which is an enlargement or increased visibility of the hilum on both sides of the lungs.",0.0,0.0,0.0,0.3797036265919677,0.5,0.030555555555555555,0.0,0.14864864864864866,0.9126984126984127,0.030555555555555555,0.0,0.0,0.0,0.3295683962197046,0.403125,0.05555555555555555,0.0,0.1342281879194631,0.9375,0.05555555555555555
331,331_IM-1584-1001.dcm.png,Frontal,normal,normal,Chest x-XXXX XXXX and lateral on XXXX. ,XXXX-year-old male with shortness of breath.,Chest x-XXXX on XXXX,The heart size and mediastinal silhouette are within normal limits for contour. The lungs are clear. No pneumothorax or pleural effusions. The XXXX are intact.,No acute cardiopulmonary abnormalities.,/home/20213144/.cache/kagglehub/datasets/raddar/chest-xrays-indiana-university/versions/2/images/images_normalized/331_IM-1584-1001.dcm.png,"Findings: The chest X-ray shows bilateral hilar prominence, which is an enlargement or increased visibility of the hilum on both sides of the lungs.","Findings: The chest X-ray shows bilateral hilar prominence, which is an enlargement or increased visibility of the hilum on both sides of the lungs.",0.0,0.0,0.0,0.4629724368482613,0.5,0.030555555555555555,0.0,0.14864864864864866,0.9126984126984127,0.030555555555555555,0.0,0.0,0.0,0.4629724368482613,0.403125,0.05555555555555555,0.0,0.1342281879194631,0.9375,0.05555555555555555
332,332_IM-1588-1001.dcm.png,Frontal,Opacity/lung/lower lobe/left/streaky;Opacity/retrocardiac/streaky,Opacity;Opacity,Xray Chest PA and Lateral,"XXXX, XXXX x1 XXXX. Concern for left lower lobe pneumonia on physical exam.",None available.,"There are are streaky retrocardiac left lower lobe opacities, in the correct clinical setting this could represent a pneumonia. There is no pneumothorax or pleural effusion. The cardiac silhouette is within normal limits.","Streaky left retrocardiac airspace opacities, in the correct clinical setting this could represent a pneumonia.",/home/20213144/.cache/kagglehub/datasets/raddar/chest-xrays-indiana-university/versions/2/images/images_normalized/332_IM-1588-1001.dcm.png,"Findings: The chest X-ray shows bilateral hilar lymphadenopathy, which means there is enlargement of the lymph nodes in the region where the bronchi enter the lungs, on both sides.","Findings: The chest X-ray shows bilateral hilar lymphadenopathy, which means there is enlargement of the lymph nodes in the region where the bronchi enter the lungs, on both sides.",0.0,0.0,0.0,0.337842403099863,0.5,0.030555555555555555,0.0,0.14864864864864866,0.9126984126984127,0.030555555555555555,0.0,0.0,0.0,0.337842403099863,0.403125,0.05555555555555555,0.0,0.1342281879194631,0.9375,0.05555555555555555
333,333_IM-1594-1001.dcm.png,Frontal,Lung/hyperdistention/mild,Lung,2 views Chest: XXXX,Productive XXXX,None.,The lungs and pleural spaces show no acute abnormality. Lungs are mildly hyperexpanded. Heart size and pulmonary vascularity within normal limits.,1. No acute pulmonary abnormality.,/home/20213144/.cache/kagglehub/datasets/raddar/chest-xrays-indiana-university/versions/2/images/images_normalized/333_IM-1594-1001.dcm.png,"Findings: The chest X-ray shows bilateral hilar prominence, which is an enlargement or increased visibility of the hilum on both sides of the lungs.","Findings: The chest X-ray shows bilateral hilar prominence, which is an enlargement or increased visibility of the hilum on both sides of the lungs.",0.0,0.0,0.0,0.47112139707960987,0.5,0.030555555555555555,0.0,0.14864864864864866,0.9126984126984127,0.030555555555555555,0.0,0.0,0.0,0.47112139707960987,0.403125,0.05555555555555555,0.0,0.1342281879194631,0.9375,0.05555555555555555
334,334_IM-1600-1001.dcm.png,Frontal,Calcified Granuloma/lung/lingula/small;Pulmonary Atelectasis/middle lobe;Infiltrate/lung/middle lobe,Calcified Granuloma;Pulmonary Atelectasis;Infiltrate,"PA and lateral chest XXXX, XXXX at XXXX comparison XXXX XXXX and CT from the same time. ",History of dyspnea.,,,Heart size is normal. Left midlung small calcified granulomas unchanged. Persistent partial middle lobe atelectasis and infiltrate seen XXXX on the lateral,/home/20213144/.cache/kagglehub/datasets/raddar/chest-xrays-indiana-university/versions/2/images/images_normalized/334_IM-1600-1001.dcm.png,Findings: The chest X-ray shows bilateral hilar prominence and a left-sided pleural effusion.,Findings: The chest X-ray shows bilateral hilar prominence and a left-sided pleural effusion.,0.0,0.0,0.0,0.42891161218846746,0.5,0.030555555555555555,0.0,0.14864864864864866,0.9126984126984127,0.030555555555555555,0.0,0.0,0.0,0.42891161218846746,0.403125,0.05555555555555555,0.0,0.1342281879194631,0.9375,0.05555555555555555
335,335_IM-1606-1001.dcm.png,Frontal,"Catheters, Indwelling/left","Catheters, Indwelling","CHEST (PA AND LATERAL) on XXXX, XXXX",Shortness of breath.,"AP and lateral view the chest on XXXX, XXXX.",A left-sided hemodialysis catheter is in XXXX with its distal tip at the right atrium. The cardiac silhouette and mediastinal contours are within normal limits. There is no focal opacity. There is no pneumothorax. No large pleural effusion.,Stable position of the left-sided hemodialysis catheter otherwise no acute cardiopulmonary disease.,/home/20213144/.cache/kagglehub/datasets/raddar/chest-xrays-indiana-university/versions/2/images/images_normalized/335_IM-1606-1001.dcm.png,"Findings: The chest X-ray shows bilateral hilar prominence, which is an enlargement or increased visibility of the hilum on both sides of the lungs.","Findings: The chest X-ray shows a homogenous opacity in the right hemithorax. This means that there is an area of increased density in the right side of the chest, which could be due to various reasons such as fluid accumulation, infection, or other lung abnormalities.",0.0,0.0,0.0,0.3627193991981436,0.5,0.030555555555555555,0.0,0.14864864864864866,0.9126984126984127,0.030555555555555555,0.0,0.0,0.0,0.3888391616032741,0.403125,0.05555555555555555,0.0,0.1342281879194631,0.9375,0.05555555555555555
336,336_IM-1613-1001.dcm.png,Frontal,normal,normal,"Chest radiograph examination 2 views performed XXXX, XXXX at XXXX. ",XXXX-year-old female with nightsweats and XXXX.,Comparison is XXXX to chest radiograph examination dated XXXX.,The cardiomediastinal silhouette is within normal limits for appearance. No focal areas of pulmonary consolidation. No pneumothorax. No pleural effusion. The thoracic spine appears intact.,1. No acute cardiopulmonary process.,/home/20213144/.cache/kagglehub/datasets/raddar/chest-xrays-indiana-university/versions/2/images/images_normalized/336_IM-1613-1001.dcm.png,"Findings: The chest X-ray shows bilateral hilar prominence, which is an enlargement or increased visibility of the hilum on both sides of the lungs.","Findings: The chest X-ray shows a homogenous opacity in the right hemithorax. This means that there is an area of increased density in the right side of the chest cavity, which could be due to various reasons such as fluid accumulation, infection, or a mass.",0.0,0.0,0.0,0.3415587507429959,0.5,0.030555555555555555,0.0,0.14864864864864866,0.9126984126984127,0.030555555555555555,0.0,0.0,0.0,0.3733814373997089,0.403125,0.05555555555555555,0.0,0.1342281879194631,0.9375,0.05555555555555555
337,337_IM-1622-1001.dcm.png,Frontal,Opacity/sulcus/posterior/mild;Markings/sulcus/left;Granuloma/lung;Aorta/tortuous;Calcinosis/aorta;Osteophyte/thoracic vertebrae/multiple/small,Opacity;Markings;Granuloma;Aorta;Calcinosis;Osteophyte,Xray Chest PA and Lateral,left-sided chest pain under left breast. Three days.,XXXX,"Minimal XXXX opacities at the posterior sulci. A few septal lines of the left lateral sulcus. Otherwise, The lungs are clear with granulomas and XXXX sulci. Heart size upper normal thin LV contour.Unfolded calcified aorta. T-spine small osteophytes.",No pneumothorax. Similar appearance.,/home/20213144/.cache/kagglehub/datasets/raddar/chest-xrays-indiana-university/versions/2/images/images_normalized/337_IM-1622-1001.dcm.png,"Findings: The chest X-ray shows bilateral hilar prominence, which is an enlargement or increased visibility of the hilum on both sides of the lungs.","Findings: The chest X-ray shows bilateral hilar prominence, which is an enlargement or increased visibility of the hilum on both sides of the lungs.",0.0,0.0,0.0,0.3900717872208285,0.5,0.030555555555555555,0.0,0.14864864864864866,0.9126984126984127,0.030555555555555555,0.0,0.0,0.0,0.3900717872208285,0.403125,0.05555555555555555,0.0,0.1342281879194631,0.9375,0.05555555555555555
338,338_IM-1628-1001.dcm.png,Frontal,normal,normal,PA and lateral chest radiographs dated XXXX at XXXX hours.,XXXX-year-old with hemoptysis.,None.,"The heart, pulmonary XXXX and mediastinum are within normal limits. There is no pleural effusion or pneumothorax. There is no focal air space opacity to suggest a pneumonia. The patient was shielded.",No acute cardiopulmonary disease.,/home/20213144/.cache/kagglehub/datasets/raddar/chest-xrays-indiana-university/versions/2/images/images_normalized/338_IM-1628-1001.dcm.png,"Findings: The chest X-ray shows bilateral hilar prominence, which is an enlargement or increased visibility of the hilum on both sides of the lungs.","Findings: The chest X-ray shows bilateral hilar prominence, which is an enlargement or increased visibility of the hilum on both sides of the lungs.",0.0,0.0,0.0,0.33135396852377025,0.5,0.030555555555555555,0.0,0.14864864864864866,0.9126984126984127,0.030555555555555555,0.0,0.0,0.0,0.33135396852377025,0.403125,0.05555555555555555,0.0,0.1342281879194631,0.9375,0.05555555555555555
339,339_IM-1635-1001.dcm.png,Frontal,normal,normal,Xray Chest PA and Lateral,CLL XXXX UP;,,,"Comparison XXXX, XXXX Well-expanded and clear lungs. Mediastinal contour within normal limits. No acute cardiopulmonary abnormality identified. Stable chest.",/home/20213144/.cache/kagglehub/datasets/raddar/chest-xrays-indiana-university/versions/2/images/images_normalized/339_IM-1635-1001.dcm.png,"Findings: The chest X-ray shows bilateral hilar prominence, which is an enlargement or increased visibility of the hilum on both sides of the lungs.","Findings: The chest X-ray shows bilateral diffuse reticular opacities. Reticular opacities are a pattern of interlacing lines that can be seen in the lung fields, and they may indicate various lung conditions, such as infections, interstitial lung diseases, or other lung abnormalities.",0.0,0.0,0.0,0.47676890340272593,0.5,0.030555555555555555,0.0,0.14864864864864866,0.9126984126984127,0.030555555555555555,0.0,0.0,0.0,0.4372406557670126,0.403125,0.05555555555555555,0.0,0.1342281879194631,0.9375,0.05555555555555555
340,340_IM-1644-4004.dcm.png,Frontal,Cardiomegaly/moderate;Diaphragmatic Eventration;Density/heart,Cardiomegaly;Diaphragmatic Eventration;Density,Xray Chest PA and Lateral,"XXXX-year-old female, left arm pain and nausea",,"Heart size moderately enlarged, stable mediastinal contours. Lateral view curvilinear densities over the heart suggestive of coronary artery stents. Diaphragm eventration. No focal alveolar consolidation, no definite pleural effusion seen. No typical findings of pulmonary edema.","Cardiomegaly, no acute pulmonary findings",/home/20213144/.cache/kagglehub/datasets/raddar/chest-xrays-indiana-university/versions/2/images/images_normalized/340_IM-1644-4004.dcm.png,"Findings: The chest X-ray shows bilateral hilar prominence, which is an enlargement or increased visibility of the hilum on both sides of the lungs.","Findings: The chest X-ray shows bilateral hilar prominence, which is an enlargement or increased visibility of the hilum on both sides of the lungs.",0.0,0.0,0.0,0.44648084958000395,0.5,0.030555555555555555,0.0,0.14864864864864866,0.9126984126984127,0.030555555555555555,0.0,0.0,0.0,0.44648084958000395,0.403125,0.05555555555555555,0.0,0.1342281879194631,0.9375,0.05555555555555555
341,341_IM-1648-1001.dcm.png,Frontal,normal,normal,CHEST 2V FRONTAL/LATERAL ; Three-view right foot.,"hx of smoking, not feeling well ; right foot XXXX.",,"Two-view chest. Both lungs are clear and expanded. Heart and mediastinum normal. Right foot. Hindfoot, midfoot, forefoot XXXX are intact with no fractures or bone destruction.",1. Chest. No active disease. 2. Right foot. Negative.,/home/20213144/.cache/kagglehub/datasets/raddar/chest-xrays-indiana-university/versions/2/images/images_normalized/341_IM-1648-1001.dcm.png,"Findings: The chest X-ray shows bilateral hilar prominence, which is an enlargement or increased visibility of the hilum on both sides of the lungs.","Findings: The chest X-ray shows bilateral hilar lymphadenopathy, which means there is enlargement of the lymph nodes in the region where the bronchi enter the lungs, on both sides.",0.0,0.0,0.0,0.3433908104601756,0.5,0.030555555555555555,0.0,0.14864864864864866,0.9126984126984127,0.030555555555555555,0.0,0.0,0.0,0.2590201583671192,0.403125,0.05555555555555555,0.0,0.1342281879194631,0.9375,0.05555555555555555
342,342_IM-1655-0001-0001.dcm.png,Frontal,"Cardiomegaly/mild;Calcified Granuloma/lung/upper lobe/left;Aorta, Thoracic/tortuous/mild","Cardiomegaly;Calcified Granuloma;Aorta, Thoracic",2 views Chest: XXXX,Preoperative renal transplant.,Chest x-XXXX of XXXX.,"The lungs and pleural spaces show no acute abnormality. Stable left upper lobe calcified granuloma. Heart size is mildly enlarged, pulmonary vascularity within normal limits. Mild tortuosity of the descending thoracic aorta.",1. No acute pulmonary findings. 2. Mild cardiomegaly.,/home/20213144/.cache/kagglehub/datasets/raddar/chest-xrays-indiana-university/versions/2/images/images_normalized/342_IM-1655-0001-0001.dcm.png,"Findings: The chest X-ray shows bilateral hilar prominence, which is an enlargement or increased visibility of the hilum on both sides of the lungs.",Findings: The chest X-ray shows bilateral hilar prominence and a left-sided pleural effusion.,0.0,0.0,0.0,0.41981646029820574,0.5,0.030555555555555555,0.0,0.14864864864864866,0.9126984126984127,0.030555555555555555,0.06666666666666667,0.06451612903225806,0.058823529411764705,0.36557740330444943,0.403125,0.05555555555555555,0.0,0.1342281879194631,0.9375,0.05555555555555555
343,343_IM-1658-1001.dcm.png,Frontal,"Consolidation/lung;Bone Diseases, Metabolic;Airspace Disease/lung;Pulmonary Congestion/mild","Consolidation;Bone Diseases, Metabolic;Airspace Disease;Pulmonary Congestion","PA and LAT view CHEST XXXX, XXXX XXXX PM",Pain,None.,"Heart size and mediastinal contour are normal. Pulmonary vascularity is normal. is not diffuse interstitial prominence, which has chronic appearance. Cannot exclude early pulmonary edema. Two airspace consolidation or effusion. XXXX are osteopenic. No visible pneumothorax.","Mild interstitial prominence, XXXX chronic though could reflect early pulmonary edema.",/home/20213144/.cache/kagglehub/datasets/raddar/chest-xrays-indiana-university/versions/2/images/images_normalized/343_IM-1658-1001.dcm.png,"Findings: The chest X-ray shows bilateral hilar prominence, which is an enlargement or increased visibility of the hilum on both sides of the lungs.","Findings: The chest X-ray shows bilateral hilar prominence, which is an enlargement or increased visibility of the hilum on both sides of the lungs.",0.07142857142857144,0.07142857142857144,0.0,0.39539022632015103,0.5,0.030555555555555555,0.0,0.14864864864864866,0.9126984126984127,0.030555555555555555,0.07142857142857144,0.07142857142857144,0.0,0.39539022632015103,0.403125,0.05555555555555555,0.0,0.1342281879194631,0.9375,0.05555555555555555
344,344_IM-1664-1001.dcm.png,Frontal,normal,normal,"PA and lateral chest x-XXXX dated XXXX, XXXX at XXXX a.m.. ",XXXX-year-old male with chest pain.,None.,"The lungs are clear bilaterally. Specifically, no evidence of focal consolidation, pneumothorax, or pleural effusion.. Cardio mediastinal silhouette is unremarkable. Visualized osseous structures of the thorax are without acute abnormality.",No acute cardiopulmonary abnormality..,/home/20213144/.cache/kagglehub/datasets/raddar/chest-xrays-indiana-university/versions/2/images/images_normalized/344_IM-1664-1001.dcm.png,Findings: The chest X-ray shows hyperinflation of the right lung.,Findings: The chest X-ray shows bilateral hilar prominence and a left-sided pleural effusion.,0.0,0.0,0.0,0.47689183909460514,0.5,0.030555555555555555,0.0,0.14864864864864866,0.9126984126984127,0.030555555555555555,0.08695652173913045,0.08695652173913045,0.08,0.4095239276666087,0.403125,0.05555555555555555,0.0,0.1342281879194631,0.9375,0.05555555555555555
345,345_IM-1672-1001.dcm.png,Frontal,normal,normal,"Chest, 2 views, XXXX XXXX ComparisXXXX/XXXX ",Costochondral chest pain,,Cardiomediastinal silhouette and pulmonary vasculature are within normal limits. Lungs are clear. No pneumothorax or pleural effusion. No acute osseous findings. XXXX degenerative changes of the thoracic spine.,No acute cardiopulmonary findings.,/home/20213144/.cache/kagglehub/datasets/raddar/chest-xrays-indiana-university/versions/2/images/images_normalized/345_IM-1672-1001.dcm.png,"Findings: The chest X-ray shows bilateral hilar prominence, which is an enlargement or increased visibility of the hilum on both sides of the lungs.","Findings: The chest X-ray shows bilateral hilar prominence, which is an enlargement or increased visibility of the hilum on both sides of the lungs.",0.0,0.0,0.0,0.4602829523869522,0.5,0.030555555555555555,0.0,0.14864864864864866,0.9126984126984127,0.030555555555555555,0.0,0.0,0.0,0.4602829523869522,0.403125,0.05555555555555555,0.0,0.1342281879194631,0.9375,0.05555555555555555
346,346_IM-1680-12012.dcm.png,Frontal,normal,normal,Xray Chest PA and Lateral,The patient states that she tried XXXX XXXX and XXXX a XXXX reaction. The patient's lower abdomen was shielded for this exam.,None.,Frontal (on two cassettes) and lateral views of the chest with overlying external cardiac monitor leads show an unchanged cardiomediastinal silhouette. No XXXX focal airspace consolidation or pleural effusion.,"No acute or active cardiac, pulmonary or pleural disease.",/home/20213144/.cache/kagglehub/datasets/raddar/chest-xrays-indiana-university/versions/2/images/images_normalized/346_IM-1680-12012.dcm.png,Findings: The chest X-ray shows hyperinflation of the right lung.,"Findings: The chest X-ray shows bilateral hilar prominence, which is an enlargement or increased visibility of the hilum on both sides of the lungs.",0.0,0.0,0.0,0.6467446050663765,0.5,0.030555555555555555,0.0,0.14864864864864866,0.9126984126984127,0.030555555555555555,0.0,0.0,0.0,0.4023444112908582,0.403125,0.05555555555555555,0.0,0.1342281879194631,0.9375,0.05555555555555555
347,347_IM-1686-1001.dcm.png,Frontal,Thoracic Vertebrae/degenerative/mild;Granulomatous Disease/chronic,Thoracic Vertebrae;Granulomatous Disease,"Chest, 2 XXXX and Lateral ",XXXX-year-old female with a XXXX.,"XXXX, XXXX at XXXX","Cardiac And Mediastinal Contours Are Unremarkable. Pulmonary vascularity is within normal limits. No focal air space opacities, pleural effusion, or pneumothorax. XXXX are grossly unremarkable. There are some minimal degenerative changes of the thoracic spine. Evidence of chronic granulomatous disease.",1. Clear lungs.,/home/20213144/.cache/kagglehub/datasets/raddar/chest-xrays-indiana-university/versions/2/images/images_normalized/347_IM-1686-1001.dcm.png,Findings: The chest X-ray shows bilateral hilar prominence and a left-sided pleural effusion.,"Findings: The chest X-ray shows bilateral hilar lymphadenopathy, which means there is enlargement of the lymph nodes in the hilar region of both lungs.",0.06896551724137931,0.06896551724137931,0.06451612903225806,0.29252943561113226,0.5,0.030555555555555555,0.0,0.14864864864864866,0.9126984126984127,0.030555555555555555,0.06896551724137931,0.06896551724137931,0.06451612903225806,0.32886061262394867,0.403125,0.05555555555555555,0.0,0.1342281879194631,0.9375,0.05555555555555555
348,348_IM-1690-1001.dcm.png,Frontal,normal,normal,"PA and LAT view CHEST XXXX, XXXX XXXX PM",Preop neck surgery,None.,Heart size and mediastinal contour normal. Lungs are clear. Pulmonary vascularity normal. No pleural effusions or pneumothoraces. Minimal degenerative changes thoracic spine.,No acute cardiopulmonary process.,/home/20213144/.cache/kagglehub/datasets/raddar/chest-xrays-indiana-university/versions/2/images/images_normalized/348_IM-1690-1001.dcm.png,Findings: The chest X-ray shows bilateral hilar prominence and a left-sided pleural effusion.,"Findings: The chest X-ray appears to be normal, with no significant abnormalities detected.",0.08,0.08,0.07142857142857144,0.3135471738967284,0.5,0.030555555555555555,0.0,0.14864864864864866,0.9126984126984127,0.030555555555555555,0.09090909090909091,0.09090909090909091,0.0,0.32838040618778824,0.403125,0.05555555555555555,0.0,0.1342281879194631,0.9375,0.05555555555555555
349,349_IM-1697-1001.dcm.png,Frontal,Cardiomegaly;Aorta/tortuous,Cardiomegaly;Aorta,"CHEST 2V FRONTAL/LATERAL XXXX, XXXX XXXX XXXX ",chest pain,,The heart size is enlarged. The aorta is tortuous. The pulmonary vasculature appears normal. Lungs are otherwise clear bilaterally. No pleural effusions or pneumothorax. No bony abnormalities.,1. Cardiomegaly,/home/20213144/.cache/kagglehub/datasets/raddar/chest-xrays-indiana-university/versions/2/images/images_normalized/349_IM-1697-1001.dcm.png,"Findings: The chest X-ray shows bilateral hilar prominence, which is an enlargement or increased visibility of the hilum on both sides of the lungs.","Findings: The chest X-ray shows bilateral hilar prominence, which is an enlargement or increased visibility of the hilum on both sides of the lungs.",0.0,0.0,0.0,0.48552934070490417,0.5,0.030555555555555555,0.0,0.14864864864864866,0.9126984126984127,0.030555555555555555,0.0,0.0,0.0,0.48552934070490417,0.403125,0.05555555555555555,0.0,0.1342281879194631,0.9375,0.05555555555555555
350,350_IM-1705-0001-0001.dcm.png,Frontal,"Opacity/lung/base/left/patchy;Hernia, Hiatal/small","Opacity;Hernia, Hiatal",Xray Chest PA and Lateral,"XXXX and XXXX, history of breast cancer",none,Normal cardiomediastinal contours. No pneumothorax or large pleural effusions. Left basilar patchy opacities. Small hiatal hernia.,"Left basilar patchy opacities, which may represent atelectasis or infection. .",/home/20213144/.cache/kagglehub/datasets/raddar/chest-xrays-indiana-university/versions/2/images/images_normalized/350_IM-1705-0001-0001.dcm.png,"Findings: The chest X-ray shows bilateral hilar prominence, which is an enlargement or increased visibility of the hilum on both sides of the lungs.",Findings: The chest X-ray shows bilateral hilar prominence and a left-sided pleural effusion.,0.0,0.0,0.0,0.4253845638496247,0.5,0.030555555555555555,0.0,0.14864864864864866,0.9126984126984127,0.030555555555555555,0.09523809523809522,0.09523809523809522,0.08695652173913045,0.4380872573524904,0.403125,0.05555555555555555,0.0,0.1342281879194631,0.9375,0.05555555555555555
351,351_IM-1712-1001.dcm.png,Frontal,"Lung/hyperdistention;Cicatrix/lung/lower lobe/bilateral/mild;Aorta, Thoracic/tortuous/mild","Lung;Cicatrix;Aorta, Thoracic",2 views Chest: XXXX,XXXX,Chest x-XXXX XXXX,The lungs and pleural spaces show no acute abnormality. Lungs are hyperexpanded. Minimal XXXX scarring in both lower lobes. Heart size and pulmonary vascularity within normal limits. Stable mild tortuosity of the descending thoracic aorta.,1. No acute pulmonary abnormality.,/home/20213144/.cache/kagglehub/datasets/raddar/chest-xrays-indiana-university/versions/2/images/images_normalized/351_IM-1712-1001.dcm.png,"Findings: The chest X-ray shows bilateral hilar prominence, which is an enlargement or increased visibility of the hilum on both sides of the lungs.",Findings: The chest X-ray shows bilateral hilar prominence and a left-sided pleural effusion.,0.0,0.0,0.0,0.4692582322847249,0.5,0.030555555555555555,0.0,0.14864864864864866,0.9126984126984127,0.030555555555555555,0.06896551724137931,0.06666666666666667,0.0625,0.37014946372091584,0.403125,0.05555555555555555,0.0,0.1342281879194631,0.9375,0.05555555555555555
352,352_IM-1718-1001.dcm.png,Frontal,Thoracic Vertebrae/degenerative/mild,Thoracic Vertebrae,Xray Chest PA and Lateral,XXXX year old male with XXXX.,None available.,The cardiomediastinal silhouette is within normal limits for appearance. The trachea is midline. No focal pulmonary consolidation. No pneumothorax. No pleural effusion. Minimal degenerative changes of the thoracic spine.,1. No acute cardiopulmonary process. .,/home/20213144/.cache/kagglehub/datasets/raddar/chest-xrays-indiana-university/versions/2/images/images_normalized/352_IM-1718-1001.dcm.png,Findings: The chest X-ray shows bilateral hilar prominence and a left-sided pleural effusion.,Findings: The chest X-ray shows bilateral hilar prominence and a left-sided pleural effusion.,0.07407407407407407,0.07407407407407407,0.07142857142857144,0.3330161543027656,0.5,0.030555555555555555,0.0,0.14864864864864866,0.9126984126984127,0.030555555555555555,0.07407407407407407,0.07407407407407407,0.07142857142857144,0.3330161543027656,0.403125,0.05555555555555555,0.0,0.1342281879194631,0.9375,0.05555555555555555
353,353_IM-1726-1001.dcm.png,Frontal,Pulmonary Edema/bilateral/interstitial/mild;Pleural Effusion/right/small;Calcinosis/mediastinum/lymph nodes,Pulmonary Edema;Pleural Effusion;Calcinosis,Xray Chest PA and Lateral,Increased O2 requirement,,XXXX XXXX and lateral chest examination was obtained. There is improvement in bilateral pulmonary edema with mild residual. There is minimal right-sided pleural effusion. Heart silhouette is not enlarged. There is calcified mediastinal lymph XXXX. There is no pneumothorax,1. Improving bilateral interstitial edema pattern. 2. Small right-sided pleural effusion.,/home/20213144/.cache/kagglehub/datasets/raddar/chest-xrays-indiana-university/versions/2/images/images_normalized/353_IM-1726-1001.dcm.png,Findings: The chest X-ray shows bilateral hilar prominence and a left-sided pleural effusion.,Findings: The chest X-ray shows bilateral hilar prominence and a left-sided pleural effusion.,0.23076923076923075,0.22222222222222224,0.14285714285714288,0.4840571118757902,0.5,0.030555555555555555,0.0,0.14864864864864866,0.9126984126984127,0.030555555555555555,0.23076923076923075,0.22222222222222224,0.14285714285714288,0.4840571118757902,0.403125,0.05555555555555555,0.0,0.1342281879194631,0.9375,0.05555555555555555
354,354_IM-1731-1001.dcm.png,Frontal,normal,normal,Xray Chest PA and Lateral,"XXXX, DYSPNEA",,The heart is normal in size. The mediastinum is stable. The lungs are clear.,No acute disease.,/home/20213144/.cache/kagglehub/datasets/raddar/chest-xrays-indiana-university/versions/2/images/images_normalized/354_IM-1731-1001.dcm.png,Findings: The chest X-ray shows bilateral hilar prominence and a left-sided pleural effusion.,Findings: The chest X-ray shows bilateral hilar prominence and a left-sided pleural effusion.,0.0,0.0,0.0,0.35336259352050425,0.5,0.030555555555555555,0.0,0.14864864864864866,0.9126984126984127,0.030555555555555555,0.0,0.0,0.0,0.35336259352050425,0.403125,0.05555555555555555,0.0,0.1342281879194631,0.9375,0.05555555555555555
355,355_IM-1739-1001.dcm.png,Frontal,"Lung/hypoinflation;Markings/lung/bilateral/interstitial/prominent;Blister/lung/upper lobe/bilateral;Lung Diseases, Interstitial/chronic","Lung;Markings;Blister;Lung Diseases, Interstitial"," CHEST 2V FRONTAL/LATERAL XXXX, XXXX XXXX XXXX ",rib pain,"XXXX, XXXX.","Lung volumes are low. Prominent increased interstitial markings in both lungs are unchanged in the interval. Bullae are present both upper lobes, right worse than left. No pleural air collections. Heart size normal.",Chronic interstitial and bullous disease. No acute findings.,/home/20213144/.cache/kagglehub/datasets/raddar/chest-xrays-indiana-university/versions/2/images/images_normalized/355_IM-1739-1001.dcm.png,"Findings: The chest X-ray shows bilateral diffuse reticular opacities. Reticular opacities are a pattern of interlacing lines that can be seen in the lung fields, and they may indicate various lung conditions, such as infections, interstitial lung diseases, or other pulmonary disorders.","Findings: The chest X-ray shows bilateral diffuse reticular opacities. Reticular opacities are a pattern of interlacing lines that can be seen in the lung fields, and they may indicate various lung conditions, such as infections, interstitial lung diseases, or other pulmonary disorders.",0.05555555555555555,0.0,0.0,0.4735935409975636,0.5,0.030555555555555555,0.0,0.14864864864864866,0.9126984126984127,0.030555555555555555,0.05555555555555555,0.0,0.0,0.4735935409975636,0.403125,0.05555555555555555,0.0,0.1342281879194631,0.9375,0.05555555555555555
356,356_IM-1744-1001.dcm.png,Frontal,normal,normal,PA and lateral chest x-XXXX XXXX at XXXX hours. ,XXXX-year-old XXXX with history of pneumonia.,Chest CT on XXXX.,"The cardiomediastinal silhouette is within normal limits for size and contour. The lungs are normally inflated without evidence of focal airspace disease, pleural effusion, or pneumothorax. Osseous structures are within normal limits for patient age..",1. No acute radiographic cardiopulmonary process.,/home/20213144/.cache/kagglehub/datasets/raddar/chest-xrays-indiana-university/versions/2/images/images_normalized/356_IM-1744-1001.dcm.png,Findings: The chest X-ray shows bilateral hilar prominence and a left-sided pleural effusion.,Findings: The chest X-ray shows bilateral hilar prominence and a left-sided pleural effusion.,0.07692307692307691,0.07407407407407407,0.06896551724137931,0.296356171288523,0.5,0.030555555555555555,0.0,0.14864864864864866,0.9126984126984127,0.030555555555555555,0.07692307692307691,0.07407407407407407,0.06896551724137931,0.296356171288523,0.403125,0.05555555555555555,0.0,0.1342281879194631,0.9375,0.05555555555555555
357,357_IM-1753-1001.dcm.png,Frontal,Heart/right/obscured;Opacity/lung/base/right/streaky,Heart;Opacity,PA and lateral chest radiograph on XXXX at 01: 28 hours. ,XXXX-year-old woman with shortness of breath.,None available.,"Cardiac size, mediastinal contour, and pulmonary vascularity are within normal limits. The right heart XXXX appears obscured and there are streaky right medial basilar airspace opacities, possibly due to airspace disease or atelectasis. Otherwise, no focal consolidation, pleural effusion, or pneumothorax. The visualized osseous structures appear intact.","Obscured right heart XXXX with streaky right medial basilar airspace opacities, possibly due to airspace disease versus atelectasis. Otherwise, no acute cardiopulmonary abnormalities.",/home/20213144/.cache/kagglehub/datasets/raddar/chest-xrays-indiana-university/versions/2/images/images_normalized/357_IM-1753-1001.dcm.png,"Findings: The chest X-ray shows bilateral hilar prominence, which is an enlargement or increased visibility of the hilum on both sides of the lungs.","Findings: The chest X-ray shows bilateral hilar prominence, which is an enlargement or increased visibility of the hilum on both sides of the lungs.",0.0,0.0,0.0,0.3842184056731109,0.5,0.030555555555555555,0.0,0.14864864864864866,0.9126984126984127,0.030555555555555555,0.0,0.0,0.0,0.3842184056731109,0.403125,0.05555555555555555,0.0,0.1342281879194631,0.9375,0.05555555555555555
358,358_IM-1759-1001.dcm.png,Frontal,normal,normal,PA and lateral chest radiograph (2 views) (2 images) ,XXXX,,Lungs are clear bilaterally. Cardiac and mediastinal silhouettes are normal. Pulmonary vasculature is normal. No pneumothorax or pleural effusion. Limbus vertebra noted within the partial visualized lumbar vertebral body.,No acute cardiopulmonary disease.,/home/20213144/.cache/kagglehub/datasets/raddar/chest-xrays-indiana-university/versions/2/images/images_normalized/358_IM-1759-1001.dcm.png,"Findings: The chest X-ray shows bilateral hilar prominence, which is an enlargement or increased visibility of the hilum on both sides of the lungs.","Findings: The chest X-ray shows bilateral hilar prominence, which is an enlargement or increased visibility of the hilum on both sides of the lungs.",0.0,0.0,0.0,0.4146457665847238,0.5,0.030555555555555555,0.0,0.14864864864864866,0.9126984126984127,0.030555555555555555,0.0,0.0,0.0,0.4146457665847238,0.403125,0.05555555555555555,0.0,0.1342281879194631,0.9375,0.05555555555555555
359,359_IM-1768-1001.dcm.png,Frontal,normal,normal,"PA and lateral chest, XXXX, XXXX XXXX PM ",XXXX-year-old female with shortness of breath.,Portable chest x-XXXX dated XXXX.,Heart size is upper limits of normal. The mediastinal contour is within normal limits. The lungs are free of any focal infiltrates. There are no nodules or masses. No visible pneumothorax. No visible pleural fluid. The XXXX are grossly normal. There is no visible free intraperitoneal air under the diaphragm.,1. No acute radiographic cardiopulmonary process.,/home/20213144/.cache/kagglehub/datasets/raddar/chest-xrays-indiana-university/versions/2/images/images_normalized/359_IM-1768-1001.dcm.png,Findings: The chest X-ray shows bilateral hilar prominence and a left-sided pleural effusion.,Findings: The chest X-ray shows bilateral hilar prominence and a left-sided pleural effusion.,0.06451612903225806,0.06451612903225806,0.058823529411764705,0.3372905887220851,0.5,0.030555555555555555,0.0,0.14864864864864866,0.9126984126984127,0.030555555555555555,0.06451612903225806,0.06451612903225806,0.058823529411764705,0.3372905887220851,0.403125,0.05555555555555555,0.0,0.1342281879194631,0.9375,0.05555555555555555
360,360_IM-1776-1001.dcm.png,Frontal,normal,normal,"History of cancer. Evaluate for metastatic disease Examination PA and lateral chest XXXX, XXXX at XXXX no comparison",,,,"Heart size is normal. Lungs are clear. No effusion, nodules, adenopathy, or masses.",/home/20213144/.cache/kagglehub/datasets/raddar/chest-xrays-indiana-university/versions/2/images/images_normalized/360_IM-1776-1001.dcm.png,"Findings: The chest X-ray shows bilateral hilar prominence, which is an enlargement or increased visibility of the hilum on both sides of the lungs.","Findings: The chest X-ray shows bilateral hilar lymphadenopathy, which means there is enlargement of the lymph nodes in the hilar region of both lungs.",0.0,0.0,0.0,0.4652924960824745,0.5,0.030555555555555555,0.0,0.14864864864864866,0.9126984126984127,0.030555555555555555,0.0,0.0,0.0,0.48273514882348634,0.403125,0.05555555555555555,0.0,0.1342281879194631,0.9375,0.05555555555555555
361,361_IM-1783-1001.dcm.png,Frontal,normal,normal," Two-view chest. XXXX hours XXXX, XXXX compared to XXXX, XXXX. XXXX change. ",Productive XXXX.,,Lungs remain clear and expanded. Heart and mediastinum normal.,No active disease.,/home/20213144/.cache/kagglehub/datasets/raddar/chest-xrays-indiana-university/versions/2/images/images_normalized/361_IM-1783-1001.dcm.png,Findings: The chest X-ray shows bilateral hilar prominence and a left-sided pleural effusion.,Findings: The chest X-ray shows bilateral hilar prominence and a left-sided pleural effusion.,0.0,0.0,0.0,0.2855948685816399,0.5,0.030555555555555555,0.0,0.14864864864864866,0.9126984126984127,0.030555555555555555,0.0,0.0,0.0,0.2855948685816399,0.403125,0.05555555555555555,0.0,0.1342281879194631,0.9375,0.05555555555555555
362,362_IM-1791-1001.dcm.png,Frontal,normal,normal, PA and lateral chest,chest.,,,Heart size is normal and lungs are clear. Right aortic XXXX with probable aberrant left subclavian artery. This is a normal variant seen in one of 200 patients. No evidence of tuberculosis,/home/20213144/.cache/kagglehub/datasets/raddar/chest-xrays-indiana-university/versions/2/images/images_normalized/362_IM-1791-1001.dcm.png,"Findings: The chest X-ray shows bilateral hilar prominence, which is an enlargement or increased visibility of the hilum on both sides of the lungs.","Findings: The chest X-ray shows bilateral hilar lymphadenopathy, which means there is enlargement of the lymph nodes in the region where the bronchi enter the lungs, on both sides.",0.0,0.0,0.0,0.4062808284958612,0.5,0.030555555555555555,0.0,0.14864864864864866,0.9126984126984127,0.030555555555555555,0.0,0.0,0.0,0.28236784544538057,0.403125,0.05555555555555555,0.0,0.1342281879194631,0.9375,0.05555555555555555
363,363_IM-1798-4004.dcm.png,Frontal,normal,normal,"Chest x-XXXX, 2 views, XXXX, XXXX XXXX PM",XXXX distress,none,Normal cardiomediastinal contours. No focal consolidation or pleural effusions. No pneumothorax.,No acute cardiopulmonary abnormalities.,/home/20213144/.cache/kagglehub/datasets/raddar/chest-xrays-indiana-university/versions/2/images/images_normalized/363_IM-1798-4004.dcm.png,Findings: The chest X-ray shows hyperinflation of the right lung.,"Findings: The chest X-ray shows bilateral hilar prominence, which is an enlargement or increased visibility of the hilum on both sides of the lungs.",0.0,0.0,0.0,0.3312575928315248,0.5,0.030555555555555555,0.0,0.14864864864864866,0.9126984126984127,0.030555555555555555,0.0,0.0,0.0,0.30363026323471914,0.403125,0.05555555555555555,0.0,0.1342281879194631,0.9375,0.05555555555555555
364,364_IM-1804-1001.dcm.png,Frontal,normal,normal,"PA and lateral views of the chest dated XXXX, XXXX.",Chest pain.,None.,"The cardiomediastinal silhouette and pulmonary vasculature are within normal limits in size. The lungs are clear of focal airspace disease, pneumothorax, or pleural effusion. There are no acute bony findings.",No acute cardiopulmonary findings.,/home/20213144/.cache/kagglehub/datasets/raddar/chest-xrays-indiana-university/versions/2/images/images_normalized/364_IM-1804-1001.dcm.png,Findings: The chest X-ray shows hyperinflation of the right lung.,"Findings: The chest X-ray shows bilateral hilar prominence, which is an enlargement or increased visibility of the hilum on both sides of the lungs.",0.0,0.0,0.0,0.39468945703138253,0.5,0.030555555555555555,0.0,0.14864864864864866,0.9126984126984127,0.030555555555555555,0.0,0.0,0.0,0.4333304765080587,0.403125,0.05555555555555555,0.0,0.1342281879194631,0.9375,0.05555555555555555
365,365_IM-1812-1001.dcm.png,Frontal,normal,normal,CHEST- PA AND LATERAL ,Chest pain after XXXX,,The lungs are clear. The cardiomediastinal silhouette is within normal limits. No pleural effusion is identified.,No evidence of thoracic injury.,/home/20213144/.cache/kagglehub/datasets/raddar/chest-xrays-indiana-university/versions/2/images/images_normalized/365_IM-1812-1001.dcm.png,Findings: The chest X-ray shows hyperinflation of the right lung.,"Findings: The chest X-ray shows bilateral hilar prominence, which is an enlargement or increased visibility of the hilum on both sides of the lungs.",0.0,0.0,0.0,0.44108903208784134,0.5,0.030555555555555555,0.0,0.14864864864864866,0.9126984126984127,0.030555555555555555,0.0,0.0,0.0,0.4723252475635359,0.403125,0.05555555555555555,0.0,0.1342281879194631,0.9375,0.05555555555555555
366,366_IM-1820-1001.dcm.png,Frontal,normal,normal,CHEST 2V FRONTAL/LATERAL ,Chest pain,11/7/ XXXX,The heart is normal in size. The mediastinum is unremarkable. The lungs are clear.,No acute disease.,/home/20213144/.cache/kagglehub/datasets/raddar/chest-xrays-indiana-university/versions/2/images/images_normalized/366_IM-1820-1001.dcm.png,Findings: The chest X-ray shows hyperinflation of the right lung.,Findings: The chest X-ray shows bilateral hilar prominence and a left-sided pleural effusion.,0.0,0.0,0.0,0.41021697605180096,0.5,0.030555555555555555,0.0,0.14864864864864866,0.9126984126984127,0.030555555555555555,0.0,0.0,0.0,0.3141319971450387,0.403125,0.05555555555555555,0.0,0.1342281879194631,0.9375,0.05555555555555555
367,367_IM-1826-1001.dcm.png,Frontal,normal,normal,"Chest x-XXXX and Lateral views, dated XXXX, XXXX XXXX PM ",XXXX-year-old XXXX with dyspnea,,The lungs are clear. No focal airspace consolidation. No pleural effusion or pneumothorax. Heart size is within normal limits.,Clear lungs.,/home/20213144/.cache/kagglehub/datasets/raddar/chest-xrays-indiana-university/versions/2/images/images_normalized/367_IM-1826-1001.dcm.png,"Findings: The chest X-ray shows bilateral hilar prominence, which is an enlargement or increased visibility of the hilum on both sides of the lungs.",Findings: The chest X-ray shows bilateral hilar prominence and a left-sided pleural effusion.,0.0,0.0,0.0,0.5011399893623253,0.5,0.030555555555555555,0.0,0.14864864864864866,0.9126984126984127,0.030555555555555555,0.10526315789473684,0.10526315789473684,0.1111111111111111,0.3086443246336483,0.403125,0.05555555555555555,0.0,0.1342281879194631,0.9375,0.05555555555555555
368,368_IM-1832-1001.dcm.png,Frontal,normal,normal,"Chest, 2 views, XXXX XXXX","XXXX, sore throat, headache",,Cardiomediastinal silhouette and pulmonary vasculature are within normal limits. Lungs are clear. No pneumothorax or pleural effusion. No acute osseous findings.,No acute cardiopulmonary findings.,/home/20213144/.cache/kagglehub/datasets/raddar/chest-xrays-indiana-university/versions/2/images/images_normalized/368_IM-1832-1001.dcm.png,"Findings: The chest X-ray shows bilateral hilar prominence, which is an enlargement or increased visibility of the hilum on both sides of the lungs.","Findings: The chest X-ray shows bilateral hilar prominence, which is an enlargement or increased visibility of the hilum on both sides of the lungs.",0.0,0.0,0.0,0.4270985734797645,0.5,0.030555555555555555,0.0,0.14864864864864866,0.9126984126984127,0.030555555555555555,0.0,0.0,0.0,0.4270985734797645,0.403125,0.05555555555555555,0.0,0.1342281879194631,0.9375,0.05555555555555555
370,370_IM-1848-1001.dcm.png,Frontal,normal,normal,PA and lateral chest radiographs. XXXX/XXXX at XXXX hours. ,XXXX-year-old female with shortness of breath.,None.,"Heart size and cardiomediastinal contours are normal. Lungs are clear without focal airspace opacity, pleural effusion, or pneumothorax. Osseous structures are grossly intact.",Negative for acute cardiopulmonary findings.,/home/20213144/.cache/kagglehub/datasets/raddar/chest-xrays-indiana-university/versions/2/images/images_normalized/370_IM-1848-1001.dcm.png,"Findings: The chest X-ray shows bilateral hilar prominence, which is an enlargement or increased visibility of the hilum on both sides of the lungs.","Findings: The chest X-ray shows bilateral hilar prominence, which is an enlargement or increased visibility of the hilum on both sides of the lungs.",0.0,0.0,0.0,0.4213953757652424,0.5,0.030555555555555555,0.0,0.14864864864864866,0.9126984126984127,0.030555555555555555,0.0,0.0,0.0,0.4213953757652424,0.403125,0.05555555555555555,0.0,0.1342281879194631,0.9375,0.05555555555555555
371,371_IM-1852-1001.dcm.png,Frontal,"Lung/hyperdistention;Calcinosis/mediastinum/anterior;Calcinosis/lymph nodes;Arthritis/spine;Granulomatous Disease;Pulmonary Disease, Chronic Obstructive","Lung;Calcinosis;Calcinosis;Arthritis;Granulomatous Disease;Pulmonary Disease, Chronic Obstructive","Exam PA and lateral chest XXXX, XXXX at XXXX hours.",Preop knee revision.,"XXXX, XXXX.",The lungs are clear. There is hyperinflation. Calcification is seen over the anterior mediastinum XXXX a calcified lymph node at is not identified on the PA projection. The heart is normal. Arthritic changes the spine are seen.,COPD and old granulomatous disease.,/home/20213144/.cache/kagglehub/datasets/raddar/chest-xrays-indiana-university/versions/2/images/images_normalized/371_IM-1852-1001.dcm.png,Findings: The chest X-ray shows bilateral hilar prominence and a left-sided pleural effusion.,Findings: The chest X-ray shows bilateral hilar prominence and a left-sided pleural effusion.,0.0,0.0,0.0,0.33338648820546074,0.5,0.030555555555555555,0.0,0.14864864864864866,0.9126984126984127,0.030555555555555555,0.0,0.0,0.0,0.33338648820546074,0.403125,0.05555555555555555,0.0,0.1342281879194631,0.9375,0.05555555555555555
372,372_IM-1858-4004.dcm.png,Frontal,"Airspace Disease/lung/left/retrocardiac;Costophrenic Angle/posterior/blunted;Catheters, Indwelling/right;Pleural Effusion/left/small","Airspace Disease;Costophrenic Angle;Catheters, Indwelling;Pleural Effusion",Xray Chest PA and Lateral,XXXX-year-old male with chest pain. History of cancer.,Chest radiograph XXXX.,Left retrocardiac airspace disease with blunted posterior costophrenic XXXX on lateral view suggesting small pleural effusion. Normal heart size. Right PICC is unchanged with tip at the caval atrial junction.,Left retrocardiac airspace disease could reflect atelectasis and possible scarring. Small left pleural effusion.,/home/20213144/.cache/kagglehub/datasets/raddar/chest-xrays-indiana-university/versions/2/images/images_normalized/372_IM-1858-4004.dcm.png,"Findings: The chest X-ray shows bilateral diffuse reticular opacities. Reticular opacities are a pattern of interlacing lines that can be seen in the lung fields, and they may indicate various lung conditions, such as infections, interstitial lung diseases, or other pulmonary disorders.","Findings: The chest X-ray shows bilateral diffuse reticular opacities. Reticular opacities are a pattern of interlacing lines that can be seen in the lung fields, and they may indicate various lung conditions, such as infections, interstitial lung diseases, or other pulmonary disorders.",0.0,0.0,0.0,0.3955267221187654,0.5,0.030555555555555555,0.0,0.14864864864864866,0.9126984126984127,0.030555555555555555,0.0,0.0,0.0,0.3955267221187654,0.403125,0.05555555555555555,0.0,0.1342281879194631,0.9375,0.05555555555555555
373,373_IM-1864-1001.dcm.png,Frontal,normal,normal,"CHEST 2V FRONTAL/LATERAL XXXX, XXXX XXXX PM ",wheezing and XXXX,,Both lungs are clear and expanded. Heart and mediastinum normal.,No active disease.,/home/20213144/.cache/kagglehub/datasets/raddar/chest-xrays-indiana-university/versions/2/images/images_normalized/373_IM-1864-1001.dcm.png,Findings: The chest X-ray shows bilateral hilar prominence and a left-sided pleural effusion.,Findings: The chest X-ray shows bilateral hilar prominence and a left-sided pleural effusion.,0.0,0.0,0.0,0.33304124577747557,0.5,0.030555555555555555,0.0,0.14864864864864866,0.9126984126984127,0.030555555555555555,0.0,0.0,0.0,0.33304124577747557,0.403125,0.05555555555555555,0.0,0.1342281879194631,0.9375,0.05555555555555555
374,374_IM-1868-1001.dcm.png,Frontal,Cardiomegaly;Pleural Effusion/right/large;Pulmonary Atelectasis/base/right;Infiltrate/lung/base/right,Cardiomegaly;Pleural Effusion;Pulmonary Atelectasis;Infiltrate,"AP and lateral chest XXXX, XXXX at time XXXX with comparison XXXX XXXX ",dyspnea.,,,Cardiomegaly. Left lung clear. Large right effusion. Compressive atelectasis or infiltrate in the right base,/home/20213144/.cache/kagglehub/datasets/raddar/chest-xrays-indiana-university/versions/2/images/images_normalized/374_IM-1868-1001.dcm.png,"Findings: The chest X-ray shows bilateral diffuse reticular opacities. Reticular opacities are a pattern of interlacing lines that can be seen in the lung fields, and they may indicate various lung conditions, such as infections, interstitial lung diseases, or other lung abnormalities.","Findings: The chest X-ray shows bilateral diffuse reticular opacities. Reticular opacities are a pattern of interlacing lines that can be seen in the lung fields, and they may indicate various lung conditions, such as infections, interstitial lung diseases, or other pulmonary disorders.",0.0909090909090909,0.08695652173913043,0.08,0.3582467933524176,0.5,0.030555555555555555,0.0,0.14864864864864866,0.9126984126984127,0.030555555555555555,0.08695652173913043,0.08333333333333333,0.07692307692307693,0.3686744735060039,0.403125,0.05555555555555555,0.0,0.1342281879194631,0.9375,0.05555555555555555
375,375_IM-1874-1001.dcm.png,Frontal,normal,normal,"Two view chest radiograph dated XXXX, XXXX ",Back pain,,"The cardiac silhouette, upper mediastinum and pulmonary vasculature are within normal limits. There is no acute air space infiltrate, pleural effusion or pneumothorax.",No acute process.,/home/20213144/.cache/kagglehub/datasets/raddar/chest-xrays-indiana-university/versions/2/images/images_normalized/375_IM-1874-1001.dcm.png,"Findings: The chest X-ray shows bilateral hilar prominence, which is an enlargement or increased visibility of the hilum on both sides of the lungs.","Findings: The chest X-ray shows bilateral hilar prominence, which is an enlargement or increased visibility of the hilum on both sides of the lungs.",0.0,0.0,0.0,0.4050707733654363,0.5,0.030555555555555555,0.0,0.14864864864864866,0.9126984126984127,0.030555555555555555,0.0,0.0,0.0,0.4050707733654363,0.403125,0.05555555555555555,0.0,0.1342281879194631,0.9375,0.05555555555555555
376,376_IM-1883-1001.dcm.png,Frontal,No Indexing,No Indexing,PA and Lateral Chest X-XXXX dated XXXX.,Bladder cancer.,XXXX.,The heart size and pulmonary vascularity appear within normal limits. The lungs are free of focal airspace disease. No pleural effusion or pneumothorax is seen. No non-calcified nodules are identified.,1. No evidence of active disease.,/home/20213144/.cache/kagglehub/datasets/raddar/chest-xrays-indiana-university/versions/2/images/images_normalized/376_IM-1883-1001.dcm.png,"Findings: The chest X-ray shows bilateral hilar prominence, which is an enlargement or increased visibility of the hilum on both sides of the lungs.","Findings: The chest X-ray shows bilateral hilar lymphadenopathy, which means there is enlargement of the lymph nodes in the region where the bronchi enter the lungs, on both sides.",0.0,0.0,0.0,0.4371689878152286,0.5,0.030555555555555555,0.0,0.14864864864864866,0.9126984126984127,0.030555555555555555,0.0,0.0,0.0,0.31283581874433464,0.403125,0.05555555555555555,0.0,0.1342281879194631,0.9375,0.05555555555555555
377,377_IM-1889-1001.dcm.png,Frontal,Spine/degenerative,Spine,Xray Chest PA and Lateral,Chest pain,,Heart size and pulmonary vascularity appear within normal limits. The lungs are free of focal airspace disease. No pleural effusion or pneumothorax is seen. Degenerative changes are present in the spine.,No evidence of active disease.,/home/20213144/.cache/kagglehub/datasets/raddar/chest-xrays-indiana-university/versions/2/images/images_normalized/377_IM-1889-1001.dcm.png,"Findings: The chest X-ray shows bilateral hilar prominence, which is an enlargement or increased visibility of the hilum on both sides of the lungs.",Findings: The chest X-ray shows a homogenous opacity in the right breast.,0.0,0.0,0.0,0.43542220396752296,0.5,0.030555555555555555,0.0,0.14864864864864866,0.9126984126984127,0.030555555555555555,0.0,0.0,0.0,0.22233247663725808,0.403125,0.05555555555555555,0.0,0.1342281879194631,0.9375,0.05555555555555555
378,378_IM-1895-4001.dcm.png,Frontal,Pulmonary Atelectasis/base/right/mild,Pulmonary Atelectasis,"AP and lateral chest XXXX, XXXX at XXXX",acute mental status change Chest x-XXXX for placement,,,Minimal atelectasis right base. No evidence of tuberculosis. Heart size is normal.,/home/20213144/.cache/kagglehub/datasets/raddar/chest-xrays-indiana-university/versions/2/images/images_normalized/378_IM-1895-4001.dcm.png,Findings: The chest X-ray shows hyperinflation of the right lung.,Findings: The chest X-ray shows bilateral hilar prominence and a left-sided pleural effusion.,0.0,0.0,0.0,0.3165501068047126,0.5,0.030555555555555555,0.0,0.14864864864864866,0.9126984126984127,0.030555555555555555,0.0,0.0,0.0,0.3133289286482166,0.403125,0.05555555555555555,0.0,0.1342281879194631,0.9375,0.05555555555555555
379,379_IM-1903-4004.dcm.png,Frontal,"Catheters, Indwelling/right;Cardiomegaly/moderate;Opacity/lung/base/bilateral;Pleural Effusion/bilateral;Calcinosis/mild","Catheters, Indwelling;Cardiomegaly;Opacity;Pleural Effusion;Calcinosis",PA and lateral views of the Chest performed XXXX/XXXX.,XXXX year old dialysis catheter placement.,AP and lateral chest XXXX.,There has been interval placement of a dual-lumen dialysis catheter with the distal tip projected over the right atrium. Moderate cardiomegaly is identified. There is mild calcification of the transverse XXXX. XXXX airspace opacities are identified with bilateral pleural effusions.,1. Interval placement of a dual-lumen dialysis catheter with the distal tip projected over the right atrium. 2. Bibasilar airspace opacities and bilateral pleural effusions.,/home/20213144/.cache/kagglehub/datasets/raddar/chest-xrays-indiana-university/versions/2/images/images_normalized/379_IM-1903-4004.dcm.png,Findings: The chest X-ray shows bilateral hilar prominence and a left-sided pleural effusion.,Findings: The chest X-ray shows bilateral hilar prominence and a left-sided pleural effusion.,0.1739130434782609,0.16666666666666666,0.08,0.4983501868547407,0.5,0.030555555555555555,0.0,0.14864864864864866,0.9126984126984127,0.030555555555555555,0.1739130434782609,0.16666666666666666,0.08,0.4983501868547407,0.403125,0.05555555555555555,0.0,0.1342281879194631,0.9375,0.05555555555555555
380,380_IM-1911-2001.dcm.png,Frontal,Medical Device/thorax,Medical Device,"Chest 2 views dated XXXX, XXXX.",XXXX XXXX,None.,"The XXXX examination consists of supine and crosstable lateral radiographs of the chest. External monitor leads XXXX the thorax. The cardiomediastinal contours are within normal limits. Pulmonary vascularity is within normal limits. No focal consolidation, pleural effusion, or pneumothorax identified. The visualized osseous structures and upper abdomen are unremarkable.",No evidence of acute thoracic XXXX.,/home/20213144/.cache/kagglehub/datasets/raddar/chest-xrays-indiana-university/versions/2/images/images_normalized/380_IM-1911-2001.dcm.png,"Findings: The chest X-ray shows bilateral hilar prominence, which is an enlargement or increased visibility of the hilum on both sides of the lungs.",Findings: The chest X-ray shows bilateral diffuse pulmonary opacities.,0.0,0.0,0.0,0.36704689452038436,0.5,0.030555555555555555,0.0,0.14864864864864866,0.9126984126984127,0.030555555555555555,0.0,0.0,0.0,0.4946092892883103,0.403125,0.05555555555555555,0.0,0.1342281879194631,0.9375,0.05555555555555555
382,382_IM-1927-1001.dcm.png,Frontal,Bullous Emphysema/lung/upper lobe/bilateral/severe;Bronchiectasis/upper lobe/bilateral;Opacity/lung/upper lobe/left/prominent,Bullous Emphysema;Bronchiectasis;Opacity,"Chest radiographs (PA and lateral views), dated XXXX. ",XXXX year-old female with hemoptysis. History of sarcoidosis.,"CT chest with contrast, dated XXXX.","Stable, normal cardiac size, mediastinum, and central pulmonary vasculature. Marked bullous emphysematous changes and traction bronchiectasis, again most notable involving the bilateral upper lobes. Stable prominent ovoid opacity (4.3 x 2.8 XXXX) XXXX a large left upper lobe XXXX, XXXX reflecting a superimposed aspergilloma-as more readily demonstrated on the previous CT chest study from XXXX. No XXXX areas of alveolar airspace consolidation are identified. No evidence of pleural effusion or pneumothorax.","1. Marked bullous emphysematous changes and traction bronchiectasis, again most notable involving the bilateral upper lobes. Stable suspected superimposed left upper lobe aspergilloma - as more readily demonstrated on the previous CT chest study from XXXX.",/home/20213144/.cache/kagglehub/datasets/raddar/chest-xrays-indiana-university/versions/2/images/images_normalized/382_IM-1927-1001.dcm.png,"Findings: The chest X-ray shows bilateral diffuse reticular opacities. Reticular opacities are a pattern of interlacing lines that can be seen in the lung fields, and they may indicate various lung conditions, such as infections, interstitial lung diseases, or other pulmonary disorders.","Findings: The chest X-ray shows bilateral diffuse reticular opacities. Reticular opacities are a pattern of interlacing lines that can be seen in the lung fields, and they may indicate various lung conditions, such as infections, interstitial lung diseases, or other pulmonary disorders.",0.09523809523809525,0.0,0.0,0.3689826659845278,0.5,0.030555555555555555,0.0,0.14864864864864866,0.9126984126984127,0.030555555555555555,0.09523809523809525,0.0,0.0,0.3689826659845278,0.403125,0.05555555555555555,0.0,0.1342281879194631,0.9375,0.05555555555555555
383,383_IM-1932-1001.dcm.png,Frontal,Osteophyte/thoracic vertebrae/anterior/multiple,Osteophyte,"PA and lateral chest x-XXXX dated XXXX, XXXX at XXXX. ",XXXX-year-old female with chest pain.,XXXX.,"Normal heart size. No focal air space consolidation, pneumothorax, pleural effusion, or pulmonary edema. Anterior osteophytes of the thoracic spine.",No acute cardiopulmonary disease.,/home/20213144/.cache/kagglehub/datasets/raddar/chest-xrays-indiana-university/versions/2/images/images_normalized/383_IM-1932-1001.dcm.png,"Findings: The chest X-ray shows bilateral hilar prominence, which is an enlargement or increased visibility of the hilum on both sides of the lungs.","Findings: The chest X-ray shows bilateral hilar lymphadenopathy, which means there is enlargement of the lymph nodes in the hilar region of both lungs.",0.0,0.0,0.0,0.3519921392481375,0.5,0.030555555555555555,0.0,0.14864864864864866,0.9126984126984127,0.030555555555555555,0.0,0.0,0.0,0.3146920490932118,0.403125,0.05555555555555555,0.0,0.1342281879194631,0.9375,0.05555555555555555
385,385_IM-1948-1001.dcm.png,Frontal,normal,normal,"CHEST 2V FRONTAL/LATERAL RADXXXX XXXX, XXXX XXXX PM ",cp,,,"Comparison XXXX, XXXX Clear lungs. No effusions. Unremarkable mediastinal contour. No acute cardiopulmonary abnormality identified.. Stable chest.",/home/20213144/.cache/kagglehub/datasets/raddar/chest-xrays-indiana-university/versions/2/images/images_normalized/385_IM-1948-1001.dcm.png,"Findings: The chest X-ray shows bilateral hilar prominence, which is an enlargement or increased visibility of the hilum on both sides of the lungs.","Findings: The chest X-ray shows a homogenous opacity in the right hemithorax. This means that there is an area of increased density in the right side of the chest, which could be due to various reasons such as fluid accumulation, infection, or other lung abnormalities.",0.0,0.0,0.0,0.47033022783064615,0.5,0.030555555555555555,0.0,0.14864864864864866,0.9126984126984127,0.030555555555555555,0.0,0.0,0.0,0.5070197773926197,0.403125,0.05555555555555555,0.0,0.1342281879194631,0.9375,0.05555555555555555
386,386_IM-1954-4004.dcm.png,Frontal,Markings/bronchovascular,Markings,Xray Chest PA and Lateral,"XXXX-year-old male, chest pain",,"Heart size within normal limits, stable mediastinal and hilar contours. No focal alveolar consolidation, no definite pleural effusion seen. Bronchovascular crowding without typical findings of pulmonary edema.",No acute findings,/home/20213144/.cache/kagglehub/datasets/raddar/chest-xrays-indiana-university/versions/2/images/images_normalized/386_IM-1954-4004.dcm.png,"Findings: The chest X-ray shows bilateral hilar prominence, which is an enlargement or increased visibility of the hilum on both sides of the lungs.","Findings: The chest X-ray shows bilateral hilar prominence, which is an enlargement or increased visibility of the hilum on both sides of the lungs.",0.07692307692307691,0.07692307692307691,0.07142857142857144,0.4293748958185473,0.5,0.030555555555555555,0.0,0.14864864864864866,0.9126984126984127,0.030555555555555555,0.07692307692307691,0.07692307692307691,0.07142857142857144,0.4293748958185473,0.403125,0.05555555555555555,0.0,0.1342281879194631,0.9375,0.05555555555555555
387,387_IM-1962-1001.dcm.png,Frontal,Lung/hilum/enlarged;Opacity/lung/upper lobe/left,Lung;Opacity,PA and lateral chest x-XXXX ,XXXX-year-old male with shortness of breath.,,Heart size is normal. There is left hilar enlargement with partial opacification of the left upper lobe suggestive of hilar mass with obstructive atelectasis. Questionable small right midlung nodule. Negative for pneumothorax or pleural effusion. Bony thorax is unremarkable.,Suspected left hilar mass with obstructive atelectasis. XXXX thorax for further characterization.,/home/20213144/.cache/kagglehub/datasets/raddar/chest-xrays-indiana-university/versions/2/images/images_normalized/387_IM-1962-1001.dcm.png,Findings: The chest X-ray shows bilateral hilar prominence and a left-sided pleural effusion.,Findings: The chest X-ray shows bilateral hilar prominence and a left-sided pleural effusion.,0.13333333333333333,0.13333333333333333,0.11764705882352941,0.5101085259212088,0.5,0.030555555555555555,0.0,0.14864864864864866,0.9126984126984127,0.030555555555555555,0.13333333333333333,0.13333333333333333,0.11764705882352941,0.5101085259212088,0.403125,0.05555555555555555,0.0,0.1342281879194631,0.9375,0.05555555555555555
388,388_IM-1968-1001.dcm.png,Frontal,Cardiomegaly;Aorta/tortuous;Calcinosis/aorta;Mastectomy/right,Cardiomegaly;Aorta;Calcinosis;Mastectomy,Xray Chest PA and Lateral,"Abnormal breath sounds, high blood pressure",,"Cardiomegaly is unchanged. Stable superior mediastinal contour with tortuous calcified aorta. Normal pulmonary vascularity. No focal air space consolidation, pleural effusion, or pneumothorax. No acute bony abnormality. Changes of prior right mastectomy.",Stable appearance of the chest. No acute cardiopulmonary findings.,/home/20213144/.cache/kagglehub/datasets/raddar/chest-xrays-indiana-university/versions/2/images/images_normalized/388_IM-1968-1001.dcm.png,"Findings: The chest X-ray shows bilateral diffuse reticular opacities. Reticular opacities are a pattern of interlacing lines that can be seen in the lung fields, and they may indicate various lung conditions, such as infections, interstitial lung diseases, or other lung abnormalities.",Findings: The chest X-ray shows bilateral diffuse pulmonary opacities.,0.0,0.0,0.0,0.3899223647348953,0.5,0.030555555555555555,0.0,0.14864864864864866,0.9126984126984127,0.030555555555555555,0.06896551724137932,0.0,0.0,0.40618449772068904,0.403125,0.05555555555555555,0.0,0.1342281879194631,0.9375,0.05555555555555555
389,389_IM-1973-1001.dcm.png,Frontal,"Calcified Granuloma/lung/lower lobe/right;Hernia, Hiatal","Calcified Granuloma;Hernia, Hiatal","Chest, 2 XXXX and Lateral ",XXXX-year-old female with shortness of breath,"XXXX, XXXX at XXXX","Cardiac and mediastinal contours are unremarkable. Pulmonary vascularity is within normal limits. No focal air space opacities, pleural effusion, or pneumothorax. There is a stable calcified granuloma in the right lower lobe. A hiatal hernia is present that is unchanged from the prior study. XXXX are grossly unremarkable.",1. Clear lungs. 2. Stable hiatal hernia.,/home/20213144/.cache/kagglehub/datasets/raddar/chest-xrays-indiana-university/versions/2/images/images_normalized/389_IM-1973-1001.dcm.png,Findings: The chest X-ray shows bilateral hilar prominence and a left-sided pleural effusion.,Findings: The chest X-ray shows bilateral hilar prominence and a left-sided pleural effusion.,0.0625,0.0625,0.05714285714285715,0.32210619576822896,0.5,0.030555555555555555,0.0,0.14864864864864866,0.9126984126984127,0.030555555555555555,0.0625,0.0625,0.05714285714285715,0.32210619576822896,0.403125,0.05555555555555555,0.0,0.1342281879194631,0.9375,0.05555555555555555
390,390_IM-1979-1001.dcm.png,Frontal,Aorta/tortuous/mild;Spine/degenerative,Aorta;Spine,"PA and LAT view CHEST XXXX, XXXX XXXX PM",Dyspnea and right-sided arm numbness,,Heart size and vascularity are normal. Mild tortuosity of the aorta. No focal airspace disease or effusion. Degenerative change of the spine. No pneumothorax.,No acute cardiopulmonary process.,/home/20213144/.cache/kagglehub/datasets/raddar/chest-xrays-indiana-university/versions/2/images/images_normalized/390_IM-1979-1001.dcm.png,"Findings: The chest X-ray shows bilateral hilar prominence, which is an enlargement or increased visibility of the hilum on both sides of the lungs.","Findings: The chest X-ray shows cardiomegaly, which is an enlargement of the heart.",0.0,0.0,0.0,0.34620471755083554,0.5,0.030555555555555555,0.0,0.14864864864864866,0.9126984126984127,0.030555555555555555,0.0,0.0,0.0,0.38906825471322476,0.403125,0.05555555555555555,0.0,0.1342281879194631,0.9375,0.05555555555555555
391,391_IM-1986-1001.dcm.png,Frontal,Lung/hypoinflation,Lung,PA and lateral views of the chest. ,XXXX-year-old female with one XXXX of productive XXXX.,None available.,Low lung volumes. Heart size normal. No focal airspace consolidations. No pneumothorax or effusions.,No acute cardiopulmonary findings.,/home/20213144/.cache/kagglehub/datasets/raddar/chest-xrays-indiana-university/versions/2/images/images_normalized/391_IM-1986-1001.dcm.png,Findings: The chest X-ray shows hyperinflation of the right lung.,"Findings: The chest X-ray shows bilateral hilar prominence, which is an enlargement or increased visibility of the hilum on both sides of the lungs.",0.0,0.0,0.0,0.3241172022730814,0.5,0.030555555555555555,0.0,0.14864864864864866,0.9126984126984127,0.030555555555555555,0.0,0.0,0.0,0.3147918494381517,0.403125,0.05555555555555555,0.0,0.1342281879194631,0.9375,0.05555555555555555
392,392_IM-1993-1001.dcm.png,Frontal,"Catheters, Indwelling","Catheters, Indwelling",PA AND LATERAL CHEST X-XXXX at XXXX on XXXX ,Complaining of shortness of breath,XXXX,"Lungs are clear. No focal consolidation, effusion, or pneumothorax. Interval resolution of left effusion. Central venous dialysis catheter unchanged in position. Heart and mediastinal contours are normal. Osseous structures intact.",No acute cardiopulmonary disease.,/home/20213144/.cache/kagglehub/datasets/raddar/chest-xrays-indiana-university/versions/2/images/images_normalized/392_IM-1993-1001.dcm.png,Findings: The chest X-ray shows hyperinflation of the right lung.,Findings: The chest X-ray shows bilateral hilar prominence and a left-sided pleural effusion.,0.0,0.0,0.0,0.3983706460852908,0.5,0.030555555555555555,0.0,0.14864864864864866,0.9126984126984127,0.030555555555555555,0.06666666666666667,0.06666666666666667,0.0,0.4378696260981103,0.403125,0.05555555555555555,0.0,0.1342281879194631,0.9375,0.05555555555555555
393,393_IM-2002-1001.dcm.png,Frontal,normal,normal,Xray Chest PA and Lateral,XXXX-year-old woman with XXXX.,None.,"Heart size, mediastinal contour, and pulmonary vascularity are within normal limits. No focal consolidation, pleural effusion, or pneumothorax is identified. No acute osseous abnormality identified.",No acute cardiopulmonary abnormality. .,/home/20213144/.cache/kagglehub/datasets/raddar/chest-xrays-indiana-university/versions/2/images/images_normalized/393_IM-2002-1001.dcm.png,"Findings: The chest X-ray shows bilateral hilar prominence, which is an enlargement or increased visibility of the hilum on both sides of the lungs.",Findings: The chest X-ray shows bilateral breast masses.,0.0,0.0,0.0,0.33301026500135417,0.5,0.030555555555555555,0.0,0.14864864864864866,0.9126984126984127,0.030555555555555555,0.0,0.0,0.0,0.269164138700888,0.403125,0.05555555555555555,0.0,0.1342281879194631,0.9375,0.05555555555555555
394,394_IM-2010-1001.dcm.png,Frontal,Opacity/lung/lower lobe/right/large;Opacity/lung/middle lobe/right/large;Consolidation/lung/multilobar,Opacity;Opacity;Consolidation,PA lateral chest x-XXXX dated XXXX ,Shortness of breath,PA and lateral chest x-XXXX dated XXXX,There is a large airspace opacity in the right lower and middle lobes. There is no pneumothorax. Heart size is normal. Soft tissue and bony structures unremarkable.,Multilobar airspace consolidation.,/home/20213144/.cache/kagglehub/datasets/raddar/chest-xrays-indiana-university/versions/2/images/images_normalized/394_IM-2010-1001.dcm.png,Findings: The chest X-ray shows bilateral hilar prominence and a left-sided pleural effusion.,Findings: The chest X-ray shows bilateral hilar prominence and a left-sided pleural effusion.,0.0,0.0,0.0,0.3475375852248526,0.5,0.030555555555555555,0.0,0.14864864864864866,0.9126984126984127,0.030555555555555555,0.0,0.0,0.0,0.3475375852248526,0.403125,0.05555555555555555,0.0,0.1342281879194631,0.9375,0.05555555555555555
395,395_IM-2019-1001.dcm.png,Frontal,Calcinosis/lung/hilum/lymph nodes,Calcinosis,"PA and lateral chest radiograph, XXXX XXXX hours. ",XXXX-year-old male with chest pain.,None.,The cardiac and mediastinal silhouettes are unremarkable. The lungs are well expanded and clear. There are no focal air space opacities. There is no pneumothorax or effusion. There are calcified hilar lymph XXXX suggesting prior granulomatous disease. The bony structures of the thorax are intact with no evidence of acute osseous abnormality.,No evidence of acute cardiopulmonary process.,/home/20213144/.cache/kagglehub/datasets/raddar/chest-xrays-indiana-university/versions/2/images/images_normalized/395_IM-2019-1001.dcm.png,"Findings: The chest X-ray shows bilateral hilar prominence, which is an enlargement or increased visibility of the hilum on both sides of the lungs.","Findings: The chest X-ray shows bilateral hilar prominence, which is an enlargement or increased visibility of the hilum on both sides of the lungs.",0.06451612903225806,0.06451612903225806,0.058823529411764705,0.41915826044803506,0.5,0.030555555555555555,0.0,0.14864864864864866,0.9126984126984127,0.030555555555555555,0.06451612903225806,0.06451612903225806,0.058823529411764705,0.41915826044803506,0.403125,0.05555555555555555,0.0,0.1342281879194631,0.9375,0.05555555555555555
396,396_IM-2024-2002.dcm.png,Frontal,Spine/degenerative/mild,Spine,"PA and LATERAL views of the chest, dated XXXX, XXXX XXXX PM","XXXX-year-old female, nonsmoker, preoperative evaluation, prolapse",XXXX,The lungs are clear. There is no focal airspace consolidation. No pleural effusion or pneumothorax. Normal cardiomediastinal silhouette. There are minimal degenerative changes of the spine.,No evidence of active disease.,/home/20213144/.cache/kagglehub/datasets/raddar/chest-xrays-indiana-university/versions/2/images/images_normalized/396_IM-2024-2002.dcm.png,"Findings: The chest X-ray shows bilateral hilar prominence, which is an enlargement or increased visibility of the hilum on both sides of the lungs.","Findings: The chest X-ray shows bilateral hilar prominence, which is an enlargement or increased visibility of the hilum on both sides of the lungs.",0.0,0.0,0.0,0.4133721797047889,0.5,0.030555555555555555,0.0,0.14864864864864866,0.9126984126984127,0.030555555555555555,0.0,0.0,0.0,0.4133721797047889,0.403125,0.05555555555555555,0.0,0.1342281879194631,0.9375,0.05555555555555555
397,397_IM-2030-1001.dcm.png,Frontal,Density/lung/base/left/round;Thoracic Vertebrae/degenerative;Density/costophrenic angle/left/round,Density;Thoracic Vertebrae;Density,"PA and LAT view CHEST XXXX, XXXX XXXX XXXX",Prostate cancer,XXXX,There is a XXXX 7 XXXX nodular density at the left lung base. Lungs are otherwise clear. The CT scan without IV contrast could be performed for further evaluation. No pleural effusions or pneumothoraces. Heart and mediastinum of normal size and contour. Degenerative changes in the thoracic spine.,XXXX 7 XXXX nodular density at the left costophrenic XXXX. Recommend CT scan for further evaluation.,/home/20213144/.cache/kagglehub/datasets/raddar/chest-xrays-indiana-university/versions/2/images/images_normalized/397_IM-2030-1001.dcm.png,Findings: The chest X-ray shows bilateral hilar prominence and a left-sided pleural effusion.,Findings: The chest X-ray shows bilateral hilar prominence and a left-sided pleural effusion.,0.07407407407407407,0.07407407407407407,0.0625,0.42572930080655125,0.5,0.030555555555555555,0.0,0.14864864864864866,0.9126984126984127,0.030555555555555555,0.07407407407407407,0.07407407407407407,0.0625,0.42572930080655125,0.403125,0.05555555555555555,0.0,0.1342281879194631,0.9375,0.05555555555555555
398,398_IM-2039-1001.dcm.png,Frontal,Calcinosis/right/paratracheal,Calcinosis,Xray Chest PA and Lateral,"XXXX-year-old female, alleged physical assault",,"No focal consolidation, pneumothorax or definite pleural effusion. Heart size and pulmonary vascularity within normal limits, no mediastinal widening characteristic in appearance of vascular injury. Right paratracheal calcifications suggest a previous granulomatous process. No acute osseous injury XXXX demonstrated.",No acute findings. Please note that fractures may not be demonstrated and consider additional imaging as clinically warranted.,/home/20213144/.cache/kagglehub/datasets/raddar/chest-xrays-indiana-university/versions/2/images/images_normalized/398_IM-2039-1001.dcm.png,"Findings: The chest X-ray shows bilateral hilar prominence, which is an enlargement or increased visibility of the hilum on both sides of the lungs.","Findings: The chest X-ray shows bilateral hilar prominence, which is an enlargement or increased visibility of the hilum on both sides of the lungs.",0.0,0.0,0.0,0.38130066347209696,0.5,0.030555555555555555,0.0,0.14864864864864866,0.9126984126984127,0.030555555555555555,0.0,0.0,0.0,0.38130066347209696,0.403125,0.05555555555555555,0.0,0.1342281879194631,0.9375,0.05555555555555555
399,399_IM-2043-1001.dcm.png,Frontal,Spine/degenerative,Spine,Xray Chest PA and Lateral,Hyperlipidemia. Chest XXXX.,None.,Heart size and pulmonary vascularity appear within normal limits. The lungs are free of focal airspace disease. No pleural effusion or pneumothorax is seen. Degenerative changes are present in the spine.,1. No evidence of active disease.,/home/20213144/.cache/kagglehub/datasets/raddar/chest-xrays-indiana-university/versions/2/images/images_normalized/399_IM-2043-1001.dcm.png,Findings: The chest X-ray shows bilateral hilar prominence and a left-sided pleural effusion.,Findings: The chest X-ray shows bilateral hilar prominence and a left-sided pleural effusion.,0.08695652173913045,0.08333333333333333,0.08,0.2761469499497057,0.5,0.030555555555555555,0.0,0.14864864864864866,0.9126984126984127,0.030555555555555555,0.08695652173913045,0.08333333333333333,0.08,0.2761469499497057,0.403125,0.05555555555555555,0.0,0.1342281879194631,0.9375,0.05555555555555555
400,400_IM-2050-1001.dcm.png,Frontal,Calcified Granuloma/lung/base/right/small,Calcified Granuloma,"PA and lateral chest x-XXXX dated XXXX, XXXX at XXXX p.m. ","XXXX-year-old woman with dyspnea and XXXX x3 days, history of asthma.","Two-view chest rehabilitation dated XXXX, XXXX.","The lungs are clear bilaterally. Specifically, no evidence of focal consolidation, pneumothorax, or pleural effusion. Stable small right basilar calcified granuloma. Cardio mediastinal silhouette is unremarkable. Visualized osseous structures of the thorax are without acute abnormality.",No acute cardiopulmonary abnormality.,/home/20213144/.cache/kagglehub/datasets/raddar/chest-xrays-indiana-university/versions/2/images/images_normalized/400_IM-2050-1001.dcm.png,"Findings: The chest X-ray shows bilateral hilar prominence, which is an enlargement or increased visibility of the hilum on both sides of the lungs.","Findings: The chest X-ray shows bilateral hilar prominence, which is an enlargement or increased visibility of the hilum on both sides of the lungs.",0.0,0.0,0.0,0.42862715808253476,0.5,0.030555555555555555,0.0,0.14864864864864866,0.9126984126984127,0.030555555555555555,0.0,0.0,0.0,0.42862715808253476,0.403125,0.05555555555555555,0.0,0.1342281879194631,0.9375,0.05555555555555555
401,401_IM-2051-1001.dcm.png,Frontal,"Costophrenic Angle/left/blunted;Opacity/lung/interstitial;Lung Diseases, Interstitial/diffuse;Pleural Effusion","Costophrenic Angle;Opacity;Lung Diseases, Interstitial;Pleural Effusion",PA and lateral views of the chest ,Chest pain,"XXXX, XXXX",Mediastinal contours are normal. Blunting of the left costophrenic XXXX. Increased interstitial opacities.. There is no pneumothorax or large pleural effusion.,Diffuse interstitial lung disease with pleural effusion.,/home/20213144/.cache/kagglehub/datasets/raddar/chest-xrays-indiana-university/versions/2/images/images_normalized/401_IM-2051-1001.dcm.png,"Radiology Report:

Chest X-ray:

Findings:
The chest X-ray shows multiple pulmonary nodules, which are small, round growths or abnormalities in the lung tissue. These nodules are visible in the image.

Impression:
The presence of multiple pulmonary nodules in the chest X-ray may suggest an underlying lung condition or disease. Further evaluation and tests will be needed to determine the exact cause and appropriate treatment for these nodules. It is important to consult a healthcare professional for a thorough assessment and proper diagnosis of the underlying condition.","Radiology Report:

Chest X-ray:

Findings:
The chest X-ray shows multiple pulmonary nodules, which are small, round growths or abnormalities in the lung tissue. These nodules are visible in the image.

Impression:
The presence of multiple pulmonary nodules in the chest X-ray may suggest an underlying lung condition or disease. Further evaluation and tests will be needed to determine the exact cause and appropriate treatment for these nodules. It is important to consult a healthcare professional for a thorough assessment and proper diagnosis of the underlying condition.",0.07142857142857142,0.06896551724137931,0.0625,0.43938218073938456,0.5,0.030555555555555555,0.0,0.14864864864864866,0.9126984126984127,0.030555555555555555,0.07142857142857142,0.06896551724137931,0.0625,0.43938218073938456,0.403125,0.05555555555555555,0.0,0.1342281879194631,0.9375,0.05555555555555555
402,402_IM-2051-1001.dcm.png,Frontal,No Indexing,No Indexing," CHEST 2V FRONTAL/LATERAL XXXX, XXXX XXXX PM ",cp,"XXXX, XXXX.",The heart and lungs have XXXX XXXX in the interval. Both lungs are clear and expanded. Heart and mediastinum normal.,No active disease.,/home/20213144/.cache/kagglehub/datasets/raddar/chest-xrays-indiana-university/versions/2/images/images_normalized/402_IM-2051-1001.dcm.png,"Findings: The chest X-ray shows bilateral hilar prominence, which is an enlargement or increased visibility of the hilum on both sides of the lungs.","Findings: The chest X-ray shows bilateral hilar prominence, which is an enlargement or increased visibility of the hilum on both sides of the lungs.",0.0,0.0,0.0,0.3914685080572582,0.5,0.030555555555555555,0.0,0.14864864864864866,0.9126984126984127,0.030555555555555555,0.0,0.0,0.0,0.3914685080572582,0.403125,0.05555555555555555,0.0,0.1342281879194631,0.9375,0.05555555555555555
403,403_IM-2052-2001.dcm.png,Frontal,"Fractures, Bone/ribs/right/multiple/healed","Fractures, Bone",PA and lateral views of the chest. ,XXXX-year-old female with chest pain.,Portable chest from XXXX.,Heart size within normal limits. No focal airspace disease. No pneumothorax. No effusions. Multiple old right-sided rib fractures again noted.,No acute cardiopulmonary findings.,/home/20213144/.cache/kagglehub/datasets/raddar/chest-xrays-indiana-university/versions/2/images/images_normalized/403_IM-2052-2001.dcm.png,"Findings: The chest X-ray shows bilateral hilar prominence, which is an enlargement or increased visibility of the hilum on both sides of the lungs.",Findings: The chest X-ray shows bilateral hilar prominence and a left-sided pleural effusion.,0.0,0.0,0.0,0.29098943171700337,0.5,0.030555555555555555,0.0,0.14864864864864866,0.9126984126984127,0.030555555555555555,0.0,0.0,0.0,0.36744327834444757,0.403125,0.05555555555555555,0.0,0.1342281879194631,0.9375,0.05555555555555555
404,404_IM-2052-1001.dcm.png,Frontal,Foreign Bodies/abdomen;Technical Quality of Image Unsatisfactory ,Foreign Bodies;Technical Quality of Image Unsatisfactory ,PA and lateral views of the chest dated XXXX. ,"XXXX-year-old male, chest pain.",,Artifact in the region of the central upper abdomen. No focal areas of consolidation. No pleural effusions. No evidence of pneumothorax. Heart size within normal limits. Osseous structures intact.,Limited exam secondary to artifact within the upper abdomen (this does not represent free intra-abdominal XXXX). Recommend repeat chest x-XXXX.,/home/20213144/.cache/kagglehub/datasets/raddar/chest-xrays-indiana-university/versions/2/images/images_normalized/404_IM-2052-1001.dcm.png,"Findings: The chest X-ray shows bilateral hilar prominence, which is an enlargement or increased visibility of the hilum on both sides of the lungs.","Findings: The chest X-ray shows bilateral hilar lymphadenopathy, which means there is enlargement of the lymph nodes in the hilar region of both lungs.",0.0,0.0,0.0,0.3663144384412636,0.5,0.030555555555555555,0.0,0.14864864864864866,0.9126984126984127,0.030555555555555555,0.0,0.0,0.0,0.32134957594132885,0.403125,0.05555555555555555,0.0,0.1342281879194631,0.9375,0.05555555555555555
405,405_IM-2053-1001.dcm.png,Frontal,Technical Quality of Image Unsatisfactory ;Lung/hypoinflation,Technical Quality of Image Unsatisfactory ;Lung,2 views of the Chest XXXX/11. ,Shortness of breath,None.,"Rotated with low lung volumes. Question left atrial enlargement, XXXX appreciated on lateral view. There is no focal consolidation. There are no XXXX of a large pleural effusion. There is no pneumothorax. There is no acute bony abnormality seen.","Question left atrial enlargement, XXXX appreciated on lateral view. Clear lungs.",/home/20213144/.cache/kagglehub/datasets/raddar/chest-xrays-indiana-university/versions/2/images/images_normalized/405_IM-2053-1001.dcm.png,"Findings: The chest X-ray shows bilateral hilar prominence, which is an enlargement or increased visibility of the hilum on both sides of the lungs.","Findings: The chest X-ray shows bilateral hilar prominence, which is an enlargement or increased visibility of the hilum on both sides of the lungs.",0.07692307692307691,0.07692307692307691,0.0,0.4663454291805014,0.5,0.030555555555555555,0.0,0.14864864864864866,0.9126984126984127,0.030555555555555555,0.07692307692307691,0.07692307692307691,0.0,0.4663454291805014,0.403125,0.05555555555555555,0.0,0.1342281879194631,0.9375,0.05555555555555555
406,406_IM-2054-1001.dcm.png,Frontal,Calcinosis/lung/hilum/right;Granulomatous Disease/chronic;Nodule/lung/hilum/right,Calcinosis;Granulomatous Disease;Nodule,Chest XXXX and lateral ,XXXX-year-old female with rib injury.,None available.,"Heart size normal. No pneumothorax, large pleural effusion, or focal airspace disease. Bony structures appear intact. Calcified right hilar nodules consistent with chronic granulomatous disease.",No acute cardiopulmonary abnormality.,/home/20213144/.cache/kagglehub/datasets/raddar/chest-xrays-indiana-university/versions/2/images/images_normalized/406_IM-2054-1001.dcm.png,"Findings: The chest X-ray shows bilateral hilar prominence, which is an enlargement or increased visibility of the hilum on both sides of the lungs.","Findings: The chest X-ray shows a homogenous opacity in the right hemithorax. This means that there is an area of increased density in the right side of the chest cavity, which could be due to various reasons such as fluid accumulation, infection, or a mass.",0.06896551724137931,0.06896551724137931,0.06896551724137931,0.3746381962317807,0.5,0.030555555555555555,0.0,0.14864864864864866,0.9126984126984127,0.030555555555555555,0.0,0.0,0.0,0.32922991157513376,0.403125,0.05555555555555555,0.0,0.1342281879194631,0.9375,0.05555555555555555
407,407_IM-2054-1001.dcm.png,Frontal,normal,normal,"PA and lateral views of the chest XXXX, XXXX XXXX PM ",STAB,,Lungs are clear. No pleural effusions or pneumothoraces. Heart and mediastinum of normal size and contour.,Clear lungs.,/home/20213144/.cache/kagglehub/datasets/raddar/chest-xrays-indiana-university/versions/2/images/images_normalized/407_IM-2054-1001.dcm.png,"Findings: The chest X-ray shows bilateral hilar prominence, which is an enlargement or increased visibility of the hilum on both sides of the lungs.","Findings: The chest X-ray shows bilateral hilar prominence, which is an enlargement or increased visibility of the hilum on both sides of the lungs.",0.0,0.0,0.0,0.5128597679525448,0.5,0.030555555555555555,0.0,0.14864864864864866,0.9126984126984127,0.030555555555555555,0.0,0.0,0.0,0.5128597679525448,0.403125,0.05555555555555555,0.0,0.1342281879194631,0.9375,0.05555555555555555
408,408_IM-2054-1001.dcm.png,Frontal,Lung/hypoinflation;Pleural Effusion/bilateral/small,Lung;Pleural Effusion,Xray Chest PA and Lateral,,None Indication Cirrhosis Evaluate pre liver transplant,The heart is normal in size. The mediastinum is unremarkable. The lungs are hypoinflated. Small bilateral pleural effusions are seen.,Small bilateral pleural effusions.,/home/20213144/.cache/kagglehub/datasets/raddar/chest-xrays-indiana-university/versions/2/images/images_normalized/408_IM-2054-1001.dcm.png,"Findings: The chest X-ray shows bilateral hilar prominence, which is an enlargement or increased visibility of the hilum on both sides of the lungs.","Findings: The chest X-ray shows bilateral hilar prominence, which is an enlargement or increased visibility of the hilum on both sides of the lungs.",0.11764705882352942,0.11764705882352942,0.0,0.45882778575625466,0.5,0.030555555555555555,0.0,0.14864864864864866,0.9126984126984127,0.030555555555555555,0.11764705882352942,0.11764705882352942,0.0,0.45882778575625466,0.403125,0.05555555555555555,0.0,0.1342281879194631,0.9375,0.05555555555555555
409,409_IM-2055-2001.dcm.png,Frontal,Opacity/lung/interstitial;Pulmonary Fibrosis;Calcified Granuloma/lung/hilum/bilateral;Calcified Granuloma/paratracheal;Markings/lung/bilateral/interstitial,Opacity;Pulmonary Fibrosis;Calcified Granuloma;Calcified Granuloma;Markings,Xray Chest PA and Lateral,The patient is a XXXX-year-old female with XXXX.,,"Redemonstration of interstitial opacities, consistent with patient's history of pulmonary fibrosis. Unchanged calcified granulomas at the left greater than right hilum, and in the pretracheal region. No pneumothorax, pleural effusion or focal airspace consolidation. Cardiomediastinal size is the upper limits of normal. Pulmonary vasculature is normal . XXXX XXXX intact.","Interstitial markings bilaterally, pulmonary fibrosis, unchanged. .",/home/20213144/.cache/kagglehub/datasets/raddar/chest-xrays-indiana-university/versions/2/images/images_normalized/409_IM-2055-2001.dcm.png,"Findings: The chest X-ray shows bilateral hilar prominence, which is an enlargement or increased visibility of the hilum on both sides of the lungs.",Findings: The chest X-ray shows bilateral hilar prominence and a left-sided pleural effusion.,0.06060606060606061,0.06060606060606061,0.05405405405405405,0.4734336237926342,0.5,0.030555555555555555,0.0,0.14864864864864866,0.9126984126984127,0.030555555555555555,0.06060606060606061,0.06060606060606061,0.05405405405405405,0.4306907473848032,0.403125,0.05555555555555555,0.0,0.1342281879194631,0.9375,0.05555555555555555
410,410_IM-2056-1002.dcm.png,Frontal,Scoliosis/thoracic vertebrae/left/mild;Shoulder/right/prominent/mild,Scoliosis;Shoulder,PA and lateral views of chest performed XXXX/XXXX at XXXX. ,XXXX-year-old with a XXXX.,None.,The heart and mediastinum are unremarkable. The lungs are clear without infiltrate. There is no effusion or pneumothorax. There is a mild levoscoliosis of the thoracic spine. There is mild widening of the right acromioclavicular joint which may be postsurgical or posttraumatic in XXXX.,1. No acute cardiopulmonary disease.,/home/20213144/.cache/kagglehub/datasets/raddar/chest-xrays-indiana-university/versions/2/images/images_normalized/410_IM-2056-1002.dcm.png,Findings: The chest X-ray shows hyperinflation of the right lung.,"Findings: The chest X-ray shows bilateral hilar prominence, which is an enlargement or increased visibility of the hilum on both sides of the lungs.",0.0,0.0,0.0,0.3764967814688994,0.5,0.030555555555555555,0.0,0.14864864864864866,0.9126984126984127,0.030555555555555555,0.0,0.0,0.0,0.40390408200454986,0.403125,0.05555555555555555,0.0,0.1342281879194631,0.9375,0.05555555555555555
411,411_IM-2056-1001.dcm.png,Frontal,Opacity/lung/base/left/patchy/mild;Arthritis;Pulmonary Atelectasis/base/left;Cicatrix/lung/base/left/chronic,Opacity;Arthritis;Pulmonary Atelectasis;Cicatrix,Xray Chest PA and Lateral,Frequent XXXX. History emphysema.,,There is some minimal patchy opacity in left base which may represent atelectasis or scarring. The lungs are otherwise clear. The heart and mediastinum are normal for age. There is some arthritic changes of the skeletal structures and there has been previous rotator XXXX repair on the right.,Minimal left basilar opacity most XXXX representing atelectasis or chronic scarring.,/home/20213144/.cache/kagglehub/datasets/raddar/chest-xrays-indiana-university/versions/2/images/images_normalized/411_IM-2056-1001.dcm.png,"Findings: The chest X-ray shows bilateral hilar prominence, which is an enlargement or increased visibility of the hilum on both sides of the lungs.",Findings: The chest X-ray shows bilateral hilar prominence and a left-sided pleural effusion.,0.0,0.0,0.0,0.41545778785047216,0.5,0.030555555555555555,0.0,0.14864864864864866,0.9126984126984127,0.030555555555555555,0.0,0.0,0.0,0.37445427165595374,0.403125,0.05555555555555555,0.0,0.1342281879194631,0.9375,0.05555555555555555
412,412_IM-2056-2001.dcm.png,Frontal,Pulmonary Emphysema/bilateral;Pulmonary Fibrosis/lower lobe/bilateral;Thoracic Vertebrae/degenerative;Opacity/lung/lower lobe/right;Nodule/lung/lower lobe/right;Deformity/ribs/right/posterior,Pulmonary Emphysema;Pulmonary Fibrosis;Thoracic Vertebrae;Opacity;Nodule;Deformity,PA lateral views of the chest dated XXXX. ,"XXXX-year-old female, hypoxia.",PA lateral views of the chest dated XXXX.,"Bilateral emphysematous again noted and lower lobe fibrotic changes. Postsurgical changes of the chest including CABG procedure, stable. Stable valve artifact. There are no focal areas of consolidation. No large pleural effusions. No evidence of pneumothorax. Degenerative changes noted of the visualized thoracic spine. Nodular right lower lobe opacity, XXXX nipple XXXX. Contour abnormality of the posterior aspect of the right 7th rib again noted, stable.",1. No acute cardiopulmonary abnormality. 2. Stable bilateral emphysematous and lower lobe fibrotic changes.,/home/20213144/.cache/kagglehub/datasets/raddar/chest-xrays-indiana-university/versions/2/images/images_normalized/412_IM-2056-2001.dcm.png,"Findings: The chest X-ray shows bilateral hilar prominence, which is an enlargement or increased visibility of the hilum on both sides of the lungs.","Findings: The chest X-ray shows bilateral hilar prominence, which is an enlargement or increased visibility of the hilum on both sides of the lungs.",0.05263157894736842,0.0,0.0,0.461170014131562,0.5,0.030555555555555555,0.0,0.14864864864864866,0.9126984126984127,0.030555555555555555,0.05263157894736842,0.0,0.0,0.461170014131562,0.403125,0.05555555555555555,0.0,0.1342281879194631,0.9375,0.05555555555555555
413,413_IM-2056-1001.dcm.png,Frontal,normal,normal," PA and lateral chest XXXX, XXXX at XXXX comparison XXXX. ",tuberculosis +PPD,,,Heart size is normal and lungs are clear. No evidence of tuberculosis,/home/20213144/.cache/kagglehub/datasets/raddar/chest-xrays-indiana-university/versions/2/images/images_normalized/413_IM-2056-1001.dcm.png,"Findings: The chest X-ray shows hyperinflation of the lungs, which means that the lungs appear larger than normal. This can be a sign of various conditions, such as chronic obstructive pulmonary disease (COPD), asthma, or other respiratory issues.",Findings: The chest X-ray shows bilateral hilar prominence and a left-sided pleural effusion.,0.25,0.25,0.125,0.49137756422596307,0.5,0.030555555555555555,0.0,0.14864864864864866,0.9126984126984127,0.030555555555555555,0.0,0.0,0.0,0.2883687082684222,0.403125,0.05555555555555555,0.0,0.1342281879194631,0.9375,0.05555555555555555
414,414_IM-2057-1001.dcm.png,Frontal,Scoliosis/lumbar vertebrae/right/mild;Spine/degenerative/multiple;Scoliosis/thoracic vertebrae/right/mild,Scoliosis;Spine;Scoliosis,Xray Chest PA and Lateral,Chest pain,"XXXX, XXXX",Normal heart size. Clear lungs. Multilevel degenerative disc disease with mild dextrocurvature near the thoracolumbar junction.,No acute process.,/home/20213144/.cache/kagglehub/datasets/raddar/chest-xrays-indiana-university/versions/2/images/images_normalized/414_IM-2057-1001.dcm.png,"Findings: The chest X-ray shows bilateral hilar prominence, which is an enlargement or increased visibility of the hilum on both sides of the lungs.","Findings: The chest X-ray shows bilateral hilar lymphadenopathy, which means there is enlargement of the lymph nodes in the region where the bronchi enter the lungs.",0.0,0.0,0.0,0.38266645687010215,0.5,0.030555555555555555,0.0,0.14864864864864866,0.9126984126984127,0.030555555555555555,0.0,0.0,0.0,0.2672834117313544,0.403125,0.05555555555555555,0.0,0.1342281879194631,0.9375,0.05555555555555555
415,415_IM-2058-2002.dcm.png,Frontal,Breast Implants/bilateral,Breast Implants,Xray Chest PA and Lateral,,"None ,786.2 XXXX",The heart is normal in size. The mediastinum is unremarkable. The lungs are grossly clear. Bilateral breast prostheses are noted.,No acute disease.,/home/20213144/.cache/kagglehub/datasets/raddar/chest-xrays-indiana-university/versions/2/images/images_normalized/415_IM-2058-2002.dcm.png,"Findings: The chest X-ray shows bilateral hilar prominence, which is an enlargement or increased visibility of the hilum on both sides of the lungs.","Findings: The chest X-ray shows bilateral hilar prominence, which is an enlargement or increased visibility of the hilum on both sides of the lungs.",0.0,0.0,0.0,0.3997758964095925,0.5,0.030555555555555555,0.0,0.14864864864864866,0.9126984126984127,0.030555555555555555,0.0,0.0,0.0,0.3997758964095925,0.403125,0.05555555555555555,0.0,0.1342281879194631,0.9375,0.05555555555555555
416,416_IM-2059-1001.dcm.png,Frontal,normal,normal,Xray Chest PA and Lateral,"XXXX-year-old female, XXXX",,"Heart size within normal limits, stable mediastinal and hilar contours. No focal alveolar consolidation, no definite pleural effusion seen. No typical findings of pulmonary edema.",No acute findings,/home/20213144/.cache/kagglehub/datasets/raddar/chest-xrays-indiana-university/versions/2/images/images_normalized/416_IM-2059-1001.dcm.png,Findings: The chest X-ray shows bilateral hilar prominence and a left-sided pleural effusion.,Findings: The chest X-ray shows bilateral hilar prominence and a left-sided pleural effusion.,0.1739130434782609,0.1739130434782609,0.16,0.4223403034812759,0.5,0.030555555555555555,0.0,0.14864864864864866,0.9126984126984127,0.030555555555555555,0.1739130434782609,0.1739130434782609,0.16,0.4223403034812759,0.403125,0.05555555555555555,0.0,0.1342281879194631,0.9375,0.05555555555555555
417,417_IM-2060-1001.dcm.png,Frontal,Calcified Granuloma,Calcified Granuloma,Chest X XXXX 2 XXXX PA and lateral ,"The patient is a XXXX-year-old female scheduled for right breast surgery, for XXXX cancer diagnosis. History of XXXX.",XXXX,"Stable calcified granulomas. The trachea is midline. Negative for pneumothorax, pleural effusion or focal airspace consolidation. The heart size is normal.",1. No acute cardiopulmonary abnormality.,/home/20213144/.cache/kagglehub/datasets/raddar/chest-xrays-indiana-university/versions/2/images/images_normalized/417_IM-2060-1001.dcm.png,Findings: The chest X-ray shows bilateral hilar prominence and a left-sided pleural effusion.,Findings: The chest X-ray shows bilateral hilar prominence and a left-sided pleural effusion.,0.08695652173913045,0.08695652173913045,0.08695652173913045,0.35972273783598163,0.5,0.030555555555555555,0.0,0.14864864864864866,0.9126984126984127,0.030555555555555555,0.08695652173913045,0.08695652173913045,0.08695652173913045,0.35972273783598163,0.403125,0.05555555555555555,0.0,0.1342281879194631,0.9375,0.05555555555555555
418,418_IM-2061-2001.dcm.png,Frontal,Cardiac Shadow/enlarged;Surgical Instruments;Density/lung/base/left;Cicatrix/lung/base/left;Pulmonary Atelectasis/base/left/chronic;Calcinosis/lung/hilum/right,Cardiac Shadow;Surgical Instruments;Density;Cicatrix;Pulmonary Atelectasis;Calcinosis,Xray Chest PA and Lateral,"XXXX-year-old male, chest pain",,"Stable enlargement of the cardiac silhouette, stable mediastinal and hilar contours, surgical clips and CABG markers. Stable XXXX densities in the left base compatible with scarring or chronic subsegmental atelectasis. No focal alveolar consolidation, no definite pleural effusion seen. Right hilar calcifications suggest a previous granulomatous process. No typical findings of pulmonary edema.",No acute findings,/home/20213144/.cache/kagglehub/datasets/raddar/chest-xrays-indiana-university/versions/2/images/images_normalized/418_IM-2061-2001.dcm.png,Findings: The chest X-ray shows bilateral hilar prominence and a left-sided pleural effusion.,Findings: The chest X-ray shows bilateral hilar prominence and a left-sided pleural effusion.,0.1111111111111111,0.1111111111111111,0.09756097560975609,0.4760167266482899,0.5,0.030555555555555555,0.0,0.14864864864864866,0.9126984126984127,0.030555555555555555,0.1111111111111111,0.1111111111111111,0.09756097560975609,0.4760167266482899,0.403125,0.05555555555555555,0.0,0.1342281879194631,0.9375,0.05555555555555555
419,419_IM-2062-1001.dcm.png,Frontal,normal,normal,"Chest, 2 views, frontal and lateral",Preop bariatric surgery.,"XXXX, XXXX",Cardiac and mediastinal contours are within normal limits. The lungs are clear. Bony structures are intact.,No acute preoperative findings.,/home/20213144/.cache/kagglehub/datasets/raddar/chest-xrays-indiana-university/versions/2/images/images_normalized/419_IM-2062-1001.dcm.png,"Findings: The chest X-ray shows bilateral hilar prominence, which is an enlargement or increased visibility of the hilum on both sides of the lungs.","Findings: The chest X-ray shows cardiomegaly, which is an enlargement of the heart.",0.0,0.0,0.0,0.3955818925677924,0.5,0.030555555555555555,0.0,0.14864864864864866,0.9126984126984127,0.030555555555555555,0.0,0.0,0.0,0.28973256435149475,0.403125,0.05555555555555555,0.0,0.1342281879194631,0.9375,0.05555555555555555
420,420_IM-2064-1001.dcm.png,Frontal,Density/lung/middle lobe/right,Density,PA and lateral views of the chest ,Chest pain.,None.,"Mediastinal contours are within normal limits. Heart size is within normal limits. No focal consolidation, pneumothorax or pleural effusion. No bony abnormality. Vague density in right mid lung, XXXX related to scapular tip and superimposed ribs. Not visualized on lateral exam.","1. Vague density in right XXXX, XXXX related to scapular tip and superimposed ribs. Consider oblique images to exclude true nodule. 2. No acute cardiopulmonary abnormality.",/home/20213144/.cache/kagglehub/datasets/raddar/chest-xrays-indiana-university/versions/2/images/images_normalized/420_IM-2064-1001.dcm.png,"Findings: The chest X-ray shows bilateral hilar prominence, which is an enlargement or increased visibility of the hilum on both sides of the lungs.","Findings: The chest X-ray shows bilateral hilar prominence, which is an enlargement or increased visibility of the hilum on both sides of the lungs.",0.0,0.0,0.0,0.40366705252897195,0.5,0.030555555555555555,0.0,0.14864864864864866,0.9126984126984127,0.030555555555555555,0.0,0.0,0.0,0.40366705252897195,0.403125,0.05555555555555555,0.0,0.1342281879194631,0.9375,0.05555555555555555
421,421_IM-2064-1001.dcm.png,Frontal,normal,normal,"Chest x-XXXX XXXX and lateral, XXXX. ",XXXX-year-old female with chest pain,"Chest x-XXXX, XXXX","Lungs are clear without focal consolidation, effusion, or pneumothorax. Normal heart size. Bony thorax and soft tissues grossly unremarkable. Negative for pneumoperitoneum.",Negative for acute cardiopulmonary abnormality.,/home/20213144/.cache/kagglehub/datasets/raddar/chest-xrays-indiana-university/versions/2/images/images_normalized/421_IM-2064-1001.dcm.png,"Findings: The chest X-ray shows hyperinflation of the lungs, which means that the lungs appear larger than normal. This can be a sign of various conditions, such as chronic obstructive pulmonary disease (COPD), asthma, or other respiratory issues.","Findings: The chest X-ray shows bilateral hilar prominence, which is an enlargement or increased visibility of the hilum on both sides of the lungs.",0.0,0.0,0.0,0.5636672462174622,0.5,0.030555555555555555,0.0,0.14864864864864866,0.9126984126984127,0.030555555555555555,0.0,0.0,0.0,0.42527799876268496,0.403125,0.05555555555555555,0.0,0.1342281879194631,0.9375,0.05555555555555555
422,422_IM-2065-5001.dcm.png,Frontal,Calcified Granuloma/lung/left,Calcified Granuloma,Xray Chest PA and Lateral,ASTHMA; Pt to have hip decompression surgery.,No comparison chest x-XXXX.,,Calcified granuloma periphery left lung. Well-expanded and clear lungs. Mediastinal contour within normal limits. No acute cardiopulmonary abnormality identified.,/home/20213144/.cache/kagglehub/datasets/raddar/chest-xrays-indiana-university/versions/2/images/images_normalized/422_IM-2065-5001.dcm.png,"Findings: The chest X-ray shows bilateral hilar prominence, which is an enlargement or increased visibility of the hilum on both sides of the lungs.","Findings: The chest X-ray shows bilateral hilar prominence, which is an enlargement or increased visibility of the hilum on both sides of the lungs.",0.0,0.0,0.0,0.47826160809275764,0.5,0.030555555555555555,0.0,0.14864864864864866,0.9126984126984127,0.030555555555555555,0.0,0.0,0.0,0.47826160809275764,0.403125,0.05555555555555555,0.0,0.1342281879194631,0.9375,0.05555555555555555
423,423_IM-2066-0001-0003.dcm.png,Frontal,"Lung/hypoinflation;Pleural Effusion/bilateral/large;Pulmonary Atelectasis/base/bilateral;Airspace Disease/lung/base/bilateral;Catheters, Indwelling/left;Tube, Inserted;Lucency/diaphragm/left;Pneumoperitoneum","Lung;Pleural Effusion;Pulmonary Atelectasis;Airspace Disease;Catheters, Indwelling;Tube, Inserted;Lucency;Pneumoperitoneum",Xray Chest PA and Lateral,XXXX-year-old male with shortness of breath.,"Portable chest XXXX, XXXX.","There is a left subphrenic crescentic lucency, this is concerning for pneumoperitoneum. There are low lung volumes and bilateral moderate to large pleural effusions with bibasilar atelectasis/airspace disease that are larger in size in comparison to the prior exam. No pneumothorax. Heart size upper limits of normal. The left central venous catheter tip overlies the lower SVC. The feeding tube has been placed in the interval and extends below the diaphragm and below the XXXX-of-view.",1. Concern for left subphrenic free air. Verification with abdominal decubitus views is recommended for further evaluation. 2. Interval increase in size of the moderate to large bilateral pleural effusions with bibasilar atelectasis/airspace disease. 3. Left central venous catheter in unchanged position. 4. Interval placement of feeding tube the courses beneath the diaphragm and out of the XXXX-of-view.,/home/20213144/.cache/kagglehub/datasets/raddar/chest-xrays-indiana-university/versions/2/images/images_normalized/423_IM-2066-0001-0003.dcm.png,"Findings: The chest X-ray shows bilateral diffuse reticular opacities. Reticular opacities are a pattern of interlacing lines that can be seen in the lung fields, and they may indicate various lung conditions, such as infections, interstitial lung diseases, or other pulmonary disorders.","Findings: The chest X-ray shows bilateral diffuse reticular opacities. Reticular opacities are a pattern of interlacing lines that can be seen in the lung fields, and they may indicate various lung conditions, such as infections, interstitial lung diseases, or other pulmonary abnormalities.",0.08333333333333333,0.0392156862745098,0.03571428571428572,0.4208302718438188,0.5,0.030555555555555555,0.0,0.14864864864864866,0.9126984126984127,0.030555555555555555,0.08333333333333333,0.0392156862745098,0.03571428571428572,0.42317660679311786,0.403125,0.05555555555555555,0.0,0.1342281879194631,0.9375,0.05555555555555555
425,425_IM-2068-1001.dcm.png,Frontal,normal,normal,Chest x-XXXX XXXX ,Chest pain.,XXXX,Lungs are clear. There is no pneumothorax or pleural effusion. The heart and mediastinum are within normal limits. Bony structures are intact.,No acute cardiopulmonary process.,/home/20213144/.cache/kagglehub/datasets/raddar/chest-xrays-indiana-university/versions/2/images/images_normalized/425_IM-2068-1001.dcm.png,"Findings: The chest X-ray shows bilateral hilar prominence, which is an enlargement or increased visibility of the hilum on both sides of the lungs.","Findings: The chest X-ray shows bilateral hilar prominence, which is an enlargement or increased visibility of the hilum on both sides of the lungs.",0.0,0.0,0.0,0.41669172294193474,0.5,0.030555555555555555,0.0,0.14864864864864866,0.9126984126984127,0.030555555555555555,0.0,0.0,0.0,0.41669172294193474,0.403125,0.05555555555555555,0.0,0.1342281879194631,0.9375,0.05555555555555555
426,426_IM-2069-4004.dcm.png,Frontal,"Aorta, Thoracic/tortuous;Spine/degenerative","Aorta, Thoracic;Spine",Xray Chest PA and Lateral,Pain.,None.,Normal heart size. Tortuosity of the thoracic aorta. The lungs are free of any focal airspace disease. There is no pneumothorax or pleural effusion. Degenerative changes are present in the spine.,No acute cardiopulmonary process. .,/home/20213144/.cache/kagglehub/datasets/raddar/chest-xrays-indiana-university/versions/2/images/images_normalized/426_IM-2069-4004.dcm.png,"Findings: The chest X-ray shows bilateral hilar prominence, which is an enlargement or increased visibility of the hilum on both sides of the lungs.","Findings: The chest X-ray shows bilateral hilar prominence, which is an enlargement or increased visibility of the hilum on both sides of the lungs.",0.0,0.0,0.0,0.44071937143357337,0.5,0.030555555555555555,0.0,0.14864864864864866,0.9126984126984127,0.030555555555555555,0.0,0.0,0.0,0.44071937143357337,0.403125,0.05555555555555555,0.0,0.1342281879194631,0.9375,0.05555555555555555
427,427_IM-2070-1001.dcm.png,Frontal,normal,normal,PA and lateral chest x-XXXX XXXX at XXXX hours. ,XXXX,None available,"The cardiomediastinal silhouette is within normal limits for size and contour. The lungs are normally inflated without evidence of focal airspace disease, pleural effusion, or pneumothorax. Osseous structures are within normal limits for patient age..",1. No acute radiographic cardiopulmonary process.,/home/20213144/.cache/kagglehub/datasets/raddar/chest-xrays-indiana-university/versions/2/images/images_normalized/427_IM-2070-1001.dcm.png,"Findings: The chest X-ray shows bilateral hilar prominence, which is an enlargement or increased visibility of the hilum on both sides of the lungs.","Findings: The chest X-ray shows a homogenous opacity in the right hemithorax. This means that there is an area of increased density in the right side of the chest, which could be due to various reasons such as fluid accumulation, infection, or a mass.

Impression: The presence of a homogenous opacity in the right hemithorax may indicate an underlying issue that requires further investigation. It is important to consider the patient's clinical history and symptoms, as well as consult a healthcare professional for a thorough evaluation and proper diagnosis of the underlying cause of these findings.",0.0,0.0,0.0,0.4116433227338398,0.5,0.030555555555555555,0.0,0.14864864864864866,0.9126984126984127,0.030555555555555555,0.0,0.0,0.0,0.375592944267845,0.403125,0.05555555555555555,0.0,0.1342281879194631,0.9375,0.05555555555555555
428,428_IM-2070-1001.dcm.png,Frontal,normal,normal,"CHEST 2V FRONTAL/LATERAL Sept 15, XXXX XXXX XXXX ",remote h/o POS PPD,chest x-XXXX and lateral from XXXX.,"The trachea is midline. The cardiomediastinal silhouette is normal. The lungs are clear, without evidence of acute infiltrate or effusion. There is no evidence of tuberculous disease. There is no pneumothorax. Visualized bony structures reveal no acute abnormalities.",No acute cardiopulmonary abnormalities.,/home/20213144/.cache/kagglehub/datasets/raddar/chest-xrays-indiana-university/versions/2/images/images_normalized/428_IM-2070-1001.dcm.png,"Findings: The chest X-ray shows bilateral hilar prominence, which is an enlargement or increased visibility of the hilum on both sides of the lungs.","Findings: The chest X-ray shows bilateral hilar prominence, which is an enlargement or increased visibility of the hilum on both sides of the lungs.",0.0,0.0,0.0,0.4181052240880868,0.5,0.030555555555555555,0.0,0.14864864864864866,0.9126984126984127,0.030555555555555555,0.0,0.0,0.0,0.4181052240880868,0.403125,0.05555555555555555,0.0,0.1342281879194631,0.9375,0.05555555555555555
